# AUTO-GENERATED by tools/make-logo-model.mjs — edit the script, not this file.
# Y up (OBJ convention): ModelDoc turns (x, y, z) into Source (z, x, y), so this is Source (y, z, x).
o letters
v -103.69 15.897 8
v -101.881 16.122 8
v -100.495 16.497 8
v -99.533 17.022 8
v -98.329 18.367 8
v -97.719 20 8
v -93.503 43.911 8
v -93.539 45.533 8
v -94.274 46.844 8
v -95.055 47.35 8
v -96.311 47.711 8
v -98.042 47.928 8
v -100.248 48 8
v -102.445 47.928 8
v -104.233 47.711 8
v -105.613 47.35 8
v -106.586 46.844 8
v -107.817 45.533 8
v -108.436 43.911 8
v -112.652 20 8
v -112.607 18.367 8
v -111.844 17.022 8
v -111.053 16.497 8
v -109.803 16.122 8
v -108.092 15.897 8
v -105.922 15.822 8
v -107.763 19.888 8
v -108.591 19.997 8
v -104.563 42.841 8
v -104.361 43.37 8
v -104.146 43.599 8
v -103.483 43.773 8
v -102.138 43.936 8
v -100.247 43.998 8
v -98.357 43.936 8
v -97.577 43.838 8
v -101.594 21.057 8
v -101.812 20.473 8
v -102.035 20.224 8
v -102.656 20.056 8
v -103.998 19.889 8
v -105.918 19.825 8
v -103.69 15.897 -8
v -101.881 16.122 -8
v -100.495 16.497 -8
v -99.533 17.022 -8
v -98.329 18.367 -8
v -97.719 20 -8
v -93.503 43.911 -8
v -93.539 45.533 -8
v -94.274 46.844 -8
v -95.055 47.35 -8
v -96.311 47.711 -8
v -98.042 47.928 -8
v -100.248 48 -8
v -102.445 47.928 -8
v -104.233 47.711 -8
v -105.613 47.35 -8
v -106.586 46.844 -8
v -107.817 45.533 -8
v -108.436 43.911 -8
v -112.652 20 -8
v -112.607 18.367 -8
v -111.844 17.022 -8
v -111.053 16.497 -8
v -109.803 16.122 -8
v -108.092 15.897 -8
v -105.922 15.822 -8
v -107.763 19.888 -8
v -108.591 19.997 -8
v -104.563 42.841 -8
v -104.361 43.37 -8
v -104.146 43.599 -8
v -103.483 43.773 -8
v -102.138 43.936 -8
v -100.247 43.998 -8
v -98.357 43.936 -8
v -97.577 43.838 -8
v -101.594 21.057 -8
v -101.812 20.473 -8
v -102.035 20.224 -8
v -102.656 20.056 -8
v -103.998 19.889 -8
v -105.918 19.825 -8
v -106.571 -5.307 8
v -106.474 -5.304 8
v -104.255 -5.225 8
v -104.149 -5.22 8
v -102.043 -5.089 8
v -101.922 -5.08 8
v -99.927 -4.895 8
v -99.798 -4.881 8
v -97.916 -4.645 8
v -97.767 -4.623 8
v -95.997 -4.333 8
v -95.835 -4.303 8
v -94.178 -3.961 8
v -93.981 -3.916 8
v -91.825 -3.356 8
v -91.589 -3.286 8
v -89.606 -2.638 8
v -89.338 -2.54 8
v -87.528 -1.802 8
v -87.234 -1.668 8
v -85.597 -0.841 8
v -85.282 -0.664 8
v -83.817 0.251 8
v -83.481 0.486 8
v -81.862 1.745 8
v -81.526 2.037 8
v -80.114 3.412 8
v -79.793 3.765 8
v -78.589 5.256 8
v -78.302 5.661 8
v -77.304 7.27 8
v -77.1 7.64 8
v -76.273 9.354 8
v -76.142 9.659 8
v -75.448 11.467 8
v -75.345 11.769 8
v -74.784 13.672 8
v -74.709 13.967 8
v -74.282 15.964 8
v -74.255 16.105 8
v -68.911 46.416 8
v -68.888 46.559 8
v -68.61 48.556 8
v -68.579 48.877 8
v -68.469 50.78 8
v -68.464 51.135 8
v -68.52 52.943 8
v -68.551 53.335 8
v -68.774 55.049 8
v -68.877 55.566 8
v -69.307 57.175 8
v -69.531 57.8 8
v -70.21 59.291 8
v -70.533 59.869 8
v -71.46 61.244 8
v -71.853 61.737 8
v -73.028 62.996 8
v -73.448 63.386 8
v -74.59 64.303 8
v -74.989 64.585 8
v -76.333 65.417 8
v -76.7 65.619 8
v -78.249 66.366 8
v -78.575 66.506 8
v -80.327 67.167 8
v -80.609 67.261 8
v -82.564 67.837 8
v -82.795 67.898 8
v -84.33 68.252 8
v -84.522 68.291 8
v -86.188 68.59 8
v -86.355 68.616 8
v -88.152 68.861 8
v -88.3 68.879 8
v -90.228 69.069 8
v -90.356 69.079 8
v -92.416 69.215 8
v -92.53 69.221 8
v -94.72 69.303 8
v -94.823 69.306 8
v -97.145 69.333 8
v -97.238 69.333 8
v -99.569 69.306 8
v -99.671 69.303 8
v -101.891 69.221 8
v -102.001 69.216 8
v -104.108 69.08 8
v -104.229 69.07 8
v -106.225 68.88 8
v -106.362 68.865 8
v -108.245 68.62 8
v -108.395 68.597 8
v -110.167 68.298 8
v -110.335 68.266 8
v -111.995 67.912 8
v -112.193 67.865 8
v -114.351 67.289 8
v -114.583 67.219 8
v -116.568 66.558 8
v -116.829 66.461 8
v -118.641 65.714 8
v -118.927 65.582 8
v -120.565 64.75 8
v -120.876 64.575 8
v -122.341 63.658 8
v -122.672 63.427 8
v -124.294 62.168 8
v -124.624 61.882 8
v -126.044 60.507 8
v -126.358 60.165 8
v -127.577 58.674 8
v -127.862 58.278 8
v -128.878 56.669 8
v -129.082 56.305 8
v -129.929 54.591 8
v -130.068 54.278 8
v -130.776 52.47 8
v -130.883 52.157 8
v -131.452 50.254 8
v -131.53 49.95 8
v -131.96 47.953 8
v -131.989 47.806 8
v -137.333 17.495 8
v -137.357 17.346 8
v -137.632 15.349 8
v -137.663 15.017 8
v -137.765 13.114 8
v -137.768 12.745 8
v -137.698 10.937 8
v -137.662 10.533 8
v -137.42 8.819 8
v -137.311 8.301 8
v -136.861 6.692 8
v -136.636 6.083 8
v -135.943 4.592 8
v -135.624 4.029 8
v -134.689 2.654 8
v -134.302 2.17 8
v -133.124 0.911 8
v -132.704 0.522 8
v -131.562 -0.393 8
v -131.155 -0.679 8
v -129.809 -1.506 8
v -129.435 -1.709 8
v -127.886 -2.447 8
v -127.551 -2.588 8
v -125.796 -3.236 8
v -125.511 -3.33 8
v -123.553 -3.89 8
v -123.322 -3.949 8
v -121.785 -4.291 8
v -121.602 -4.327 8
v -119.935 -4.617 8
v -119.769 -4.642 8
v -117.97 -4.878 8
v -117.832 -4.894 8
v -115.903 -5.079 8
v -115.775 -5.089 8
v -113.714 -5.22 8
v -113.604 -5.225 8
v -111.413 -5.304 8
v -111.314 -5.307 8
v -108.992 -5.333 8
v -108.902 -5.333 8
v -111.269 -1.307 8
v -113.46 -1.228 8
v -115.521 -1.097 8
v -117.45 -0.912 8
v -119.249 -0.676 8
v -120.916 -0.386 8
v -122.453 -0.044 8
v -124.411 0.516 8
v -126.166 1.164 8
v -127.715 1.902 8
v -129.061 2.729 8
v -130.203 3.644 8
v -131.381 4.903 8
v -132.316 6.278 8
v -133.009 7.769 8
v -133.459 9.378 8
v -133.701 11.092 8
v -133.771 12.9 8
v -133.669 14.803 8
v -133.394 16.8 8
v -128.05 47.111 8
v -127.62 49.108 8
v -127.051 51.011 8
v -126.343 52.819 8
v -125.496 54.533 8
v -124.48 56.142 8
v -123.261 57.633 8
v -121.841 59.008 8
v -120.219 60.267 8
v -118.754 61.184 8
v -117.116 62.016 8
v -115.304 62.763 8
v -113.319 63.424 8
v -111.161 64 8
v -109.501 64.354 8
v -107.729 64.653 8
v -105.846 64.898 8
v -103.85 65.088 8
v -101.743 65.224 8
v -99.523 65.306 8
v -97.192 65.333 8
v -94.87 65.306 8
v -92.68 65.224 8
v -90.62 65.088 8
v -88.692 64.898 8
v -86.895 64.653 8
v -85.229 64.354 8
v -83.694 64 8
v -81.739 63.424 8
v -79.987 62.763 8
v -78.438 62.016 8
v -77.094 61.184 8
v -75.952 60.267 8
v -74.777 59.008 8
v -73.85 57.633 8
v -73.171 56.142 8
v -72.741 54.533 8
v -72.518 52.819 8
v -72.462 51.011 8
v -72.572 49.108 8
v -72.85 47.111 8
v -78.194 16.8 8
v -78.621 14.803 8
v -79.182 12.9 8
v -79.876 11.092 8
v -80.703 9.378 8
v -81.701 7.769 8
v -82.905 6.278 8
v -84.317 4.903 8
v -85.936 3.644 8
v -87.401 2.729 8
v -89.038 1.902 8
v -90.848 1.164 8
v -92.831 0.516 8
v -94.987 -0.044 8
v -96.644 -0.386 8
v -98.414 -0.676 8
v -100.296 -0.912 8
v -102.291 -1.097 8
v -104.397 -1.228 8
v -106.616 -1.307 8
v -108.947 -1.333 8
v -106.571 -5.307 -8
v -106.474 -5.304 -8
v -104.255 -5.225 -8
v -104.149 -5.22 -8
v -102.043 -5.089 -8
v -101.922 -5.08 -8
v -99.927 -4.895 -8
v -99.798 -4.881 -8
v -97.916 -4.645 -8
v -97.767 -4.623 -8
v -95.997 -4.333 -8
v -95.835 -4.303 -8
v -94.178 -3.961 -8
v -93.981 -3.916 -8
v -91.825 -3.356 -8
v -91.589 -3.286 -8
v -89.606 -2.638 -8
v -89.338 -2.54 -8
v -87.528 -1.802 -8
v -87.234 -1.668 -8
v -85.597 -0.841 -8
v -85.282 -0.664 -8
v -83.817 0.251 -8
v -83.481 0.486 -8
v -81.862 1.745 -8
v -81.526 2.037 -8
v -80.114 3.412 -8
v -79.793 3.765 -8
v -78.589 5.256 -8
v -78.302 5.661 -8
v -77.304 7.27 -8
v -77.1 7.64 -8
v -76.273 9.354 -8
v -76.142 9.659 -8
v -75.448 11.467 -8
v -75.345 11.769 -8
v -74.784 13.672 -8
v -74.709 13.967 -8
v -74.282 15.964 -8
v -74.255 16.105 -8
v -68.911 46.416 -8
v -68.888 46.559 -8
v -68.61 48.556 -8
v -68.579 48.877 -8
v -68.469 50.78 -8
v -68.464 51.135 -8
v -68.52 52.943 -8
v -68.551 53.335 -8
v -68.774 55.049 -8
v -68.877 55.566 -8
v -69.307 57.175 -8
v -69.531 57.8 -8
v -70.21 59.291 -8
v -70.533 59.869 -8
v -71.46 61.244 -8
v -71.853 61.737 -8
v -73.028 62.996 -8
v -73.448 63.386 -8
v -74.59 64.303 -8
v -74.989 64.585 -8
v -76.333 65.417 -8
v -76.7 65.619 -8
v -78.249 66.366 -8
v -78.575 66.506 -8
v -80.327 67.167 -8
v -80.609 67.261 -8
v -82.564 67.837 -8
v -82.795 67.898 -8
v -84.33 68.252 -8
v -84.522 68.291 -8
v -86.188 68.59 -8
v -86.355 68.616 -8
v -88.152 68.861 -8
v -88.3 68.879 -8
v -90.228 69.069 -8
v -90.356 69.079 -8
v -92.416 69.215 -8
v -92.53 69.221 -8
v -94.72 69.303 -8
v -94.823 69.306 -8
v -97.145 69.333 -8
v -97.238 69.333 -8
v -99.569 69.306 -8
v -99.671 69.303 -8
v -101.891 69.221 -8
v -102.001 69.216 -8
v -104.108 69.08 -8
v -104.229 69.07 -8
v -106.225 68.88 -8
v -106.362 68.865 -8
v -108.245 68.62 -8
v -108.395 68.597 -8
v -110.167 68.298 -8
v -110.335 68.266 -8
v -111.995 67.912 -8
v -112.193 67.865 -8
v -114.351 67.289 -8
v -114.583 67.219 -8
v -116.568 66.558 -8
v -116.829 66.461 -8
v -118.641 65.714 -8
v -118.927 65.582 -8
v -120.565 64.75 -8
v -120.876 64.575 -8
v -122.341 63.658 -8
v -122.672 63.427 -8
v -124.294 62.168 -8
v -124.624 61.882 -8
v -126.044 60.507 -8
v -126.358 60.165 -8
v -127.577 58.674 -8
v -127.862 58.278 -8
v -128.878 56.669 -8
v -129.082 56.305 -8
v -129.929 54.591 -8
v -130.068 54.278 -8
v -130.776 52.47 -8
v -130.883 52.157 -8
v -131.452 50.254 -8
v -131.53 49.95 -8
v -131.96 47.953 -8
v -131.989 47.806 -8
v -137.333 17.495 -8
v -137.357 17.346 -8
v -137.632 15.349 -8
v -137.663 15.017 -8
v -137.765 13.114 -8
v -137.768 12.745 -8
v -137.698 10.937 -8
v -137.662 10.533 -8
v -137.42 8.819 -8
v -137.311 8.301 -8
v -136.861 6.692 -8
v -136.636 6.083 -8
v -135.943 4.592 -8
v -135.624 4.029 -8
v -134.689 2.654 -8
v -134.302 2.17 -8
v -133.124 0.911 -8
v -132.704 0.522 -8
v -131.562 -0.393 -8
v -131.155 -0.679 -8
v -129.809 -1.506 -8
v -129.435 -1.709 -8
v -127.886 -2.447 -8
v -127.551 -2.588 -8
v -125.796 -3.236 -8
v -125.511 -3.33 -8
v -123.553 -3.89 -8
v -123.322 -3.949 -8
v -121.785 -4.291 -8
v -121.602 -4.327 -8
v -119.935 -4.617 -8
v -119.769 -4.642 -8
v -117.97 -4.878 -8
v -117.832 -4.894 -8
v -115.903 -5.079 -8
v -115.775 -5.089 -8
v -113.714 -5.22 -8
v -113.604 -5.225 -8
v -111.413 -5.304 -8
v -111.314 -5.307 -8
v -108.992 -5.333 -8
v -108.902 -5.333 -8
v -111.269 -1.307 -8
v -113.46 -1.228 -8
v -115.521 -1.097 -8
v -117.45 -0.912 -8
v -119.249 -0.676 -8
v -120.916 -0.386 -8
v -122.453 -0.044 -8
v -124.411 0.516 -8
v -126.166 1.164 -8
v -127.715 1.902 -8
v -129.061 2.729 -8
v -130.203 3.644 -8
v -131.381 4.903 -8
v -132.316 6.278 -8
v -133.009 7.769 -8
v -133.459 9.378 -8
v -133.701 11.092 -8
v -133.771 12.9 -8
v -133.669 14.803 -8
v -133.394 16.8 -8
v -128.05 47.111 -8
v -127.62 49.108 -8
v -127.051 51.011 -8
v -126.343 52.819 -8
v -125.496 54.533 -8
v -124.48 56.142 -8
v -123.261 57.633 -8
v -121.841 59.008 -8
v -120.219 60.267 -8
v -118.754 61.184 -8
v -117.116 62.016 -8
v -115.304 62.763 -8
v -113.319 63.424 -8
v -111.161 64 -8
v -109.501 64.354 -8
v -107.729 64.653 -8
v -105.846 64.898 -8
v -103.85 65.088 -8
v -101.743 65.224 -8
v -99.523 65.306 -8
v -97.192 65.333 -8
v -94.87 65.306 -8
v -92.68 65.224 -8
v -90.62 65.088 -8
v -88.692 64.898 -8
v -86.895 64.653 -8
v -85.229 64.354 -8
v -83.694 64 -8
v -81.739 63.424 -8
v -79.987 62.763 -8
v -78.438 62.016 -8
v -77.094 61.184 -8
v -75.952 60.267 -8
v -74.777 59.008 -8
v -73.85 57.633 -8
v -73.171 56.142 -8
v -72.741 54.533 -8
v -72.518 52.819 -8
v -72.462 51.011 -8
v -72.572 49.108 -8
v -72.85 47.111 -8
v -78.194 16.8 -8
v -78.621 14.803 -8
v -79.182 12.9 -8
v -79.876 11.092 -8
v -80.703 9.378 -8
v -81.701 7.769 -8
v -82.905 6.278 -8
v -84.317 4.903 -8
v -85.936 3.644 -8
v -87.401 2.729 -8
v -89.038 1.902 -8
v -90.848 1.164 -8
v -92.831 0.516 -8
v -94.987 -0.044 -8
v -96.644 -0.386 -8
v -98.414 -0.676 -8
v -100.296 -0.912 -8
v -102.291 -1.097 -8
v -104.397 -1.228 -8
v -106.616 -1.307 -8
v -108.947 -1.333 -8
v -319.552 -3.927 8
v -317.712 -3.571 8
v -315.882 -2.693 8
v -314.627 -1.627 8
v -313.473 0.013 8
v -312.804 1.791 8
v -312.609 2.505 8
v -309.426 20.557 8
v -308.817 19.906 8
v -307.414 18.958 8
v -305.835 18.327 8
v -303.945 18.011 8
v -303.285 17.956 8
v -299.73 17.956 8
v -299.106 18.005 8
v -297.104 18.321 8
v -295.812 18.761 8
v -294.248 19.614 8
v -297.02 3.895 8
v -297.08 3.106 8
v -297.038 1.328 8
v -296.127 -1.121 8
v -295.249 -2.187 8
v -292.974 -3.561 8
v -291.259 -3.917 8
v -290.446 -4 8
v -276.757 -4 8
v -275.998 -3.927 8
v -274.157 -3.571 8
v -272.326 -2.693 8
v -271.071 -1.627 8
v -269.917 0.013 8
v -269.248 1.791 8
v -269.053 2.505 8
v -258.897 60.105 8
v -258.837 60.894 8
v -258.879 62.672 8
v -259.792 65.123 8
v -260.671 66.189 8
v -262.944 67.561 8
v -264.659 67.917 8
v -265.472 68 8
v -279.872 68 8
v -280.562 67.94 8
v -282.253 67.644 8
v -283.582 67.157 8
v -285.102 66.268 8
v -286.042 65.506 8
v -287.39 64.024 8
v -287.674 63.675 8
v -296.406 51.586 8
v -300.598 62.74 8
v -300.847 63.279 8
v -301.672 64.761 8
v -302.794 66.035 8
v -304 66.924 8
v -305.64 67.636 8
v -307.228 67.932 8
v -307.961 68 8
v -322.272 68 8
v -323.032 67.927 8
v -324.872 67.571 8
v -326.702 66.693 8
v -327.957 65.627 8
v -329.111 63.987 8
v -329.78 62.209 8
v -329.975 61.495 8
v -340.131 3.895 8
v -340.191 3.106 8
v -340.149 1.328 8
v -339.238 -1.121 8
v -338.36 -2.187 8
v -336.085 -3.561 8
v -334.37 -3.917 8
v -333.557 -4 8
v -320.312 -4 8
v -333.557 0 8
v -335.272 0.356 8
v -336.15 1.422 8
v -336.192 3.2 8
v -326.036 60.8 8
v -325.367 62.578 8
v -324.112 63.644 8
v -322.272 64 8
v -307.961 64 8
v -306.373 63.704 8
v -305.167 62.815 8
v -304.342 61.333 8
v -298.897 46.844 8
v -298.607 46.156 8
v -298.345 45.689 8
v -298.025 45.422 8
v -297.563 45.333 8
v -296.763 45.333 8
v -296.27 45.422 8
v -295.856 45.689 8
v -295.429 46.156 8
v -294.897 46.844 8
v -284.431 61.333 8
v -283.083 62.815 8
v -281.563 63.704 8
v -279.872 64 8
v -265.472 64 8
v -263.757 63.644 8
v -262.878 62.578 8
v -262.836 60.8 8
v -272.992 3.2 8
v -273.661 1.422 8
v -274.916 0.356 8
v -276.757 0 8
v -290.446 0 8
v -292.161 0.356 8
v -293.039 1.422 8
v -293.081 3.2 8
v -287.564 34.489 8
v -294.517 24.8 8
v -295.991 23.22 8
v -297.728 22.272 8
v -299.73 21.956 8
v -303.285 21.956 8
v -305.175 22.272 8
v -306.578 23.22 8
v -307.495 24.8 8
v -311.031 34.489 8
v -316.548 3.2 8
v -317.217 1.422 8
v -318.472 0.356 8
v -320.312 0 8
v -319.552 -3.927 -8
v -317.712 -3.571 -8
v -315.882 -2.693 -8
v -314.627 -1.627 -8
v -313.473 0.013 -8
v -312.804 1.791 -8
v -312.609 2.505 -8
v -309.426 20.557 -8
v -308.817 19.906 -8
v -307.414 18.958 -8
v -305.835 18.327 -8
v -303.945 18.011 -8
v -303.285 17.956 -8
v -299.73 17.956 -8
v -299.106 18.005 -8
v -297.104 18.321 -8
v -295.812 18.761 -8
v -294.248 19.614 -8
v -297.02 3.895 -8
v -297.08 3.106 -8
v -297.038 1.328 -8
v -296.127 -1.121 -8
v -295.249 -2.187 -8
v -292.974 -3.561 -8
v -291.259 -3.917 -8
v -290.446 -4 -8
v -276.757 -4 -8
v -275.998 -3.927 -8
v -274.157 -3.571 -8
v -272.326 -2.693 -8
v -271.071 -1.627 -8
v -269.917 0.013 -8
v -269.248 1.791 -8
v -269.053 2.505 -8
v -258.897 60.105 -8
v -258.837 60.894 -8
v -258.879 62.672 -8
v -259.792 65.123 -8
v -260.671 66.189 -8
v -262.944 67.561 -8
v -264.659 67.917 -8
v -265.472 68 -8
v -279.872 68 -8
v -280.562 67.94 -8
v -282.253 67.644 -8
v -283.582 67.157 -8
v -285.102 66.268 -8
v -286.042 65.506 -8
v -287.39 64.024 -8
v -287.674 63.675 -8
v -296.406 51.586 -8
v -300.598 62.74 -8
v -300.847 63.279 -8
v -301.672 64.761 -8
v -302.794 66.035 -8
v -304 66.924 -8
v -305.64 67.636 -8
v -307.228 67.932 -8
v -307.961 68 -8
v -322.272 68 -8
v -323.032 67.927 -8
v -324.872 67.571 -8
v -326.702 66.693 -8
v -327.957 65.627 -8
v -329.111 63.987 -8
v -329.78 62.209 -8
v -329.975 61.495 -8
v -340.131 3.895 -8
v -340.191 3.106 -8
v -340.149 1.328 -8
v -339.238 -1.121 -8
v -338.36 -2.187 -8
v -336.085 -3.561 -8
v -334.37 -3.917 -8
v -333.557 -4 -8
v -320.312 -4 -8
v -333.557 0 -8
v -335.272 0.356 -8
v -336.15 1.422 -8
v -336.192 3.2 -8
v -326.036 60.8 -8
v -325.367 62.578 -8
v -324.112 63.644 -8
v -322.272 64 -8
v -307.961 64 -8
v -306.373 63.704 -8
v -305.167 62.815 -8
v -304.342 61.333 -8
v -298.897 46.844 -8
v -298.607 46.156 -8
v -298.345 45.689 -8
v -298.025 45.422 -8
v -297.563 45.333 -8
v -296.763 45.333 -8
v -296.27 45.422 -8
v -295.856 45.689 -8
v -295.429 46.156 -8
v -294.897 46.844 -8
v -284.431 61.333 -8
v -283.083 62.815 -8
v -281.563 63.704 -8
v -279.872 64 -8
v -265.472 64 -8
v -263.757 63.644 -8
v -262.878 62.578 -8
v -262.836 60.8 -8
v -272.992 3.2 -8
v -273.661 1.422 -8
v -274.916 0.356 -8
v -276.757 0 -8
v -290.446 0 -8
v -292.161 0.356 -8
v -293.039 1.422 -8
v -293.081 3.2 -8
v -287.564 34.489 -8
v -294.517 24.8 -8
v -295.991 23.22 -8
v -297.728 22.272 -8
v -299.73 21.956 -8
v -303.285 21.956 -8
v -305.175 22.272 -8
v -306.578 23.22 -8
v -307.495 24.8 -8
v -311.031 34.489 -8
v -316.548 3.2 -8
v -317.217 1.422 -8
v -318.472 0.356 -8
v -320.312 0 -8
v -214.087 -3.927 8
v -212.246 -3.571 8
v -210.415 -2.693 8
v -209.16 -1.627 8
v -208.006 0.013 8
v -207.337 1.791 8
v -207.142 2.505 8
v -205.308 12.905 8
v -205.248 13.697 8
v -205.291 15.475 8
v -206.202 17.921 8
v -207.08 18.987 8
v -209.355 20.361 8
v -211.07 20.717 8
v -211.883 20.8 8
v -215.512 20.8 8
v -215.135 20.873 8
v -213.304 21.753 8
v -212.049 22.82 8
v -210.897 24.458 8
v -210.228 26.235 8
v -210.032 26.949 8
v -208.355 36.461 8
v -208.295 37.251 8
v -208.337 39.028 8
v -209.249 41.476 8
v -210.128 42.543 8
v -211.215 43.2 8
v -206.523 43.2 8
v -205.764 43.273 8
v -203.923 43.629 8
v -202.091 44.508 8
v -200.837 45.574 8
v -199.684 47.213 8
v -199.015 48.991 8
v -198.82 49.705 8
v -196.986 60.105 8
v -196.926 60.894 8
v -196.968 62.672 8
v -197.879 65.121 8
v -198.757 66.187 8
v -201.032 67.561 8
v -202.748 67.917 8
v -203.561 68 8
v -244.805 68 8
v -245.565 67.927 8
v -247.405 67.571 8
v -249.235 66.693 8
v -250.49 65.627 8
v -251.644 63.987 8
v -252.313 62.209 8
v -252.508 61.495 8
v -262.665 3.895 8
v -262.725 3.106 8
v -262.683 1.328 8
v -261.77 -1.123 8
v -260.891 -2.189 8
v -258.618 -3.561 8
v -256.903 -3.917 8
v -256.09 -4 8
v -214.846 -4 8
v -256.09 0 8
v -257.805 0.356 8
v -258.684 1.422 8
v -258.726 3.2 8
v -248.569 60.8 8
v -247.9 62.578 8
v -246.645 63.644 8
v -244.805 64 8
v -203.561 64 8
v -201.845 63.644 8
v -200.967 62.578 8
v -200.925 60.8 8
v -202.759 50.4 8
v -203.428 48.622 8
v -204.682 47.556 8
v -206.523 47.2 8
v -231.056 47.2 8
v -232.263 40.356 8
v -214.93 40.356 8
v -213.215 40 8
v -212.336 38.933 8
v -212.294 37.156 8
v -213.971 27.644 8
v -214.64 25.867 8
v -215.895 24.8 8
v -217.735 24.444 8
v -235.069 24.444 8
v -236.417 16.8 8
v -211.883 16.8 8
v -210.168 16.444 8
v -209.29 15.378 8
v -209.247 13.6 8
v -211.081 3.2 8
v -211.75 1.422 8
v -213.005 0.356 8
v -214.846 0 8
v -214.087 -3.927 -8
v -212.246 -3.571 -8
v -210.415 -2.693 -8
v -209.16 -1.627 -8
v -208.006 0.013 -8
v -207.337 1.791 -8
v -207.142 2.505 -8
v -205.308 12.905 -8
v -205.248 13.697 -8
v -205.291 15.475 -8
v -206.202 17.921 -8
v -207.08 18.987 -8
v -209.355 20.361 -8
v -211.07 20.717 -8
v -211.883 20.8 -8
v -215.512 20.8 -8
v -215.135 20.873 -8
v -213.304 21.753 -8
v -212.049 22.82 -8
v -210.897 24.458 -8
v -210.228 26.235 -8
v -210.032 26.949 -8
v -208.355 36.461 -8
v -208.295 37.251 -8
v -208.337 39.028 -8
v -209.249 41.476 -8
v -210.128 42.543 -8
v -211.215 43.2 -8
v -206.523 43.2 -8
v -205.764 43.273 -8
v -203.923 43.629 -8
v -202.091 44.508 -8
v -200.837 45.574 -8
v -199.684 47.213 -8
v -199.015 48.991 -8
v -198.82 49.705 -8
v -196.986 60.105 -8
v -196.926 60.894 -8
v -196.968 62.672 -8
v -197.879 65.121 -8
v -198.757 66.187 -8
v -201.032 67.561 -8
v -202.748 67.917 -8
v -203.561 68 -8
v -244.805 68 -8
v -245.565 67.927 -8
v -247.405 67.571 -8
v -249.235 66.693 -8
v -250.49 65.627 -8
v -251.644 63.987 -8
v -252.313 62.209 -8
v -252.508 61.495 -8
v -262.665 3.895 -8
v -262.725 3.106 -8
v -262.683 1.328 -8
v -261.77 -1.123 -8
v -260.891 -2.189 -8
v -258.618 -3.561 -8
v -256.903 -3.917 -8
v -256.09 -4 -8
v -214.846 -4 -8
v -256.09 0 -8
v -257.805 0.356 -8
v -258.684 1.422 -8
v -258.726 3.2 -8
v -248.569 60.8 -8
v -247.9 62.578 -8
v -246.645 63.644 -8
v -244.805 64 -8
v -203.561 64 -8
v -201.845 63.644 -8
v -200.967 62.578 -8
v -200.925 60.8 -8
v -202.759 50.4 -8
v -203.428 48.622 -8
v -204.682 47.556 -8
v -206.523 47.2 -8
v -231.056 47.2 -8
v -232.263 40.356 -8
v -214.93 40.356 -8
v -213.215 40 -8
v -212.336 38.933 -8
v -212.294 37.156 -8
v -213.971 27.644 -8
v -214.64 25.867 -8
v -215.895 24.8 -8
v -217.735 24.444 -8
v -235.069 24.444 -8
v -236.417 16.8 -8
v -211.883 16.8 -8
v -210.168 16.444 -8
v -209.29 15.378 -8
v -209.247 13.6 -8
v -211.081 3.2 -8
v -211.75 1.422 -8
v -213.005 0.356 -8
v -214.846 0 -8
v -149.952 -3.927 8
v -148.112 -3.571 8
v -146.282 -2.693 8
v -145.027 -1.627 8
v -143.873 0.013 8
v -143.204 1.791 8
v -143.009 2.505 8
v -138.072 30.505 8
v -138.012 31.294 8
v -138.054 33.072 8
v -138.965 35.521 8
v -139.843 36.587 8
v -142.118 37.961 8
v -143.834 38.317 8
v -144.647 38.4 8
v -157.535 38.4 8
v -158.294 38.327 8
v -160.135 37.971 8
v -161.966 37.093 8
v -163.221 36.027 8
v -164.375 34.387 8
v -165.044 32.609 8
v -165.239 31.895 8
v -167.195 20.8 8
v -171.25 20.8 8
v -164.319 60.105 8
v -164.259 60.894 8
v -164.301 62.672 8
v -165.214 65.123 8
v -166.093 66.189 8
v -168.366 67.561 8
v -170.081 67.917 8
v -170.894 68 8
v -184.672 68 8
v -185.432 67.927 8
v -187.272 67.571 8
v -189.102 66.693 8
v -190.357 65.627 8
v -191.511 63.987 8
v -192.18 62.209 8
v -192.375 61.495 8
v -202.531 3.895 8
v -202.591 3.106 8
v -202.549 1.328 8
v -201.638 -1.121 8
v -200.76 -2.187 8
v -198.485 -3.561 8
v -196.77 -3.917 8
v -195.957 -4 8
v -150.712 -4 8
v -195.957 0 8
v -197.672 0.356 8
v -198.55 1.422 8
v -198.592 3.2 8
v -188.436 60.8 8
v -187.767 62.578 8
v -186.512 63.644 8
v -184.672 64 8
v -170.894 64 8
v -169.179 63.644 8
v -168.3 62.578 8
v -168.258 60.8 8
v -176.017 16.8 8
v -163.839 16.8 8
v -161.3 31.2 8
v -160.631 32.978 8
v -159.376 34.044 8
v -157.535 34.4 8
v -144.647 34.4 8
v -142.931 34.044 8
v -142.053 32.978 8
v -142.011 31.2 8
v -146.948 3.2 8
v -147.617 1.422 8
v -148.872 0.356 8
v -150.712 0 8
v -149.952 -3.927 -8
v -148.112 -3.571 -8
v -146.282 -2.693 -8
v -145.027 -1.627 -8
v -143.873 0.013 -8
v -143.204 1.791 -8
v -143.009 2.505 -8
v -138.072 30.505 -8
v -138.012 31.294 -8
v -138.054 33.072 -8
v -138.965 35.521 -8
v -139.843 36.587 -8
v -142.118 37.961 -8
v -143.834 38.317 -8
v -144.647 38.4 -8
v -157.535 38.4 -8
v -158.294 38.327 -8
v -160.135 37.971 -8
v -161.966 37.093 -8
v -163.221 36.027 -8
v -164.375 34.387 -8
v -165.044 32.609 -8
v -165.239 31.895 -8
v -167.195 20.8 -8
v -171.25 20.8 -8
v -164.319 60.105 -8
v -164.259 60.894 -8
v -164.301 62.672 -8
v -165.214 65.123 -8
v -166.093 66.189 -8
v -168.366 67.561 -8
v -170.081 67.917 -8
v -170.894 68 -8
v -184.672 68 -8
v -185.432 67.927 -8
v -187.272 67.571 -8
v -189.102 66.693 -8
v -190.357 65.627 -8
v -191.511 63.987 -8
v -192.18 62.209 -8
v -192.375 61.495 -8
v -202.531 3.895 -8
v -202.591 3.106 -8
v -202.549 1.328 -8
v -201.638 -1.121 -8
v -200.76 -2.187 -8
v -198.485 -3.561 -8
v -196.77 -3.917 -8
v -195.957 -4 -8
v -150.712 -4 -8
v -195.957 0 -8
v -197.672 0.356 -8
v -198.55 1.422 -8
v -198.592 3.2 -8
v -188.436 60.8 -8
v -187.767 62.578 -8
v -186.512 63.644 -8
v -184.672 64 -8
v -170.894 64 -8
v -169.179 63.644 -8
v -168.3 62.578 -8
v -168.258 60.8 -8
v -176.017 16.8 -8
v -163.839 16.8 -8
v -161.3 31.2 -8
v -160.631 32.978 -8
v -159.376 34.044 -8
v -157.535 34.4 -8
v -144.647 34.4 -8
v -142.931 34.044 -8
v -142.053 32.978 -8
v -142.011 31.2 -8
v -146.948 3.2 -8
v -147.617 1.422 -8
v -148.872 0.356 -8
v -150.712 0 -8
v -50.574 -3.927 8
v -48.734 -3.571 8
v -46.904 -2.693 8
v -45.649 -1.627 8
v -44.495 0.013 8
v -43.826 1.791 8
v -43.631 2.505 8
v -40.221 21.843 8
v -34.655 13.276 8
v -36.309 3.895 8
v -36.369 3.106 8
v -36.327 1.328 8
v -35.414 -1.123 8
v -34.535 -2.189 8
v -32.262 -3.561 8
v -30.547 -3.917 8
v -29.734 -4 8
v -16.401 -4 8
v -15.641 -3.927 8
v -13.801 -3.571 8
v -11.971 -2.693 8
v -10.716 -1.627 8
v -9.562 0.013 8
v -8.893 1.791 8
v -8.698 2.505 8
v 1.459 60.105 8
v 1.519 60.894 8
v 1.477 62.672 8
v 0.564 65.123 8
v -0.315 66.189 8
v -2.588 67.561 8
v -4.303 67.917 8
v -5.116 68 8
v -18.449 68 8
v -19.208 67.927 8
v -21.049 67.571 8
v -22.88 66.693 8
v -24.135 65.627 8
v -25.289 63.987 8
v -25.958 62.209 8
v -26.153 61.495 8
v -27.81 52.096 8
v -36.036 63.888 8
v -36.406 64.343 8
v -37.662 65.676 8
v -38.79 66.514 8
v -40.397 67.314 8
v -41.64 67.696 8
v -43.598 67.963 8
v -44.138 68 8
v -53.383 68 8
v -54.143 67.927 8
v -55.983 67.571 8
v -57.813 66.693 8
v -59.068 65.627 8
v -60.222 63.987 8
v -60.891 62.209 8
v -61.086 61.495 8
v -71.242 3.895 8
v -71.302 3.106 8
v -71.26 1.328 8
v -70.349 -1.121 8
v -69.471 -2.187 8
v -67.196 -3.561 8
v -65.481 -3.917 8
v -64.668 -4 8
v -51.334 -4 8
v -64.668 0 8
v -66.383 0.356 8
v -67.261 1.422 8
v -67.303 3.2 8
v -57.147 60.8 8
v -56.478 62.578 8
v -55.223 63.644 8
v -53.383 64 8
v -44.138 64 8
v -42.18 63.733 8
v -40.573 62.933 8
v -39.317 61.6 8
v -25.552 41.867 8
v -22.214 60.8 8
v -21.545 62.578 8
v -20.29 63.644 8
v -18.449 64 8
v -5.116 64 8
v -3.401 63.644 8
v -2.522 62.578 8
v -2.48 60.8 8
v -12.637 3.2 8
v -13.306 1.422 8
v -14.561 0.356 8
v -16.401 0 8
v -29.734 0 8
v -31.449 0.356 8
v -32.328 1.422 8
v -32.37 3.2 8
v -30.442 14.133 8
v -42.398 32.533 8
v -47.57 3.2 8
v -48.239 1.422 8
v -49.494 0.356 8
v -51.334 0 8
v -50.574 -3.927 -8
v -48.734 -3.571 -8
v -46.904 -2.693 -8
v -45.649 -1.627 -8
v -44.495 0.013 -8
v -43.826 1.791 -8
v -43.631 2.505 -8
v -40.221 21.843 -8
v -34.655 13.276 -8
v -36.309 3.895 -8
v -36.369 3.106 -8
v -36.327 1.328 -8
v -35.414 -1.123 -8
v -34.535 -2.189 -8
v -32.262 -3.561 -8
v -30.547 -3.917 -8
v -29.734 -4 -8
v -16.401 -4 -8
v -15.641 -3.927 -8
v -13.801 -3.571 -8
v -11.971 -2.693 -8
v -10.716 -1.627 -8
v -9.562 0.013 -8
v -8.893 1.791 -8
v -8.698 2.505 -8
v 1.459 60.105 -8
v 1.519 60.894 -8
v 1.477 62.672 -8
v 0.564 65.123 -8
v -0.315 66.189 -8
v -2.588 67.561 -8
v -4.303 67.917 -8
v -5.116 68 -8
v -18.449 68 -8
v -19.208 67.927 -8
v -21.049 67.571 -8
v -22.88 66.693 -8
v -24.135 65.627 -8
v -25.289 63.987 -8
v -25.958 62.209 -8
v -26.153 61.495 -8
v -27.81 52.096 -8
v -36.036 63.888 -8
v -36.406 64.343 -8
v -37.662 65.676 -8
v -38.79 66.514 -8
v -40.397 67.314 -8
v -41.64 67.696 -8
v -43.598 67.963 -8
v -44.138 68 -8
v -53.383 68 -8
v -54.143 67.927 -8
v -55.983 67.571 -8
v -57.813 66.693 -8
v -59.068 65.627 -8
v -60.222 63.987 -8
v -60.891 62.209 -8
v -61.086 61.495 -8
v -71.242 3.895 -8
v -71.302 3.106 -8
v -71.26 1.328 -8
v -70.349 -1.121 -8
v -69.471 -2.187 -8
v -67.196 -3.561 -8
v -65.481 -3.917 -8
v -64.668 -4 -8
v -51.334 -4 -8
v -64.668 0 -8
v -66.383 0.356 -8
v -67.261 1.422 -8
v -67.303 3.2 -8
v -57.147 60.8 -8
v -56.478 62.578 -8
v -55.223 63.644 -8
v -53.383 64 -8
v -44.138 64 -8
v -42.18 63.733 -8
v -40.573 62.933 -8
v -39.317 61.6 -8
v -25.552 41.867 -8
v -22.214 60.8 -8
v -21.545 62.578 -8
v -20.29 63.644 -8
v -18.449 64 -8
v -5.116 64 -8
v -3.401 63.644 -8
v -2.522 62.578 -8
v -2.48 60.8 -8
v -12.637 3.2 -8
v -13.306 1.422 -8
v -14.561 0.356 -8
v -16.401 0 -8
v -29.734 0 -8
v -31.449 0.356 -8
v -32.328 1.422 -8
v -32.37 3.2 -8
v -30.442 14.133 -8
v -42.398 32.533 -8
v -47.57 3.2 -8
v -48.239 1.422 -8
v -49.494 0.356 -8
v -51.334 0 -8
v 58.265 36.922 8
v 59.601 37.822 8
v 60.438 39.167 8
v 60.926 40.8 8
v 61.459 43.822 8
v 61.547 45.456 8
v 61.184 46.8 8
v 60.165 47.7 8
v 58.285 48 8
v 51.618 48 8
v 49.612 36.622 8
v 56.279 36.622 8
v 54.379 40.622 8
v 54.974 44 8
v 57.429 44 8
v 57.028 41.728 8
v 56.758 40.823 8
v 56.7 40.731 8
v 55.98 40.622 8
v 58.265 36.922 -8
v 59.601 37.822 -8
v 60.438 39.167 -8
v 60.926 40.8 -8
v 61.459 43.822 -8
v 61.547 45.456 -8
v 61.184 46.8 -8
v 60.165 47.7 -8
v 58.285 48 -8
v 51.618 48 -8
v 49.612 36.622 -8
v 56.279 36.622 -8
v 54.379 40.622 -8
v 54.974 44 -8
v 57.429 44 -8
v 57.028 41.728 -8
v 56.758 40.823 -8
v 56.7 40.731 -8
v 55.98 40.622 -8
v 40.713 -3.927 8
v 42.554 -3.571 8
v 44.385 -2.693 8
v 45.64 -1.627 8
v 46.794 0.013 8
v 47.463 1.791 8
v 47.658 2.505 8
v 50.147 16.622 8
v 57.846 16.622 8
v 55.602 3.895 8
v 55.542 3.106 8
v 55.584 1.328 8
v 56.497 -1.123 8
v 57.376 -2.189 8
v 59.649 -3.561 8
v 61.364 -3.917 8
v 62.177 -4 8
v 75.954 -4 8
v 76.713 -3.927 8
v 78.554 -3.571 8
v 80.385 -2.693 8
v 81.64 -1.627 8
v 82.794 0.013 8
v 83.463 1.791 8
v 83.658 2.505 8
v 86.981 21.349 8
v 87.013 21.562 8
v 87.274 23.714 8
v 87.303 24.204 8
v 87.299 26.177 8
v 87.255 26.764 8
v 86.985 28.559 8
v 86.826 29.222 8
v 86.29 30.84 8
v 85.988 31.528 8
v 85.186 32.968 8
v 84.762 33.585 8
v 83.729 34.823 8
v 83.195 35.353 8
v 82.202 36.168 8
v 82.336 36.346 8
v 82.695 36.914 8
v 83.401 38.275 8
v 83.566 38.638 8
v 84.165 40.143 8
v 84.283 40.481 8
v 84.774 42.131 8
v 84.852 42.437 8
v 85.235 44.232 8
v 85.262 44.372 8
v 85.983 48.461 8
v 86.011 48.64 8
v 86.291 50.792 8
v 86.323 51.199 8
v 86.378 53.213 8
v 86.363 53.683 8
v 86.193 55.558 8
v 86.11 56.08 8
v 85.717 57.816 8
v 85.504 58.483 8
v 84.842 60.058 8
v 84.435 60.796 8
v 83.464 62.188 8
v 82.927 62.81 8
v 81.646 64.018 8
v 81.067 64.471 8
v 79.475 65.496 8
v 78.97 65.772 8
v 77.718 66.343 8
v 77.298 66.507 8
v 75.869 66.973 8
v 75.511 67.071 8
v 73.906 67.434 8
v 73.601 67.491 8
v 71.819 67.751 8
v 71.558 67.781 8
v 69.601 67.936 8
v 69.382 67.947 8
v 67.248 67.999 8
v 67.151 68 8
v 37.551 68 8
v 36.792 67.927 8
v 34.951 67.571 8
v 33.12 66.693 8
v 31.865 65.627 8
v 30.711 63.987 8
v 30.042 62.209 8
v 29.847 61.495 8
v 19.691 3.895 8
v 19.631 3.106 8
v 19.673 1.328 8
v 20.586 -1.123 8
v 21.465 -2.189 8
v 23.738 -3.561 8
v 25.453 -3.917 8
v 26.266 -4 8
v 39.954 -4 8
v 26.266 0 8
v 24.551 0.356 8
v 23.672 1.422 8
v 23.63 3.2 8
v 33.786 60.8 8
v 34.455 62.578 8
v 35.71 63.644 8
v 37.551 64 8
v 67.151 64 8
v 69.285 63.948 8
v 71.242 63.793 8
v 73.024 63.533 8
v 74.629 63.17 8
v 76.058 62.704 8
v 77.31 62.133 8
v 78.902 61.108 8
v 80.183 59.9 8
v 81.154 58.508 8
v 81.816 56.933 8
v 82.209 55.197 8
v 82.379 53.322 8
v 82.324 51.308 8
v 82.044 49.156 8
v 81.323 45.067 8
v 80.94 43.272 8
v 80.449 41.622 8
v 79.85 40.117 8
v 79.144 38.756 8
v 77.958 37.185 8
v 76.43 35.911 8
v 74.559 34.933 8
v 76.378 34.606 8
v 78.001 34.052 8
v 79.428 33.269 8
v 80.658 32.26 8
v 81.691 31.022 8
v 82.493 29.582 8
v 83.029 27.964 8
v 83.299 26.169 8
v 83.303 24.196 8
v 83.042 22.044 8
v 79.719 3.2 8
v 79.05 1.422 8
v 77.795 0.356 8
v 75.954 0 8
v 62.177 0 8
v 60.462 0.356 8
v 59.583 1.422 8
v 59.541 3.2 8
v 61.939 16.8 8
v 62.06 18.556 8
v 61.701 19.733 8
v 60.785 20.4 8
v 59.235 20.622 8
v 46.791 20.622 8
v 43.719 3.2 8
v 43.05 1.422 8
v 41.795 0.356 8
v 39.954 0 8
v 40.713 -3.927 -8
v 42.554 -3.571 -8
v 44.385 -2.693 -8
v 45.64 -1.627 -8
v 46.794 0.013 -8
v 47.463 1.791 -8
v 47.658 2.505 -8
v 50.147 16.622 -8
v 57.846 16.622 -8
v 55.602 3.895 -8
v 55.542 3.106 -8
v 55.584 1.328 -8
v 56.497 -1.123 -8
v 57.376 -2.189 -8
v 59.649 -3.561 -8
v 61.364 -3.917 -8
v 62.177 -4 -8
v 75.954 -4 -8
v 76.713 -3.927 -8
v 78.554 -3.571 -8
v 80.385 -2.693 -8
v 81.64 -1.627 -8
v 82.794 0.013 -8
v 83.463 1.791 -8
v 83.658 2.505 -8
v 86.981 21.349 -8
v 87.013 21.562 -8
v 87.274 23.714 -8
v 87.303 24.204 -8
v 87.299 26.177 -8
v 87.255 26.764 -8
v 86.985 28.559 -8
v 86.826 29.222 -8
v 86.29 30.84 -8
v 85.988 31.528 -8
v 85.186 32.968 -8
v 84.762 33.585 -8
v 83.729 34.823 -8
v 83.195 35.353 -8
v 82.202 36.168 -8
v 82.336 36.346 -8
v 82.695 36.914 -8
v 83.401 38.275 -8
v 83.566 38.638 -8
v 84.165 40.143 -8
v 84.283 40.481 -8
v 84.774 42.131 -8
v 84.852 42.437 -8
v 85.235 44.232 -8
v 85.262 44.372 -8
v 85.983 48.461 -8
v 86.011 48.64 -8
v 86.291 50.792 -8
v 86.323 51.199 -8
v 86.378 53.213 -8
v 86.363 53.683 -8
v 86.193 55.558 -8
v 86.11 56.08 -8
v 85.717 57.816 -8
v 85.504 58.483 -8
v 84.842 60.058 -8
v 84.435 60.796 -8
v 83.464 62.188 -8
v 82.927 62.81 -8
v 81.646 64.018 -8
v 81.067 64.471 -8
v 79.475 65.496 -8
v 78.97 65.772 -8
v 77.718 66.343 -8
v 77.298 66.507 -8
v 75.869 66.973 -8
v 75.511 67.071 -8
v 73.906 67.434 -8
v 73.601 67.491 -8
v 71.819 67.751 -8
v 71.558 67.781 -8
v 69.601 67.936 -8
v 69.382 67.947 -8
v 67.248 67.999 -8
v 67.151 68 -8
v 37.551 68 -8
v 36.792 67.927 -8
v 34.951 67.571 -8
v 33.12 66.693 -8
v 31.865 65.627 -8
v 30.711 63.987 -8
v 30.042 62.209 -8
v 29.847 61.495 -8
v 19.691 3.895 -8
v 19.631 3.106 -8
v 19.673 1.328 -8
v 20.586 -1.123 -8
v 21.465 -2.189 -8
v 23.738 -3.561 -8
v 25.453 -3.917 -8
v 26.266 -4 -8
v 39.954 -4 -8
v 26.266 0 -8
v 24.551 0.356 -8
v 23.672 1.422 -8
v 23.63 3.2 -8
v 33.786 60.8 -8
v 34.455 62.578 -8
v 35.71 63.644 -8
v 37.551 64 -8
v 67.151 64 -8
v 69.285 63.948 -8
v 71.242 63.793 -8
v 73.024 63.533 -8
v 74.629 63.17 -8
v 76.058 62.704 -8
v 77.31 62.133 -8
v 78.902 61.108 -8
v 80.183 59.9 -8
v 81.154 58.508 -8
v 81.816 56.933 -8
v 82.209 55.197 -8
v 82.379 53.322 -8
v 82.324 51.308 -8
v 82.044 49.156 -8
v 81.323 45.067 -8
v 80.94 43.272 -8
v 80.449 41.622 -8
v 79.85 40.117 -8
v 79.144 38.756 -8
v 77.958 37.185 -8
v 76.43 35.911 -8
v 74.559 34.933 -8
v 76.378 34.606 -8
v 78.001 34.052 -8
v 79.428 33.269 -8
v 80.658 32.26 -8
v 81.691 31.022 -8
v 82.493 29.582 -8
v 83.029 27.964 -8
v 83.299 26.169 -8
v 83.303 24.196 -8
v 83.042 22.044 -8
v 79.719 3.2 -8
v 79.05 1.422 -8
v 77.795 0.356 -8
v 75.954 0 -8
v 62.177 0 -8
v 60.462 0.356 -8
v 59.583 1.422 -8
v 59.541 3.2 -8
v 61.939 16.8 -8
v 62.06 18.556 -8
v 61.701 19.733 -8
v 60.785 20.4 -8
v 59.235 20.622 -8
v 46.791 20.622 -8
v 43.719 3.2 -8
v 43.05 1.422 -8
v 41.795 0.356 -8
v 39.954 0 -8
v 127.904 45.333 8
v 127.37 46.467 8
v 126.481 46.844 8
v 124.259 46.844 8
v 123.237 46.467 8
v 122.304 45.333 8
v 115.743 31.822 8
v 129.699 31.822 8
v 122.132 35.822 8
v 124.488 40.674 8
v 125.133 35.822 8
v 127.904 45.333 -8
v 127.37 46.467 -8
v 126.481 46.844 -8
v 124.259 46.844 -8
v 123.237 46.467 -8
v 122.304 45.333 -8
v 115.743 31.822 -8
v 129.699 31.822 -8
v 122.132 35.822 -8
v 124.488 40.674 -8
v 125.133 35.822 -8
v 106.802 -3.927 8
v 108.643 -3.571 8
v 110.474 -2.693 8
v 111.729 -1.627 8
v 112.883 0.013 8
v 113.552 1.791 8
v 113.747 2.505 8
v 115.358 11.644 8
v 122.968 11.644 8
v 121.602 3.895 8
v 121.544 3.038 8
v 121.616 1.26 8
v 122.65 -1.266 8
v 123.617 -2.332 8
v 125.829 -3.573 8
v 127.692 -3.929 8
v 128.443 -4 8
v 141.866 -4 8
v 142.626 -3.927 8
v 144.466 -3.571 8
v 146.296 -2.693 8
v 147.551 -1.627 8
v 148.705 0.013 8
v 149.374 1.791 8
v 149.569 2.505 8
v 153.707 25.972 8
v 153.73 26.12 8
v 153.921 27.503 8
v 153.949 27.773 8
v 154.052 29.256 8
v 154.062 29.495 8
v 154.077 31.079 8
v 154.073 31.288 8
v 154.001 32.971 8
v 153.99 33.142 8
v 153.867 34.575 8
v 153.854 34.704 8
v 153.673 36.229 8
v 153.658 36.343 8
v 153.419 37.961 8
v 153.403 38.06 8
v 153.106 39.77 8
v 153.089 39.861 8
v 152.733 41.664 8
v 152.726 41.7 8
v 148.55 61.878 8
v 148.355 62.532 8
v 147.714 64.161 8
v 146.386 65.9 8
v 145.077 66.878 8
v 143.334 67.621 8
v 141.357 67.947 8
v 140.706 68 8
v 116.795 68 8
v 116.193 67.954 8
v 114.052 67.628 8
v 112.645 67.133 8
v 110.961 66.155 8
v 109.774 65.101 8
v 108.548 63.472 8
v 108.253 63.02 8
v 96.962 42.842 8
v 96.948 42.816 8
v 95.957 41.013 8
v 95.923 40.951 8
v 95.022 39.241 8
v 94.984 39.167 8
v 94.174 37.549 8
v 94.133 37.464 8
v 93.414 35.939 8
v 93.367 35.836 8
v 92.74 34.403 8
v 92.686 34.274 8
v 92.019 32.591 8
v 91.954 32.414 8
v 91.411 30.83 8
v 91.346 30.623 8
v 90.926 29.14 8
v 90.864 28.887 8
v 90.568 27.504 8
v 90.54 27.362 8
v 86.402 3.895 8
v 86.342 3.106 8
v 86.384 1.328 8
v 87.297 -1.123 8
v 88.176 -2.189 8
v 90.449 -3.561 8
v 92.164 -3.917 8
v 92.977 -4 8
v 106.043 -4 8
v 92.977 0 8
v 91.262 0.356 8
v 90.383 1.422 8
v 90.341 3.2 8
v 94.479 26.667 8
v 94.775 28.05 8
v 95.195 29.533 8
v 95.738 31.117 8
v 96.405 32.8 8
v 97.032 34.233 8
v 97.751 35.758 8
v 98.561 37.376 8
v 99.462 39.086 8
v 100.453 40.889 8
v 111.744 61.067 8
v 112.97 62.696 8
v 114.654 63.674 8
v 116.795 64 8
v 140.706 64 8
v 142.683 63.674 8
v 143.992 62.696 8
v 144.633 61.067 8
v 148.809 40.889 8
v 149.165 39.086 8
v 149.462 37.376 8
v 149.701 35.758 8
v 149.882 34.233 8
v 150.005 32.8 8
v 150.077 31.117 8
v 150.062 29.533 8
v 149.959 28.05 8
v 149.768 26.667 8
v 145.63 3.2 8
v 144.961 1.422 8
v 143.706 0.356 8
v 141.866 0 8
v 128.443 0 8
v 126.58 0.356 8
v 125.613 1.422 8
v 125.541 3.2 8
v 127.735 15.644 8
v 112.002 15.644 8
v 109.808 3.2 8
v 109.139 1.422 8
v 107.884 0.356 8
v 106.043 0 8
v 106.802 -3.927 -8
v 108.643 -3.571 -8
v 110.474 -2.693 -8
v 111.729 -1.627 -8
v 112.883 0.013 -8
v 113.552 1.791 -8
v 113.747 2.505 -8
v 115.358 11.644 -8
v 122.968 11.644 -8
v 121.602 3.895 -8
v 121.544 3.038 -8
v 121.616 1.26 -8
v 122.65 -1.266 -8
v 123.617 -2.332 -8
v 125.829 -3.573 -8
v 127.692 -3.929 -8
v 128.443 -4 -8
v 141.866 -4 -8
v 142.626 -3.927 -8
v 144.466 -3.571 -8
v 146.296 -2.693 -8
v 147.551 -1.627 -8
v 148.705 0.013 -8
v 149.374 1.791 -8
v 149.569 2.505 -8
v 153.707 25.972 -8
v 153.73 26.12 -8
v 153.921 27.503 -8
v 153.949 27.773 -8
v 154.052 29.256 -8
v 154.062 29.495 -8
v 154.077 31.079 -8
v 154.073 31.288 -8
v 154.001 32.971 -8
v 153.99 33.142 -8
v 153.867 34.575 -8
v 153.854 34.704 -8
v 153.673 36.229 -8
v 153.658 36.343 -8
v 153.419 37.961 -8
v 153.403 38.06 -8
v 153.106 39.77 -8
v 153.089 39.861 -8
v 152.733 41.664 -8
v 152.726 41.7 -8
v 148.55 61.878 -8
v 148.355 62.532 -8
v 147.714 64.161 -8
v 146.386 65.9 -8
v 145.077 66.878 -8
v 143.334 67.621 -8
v 141.357 67.947 -8
v 140.706 68 -8
v 116.795 68 -8
v 116.193 67.954 -8
v 114.052 67.628 -8
v 112.645 67.133 -8
v 110.961 66.155 -8
v 109.774 65.101 -8
v 108.548 63.472 -8
v 108.253 63.02 -8
v 96.962 42.842 -8
v 96.948 42.816 -8
v 95.957 41.013 -8
v 95.923 40.951 -8
v 95.022 39.241 -8
v 94.984 39.167 -8
v 94.174 37.549 -8
v 94.133 37.464 -8
v 93.414 35.939 -8
v 93.367 35.836 -8
v 92.74 34.403 -8
v 92.686 34.274 -8
v 92.019 32.591 -8
v 91.954 32.414 -8
v 91.411 30.83 -8
v 91.346 30.623 -8
v 90.926 29.14 -8
v 90.864 28.887 -8
v 90.568 27.504 -8
v 90.54 27.362 -8
v 86.402 3.895 -8
v 86.342 3.106 -8
v 86.384 1.328 -8
v 87.297 -1.123 -8
v 88.176 -2.189 -8
v 90.449 -3.561 -8
v 92.164 -3.917 -8
v 92.977 -4 -8
v 106.043 -4 -8
v 92.977 0 -8
v 91.262 0.356 -8
v 90.383 1.422 -8
v 90.341 3.2 -8
v 94.479 26.667 -8
v 94.775 28.05 -8
v 95.195 29.533 -8
v 95.738 31.117 -8
v 96.405 32.8 -8
v 97.032 34.233 -8
v 97.751 35.758 -8
v 98.561 37.376 -8
v 99.462 39.086 -8
v 100.453 40.889 -8
v 111.744 61.067 -8
v 112.97 62.696 -8
v 114.654 63.674 -8
v 116.795 64 -8
v 140.706 64 -8
v 142.683 63.674 -8
v 143.992 62.696 -8
v 144.633 61.067 -8
v 148.809 40.889 -8
v 149.165 39.086 -8
v 149.462 37.376 -8
v 149.701 35.758 -8
v 149.882 34.233 -8
v 150.005 32.8 -8
v 150.077 31.117 -8
v 150.062 29.533 -8
v 149.959 28.05 -8
v 149.768 26.667 -8
v 145.63 3.2 -8
v 144.961 1.422 -8
v 143.706 0.356 -8
v 141.866 0 -8
v 128.443 0 -8
v 126.58 0.356 -8
v 125.613 1.422 -8
v 125.541 3.2 -8
v 127.735 15.644 -8
v 112.002 15.644 -8
v 109.808 3.2 -8
v 109.139 1.422 -8
v 107.884 0.356 -8
v 106.043 0 -8
v 201.337 -3.927 8
v 203.177 -3.571 8
v 205.007 -2.693 8
v 206.262 -1.627 8
v 207.416 0.013 8
v 208.085 1.791 8
v 208.28 2.505 8
v 210.145 13.083 8
v 210.205 13.872 8
v 210.163 15.65 8
v 209.25 18.101 8
v 208.371 19.167 8
v 206.098 20.539 8
v 204.383 20.895 8
v 203.57 20.978 8
v 185.931 20.978 8
v 185.066 21.077 8
v 188.647 41.386 8
v 188.951 42.253 8
v 189.113 42.431 8
v 189.628 42.664 8
v 191.198 42.844 8
v 208.837 42.844 8
v 209.597 42.917 8
v 211.437 43.273 8
v 213.268 44.153 8
v 214.523 45.22 8
v 215.675 46.858 8
v 216.344 48.635 8
v 216.54 49.35 8
v 218.436 60.106 8
v 218.496 60.894 8
v 218.454 62.672 8
v 217.543 65.121 8
v 216.665 66.187 8
v 214.39 67.561 8
v 212.675 67.917 8
v 211.862 68 8
v 190.173 68 8
v 190.082 67.999 8
v 187.656 67.944 8
v 187.463 67.935 8
v 185.162 67.771 8
v 184.944 67.749 8
v 182.769 67.474 8
v 182.535 67.438 8
v 180.485 67.054 8
v 180.226 66.996 8
v 178.302 66.502 8
v 178.025 66.42 8
v 176.227 65.817 8
v 175.93 65.704 8
v 174.256 64.99 8
v 173.946 64.842 8
v 172.399 64.019 8
v 172.085 63.833 8
v 170.663 62.901 8
v 170.331 62.659 8
v 168.871 61.471 8
v 168.545 61.174 8
v 167.226 59.834 8
v 166.939 59.508 8
v 165.759 58.015 8
v 165.515 57.672 8
v 164.475 56.026 8
v 164.28 55.68 8
v 163.379 53.881 8
v 163.229 53.544 8
v 162.468 51.593 8
v 162.359 51.271 8
v 161.738 49.167 8
v 161.662 48.869 8
v 161.181 46.612 8
v 161.154 46.473 8
v 156.28 18.828 8
v 156.257 18.684 8
v 155.946 16.448 8
v 155.914 16.123 8
v 155.796 14.037 8
v 155.793 13.656 8
v 155.868 11.72 8
v 155.909 11.281 8
v 156.177 9.495 8
v 156.284 9.002 8
v 156.746 7.366 8
v 156.935 6.84 8
v 157.59 5.354 8
v 157.872 4.825 8
v 158.719 3.489 8
v 159.09 2.994 8
v 160.131 1.807 8
v 160.543 1.4 8
v 161.636 0.468 8
v 162.041 0.165 8
v 163.299 -0.658 8
v 163.693 -0.885 8
v 165.114 -1.599 8
v 165.488 -1.764 8
v 167.074 -2.367 8
v 167.409 -2.478 8
v 169.159 -2.972 8
v 169.459 -3.044 8
v 171.373 -3.428 8
v 171.635 -3.471 8
v 173.713 -3.746 8
v 173.946 -3.77 8
v 176.189 -3.934 8
v 176.39 -3.944 8
v 178.797 -3.999 8
v 178.888 -4 8
v 200.577 -4 8
v 178.888 0 8
v 176.481 0.055 8
v 174.238 0.219 8
v 172.16 0.494 8
v 170.246 0.878 8
v 168.496 1.372 8
v 166.91 1.975 8
v 165.489 2.689 8
v 164.231 3.512 8
v 163.138 4.444 8
v 162.097 5.631 8
v 161.25 6.967 8
v 160.595 8.453 8
v 160.133 10.089 8
v 159.865 11.875 8
v 159.79 13.811 8
v 159.908 15.897 8
v 160.219 18.133 8
v 165.093 45.778 8
v 165.574 48.035 8
v 166.195 50.139 8
v 166.956 52.09 8
v 167.857 53.889 8
v 168.897 55.535 8
v 170.077 57.028 8
v 171.396 58.368 8
v 172.856 59.556 8
v 174.278 60.488 8
v 175.825 61.311 8
v 177.499 62.025 8
v 179.297 62.628 8
v 181.221 63.122 8
v 183.271 63.506 8
v 185.446 63.781 8
v 187.747 63.945 8
v 190.173 64 8
v 211.862 64 8
v 213.577 63.644 8
v 214.455 62.578 8
v 214.497 60.8 8
v 212.601 50.044 8
v 211.932 48.267 8
v 210.677 47.2 8
v 208.837 46.844 8
v 190.97 46.844 8
v 188.549 46.567 8
v 186.707 45.733 8
v 185.446 44.344 8
v 184.764 42.4 8
v 181.034 21.244 8
v 181.044 19.378 8
v 181.825 18.044 8
v 183.378 17.244 8
v 185.704 16.978 8
v 203.57 16.978 8
v 205.285 16.622 8
v 206.164 15.556 8
v 206.206 13.778 8
v 204.341 3.2 8
v 203.672 1.422 8
v 202.417 0.356 8
v 200.577 0 8
v 201.337 -3.927 -8
v 203.177 -3.571 -8
v 205.007 -2.693 -8
v 206.262 -1.627 -8
v 207.416 0.013 -8
v 208.085 1.791 -8
v 208.28 2.505 -8
v 210.145 13.083 -8
v 210.205 13.872 -8
v 210.163 15.65 -8
v 209.25 18.101 -8
v 208.371 19.167 -8
v 206.098 20.539 -8
v 204.383 20.895 -8
v 203.57 20.978 -8
v 185.931 20.978 -8
v 185.066 21.077 -8
v 188.647 41.386 -8
v 188.951 42.253 -8
v 189.113 42.431 -8
v 189.628 42.664 -8
v 191.198 42.844 -8
v 208.837 42.844 -8
v 209.597 42.917 -8
v 211.437 43.273 -8
v 213.268 44.153 -8
v 214.523 45.22 -8
v 215.675 46.858 -8
v 216.344 48.635 -8
v 216.54 49.35 -8
v 218.436 60.106 -8
v 218.496 60.894 -8
v 218.454 62.672 -8
v 217.543 65.121 -8
v 216.665 66.187 -8
v 214.39 67.561 -8
v 212.675 67.917 -8
v 211.862 68 -8
v 190.173 68 -8
v 190.082 67.999 -8
v 187.656 67.944 -8
v 187.463 67.935 -8
v 185.162 67.771 -8
v 184.944 67.749 -8
v 182.769 67.474 -8
v 182.535 67.438 -8
v 180.485 67.054 -8
v 180.226 66.996 -8
v 178.302 66.502 -8
v 178.025 66.42 -8
v 176.227 65.817 -8
v 175.93 65.704 -8
v 174.256 64.99 -8
v 173.946 64.842 -8
v 172.399 64.019 -8
v 172.085 63.833 -8
v 170.663 62.901 -8
v 170.331 62.659 -8
v 168.871 61.471 -8
v 168.545 61.174 -8
v 167.226 59.834 -8
v 166.939 59.508 -8
v 165.759 58.015 -8
v 165.515 57.672 -8
v 164.475 56.026 -8
v 164.28 55.68 -8
v 163.379 53.881 -8
v 163.229 53.544 -8
v 162.468 51.593 -8
v 162.359 51.271 -8
v 161.738 49.167 -8
v 161.662 48.869 -8
v 161.181 46.612 -8
v 161.154 46.473 -8
v 156.28 18.828 -8
v 156.257 18.684 -8
v 155.946 16.448 -8
v 155.914 16.123 -8
v 155.796 14.037 -8
v 155.793 13.656 -8
v 155.868 11.72 -8
v 155.909 11.281 -8
v 156.177 9.495 -8
v 156.284 9.002 -8
v 156.746 7.366 -8
v 156.935 6.84 -8
v 157.59 5.354 -8
v 157.872 4.825 -8
v 158.719 3.489 -8
v 159.09 2.994 -8
v 160.131 1.807 -8
v 160.543 1.4 -8
v 161.636 0.468 -8
v 162.041 0.165 -8
v 163.299 -0.658 -8
v 163.693 -0.885 -8
v 165.114 -1.599 -8
v 165.488 -1.764 -8
v 167.074 -2.367 -8
v 167.409 -2.478 -8
v 169.159 -2.972 -8
v 169.459 -3.044 -8
v 171.373 -3.428 -8
v 171.635 -3.471 -8
v 173.713 -3.746 -8
v 173.946 -3.77 -8
v 176.189 -3.934 -8
v 176.39 -3.944 -8
v 178.797 -3.999 -8
v 178.888 -4 -8
v 200.577 -4 -8
v 178.888 0 -8
v 176.481 0.055 -8
v 174.238 0.219 -8
v 172.16 0.494 -8
v 170.246 0.878 -8
v 168.496 1.372 -8
v 166.91 1.975 -8
v 165.489 2.689 -8
v 164.231 3.512 -8
v 163.138 4.444 -8
v 162.097 5.631 -8
v 161.25 6.967 -8
v 160.595 8.453 -8
v 160.133 10.089 -8
v 159.865 11.875 -8
v 159.79 13.811 -8
v 159.908 15.897 -8
v 160.219 18.133 -8
v 165.093 45.778 -8
v 165.574 48.035 -8
v 166.195 50.139 -8
v 166.956 52.09 -8
v 167.857 53.889 -8
v 168.897 55.535 -8
v 170.077 57.028 -8
v 171.396 58.368 -8
v 172.856 59.556 -8
v 174.278 60.488 -8
v 175.825 61.311 -8
v 177.499 62.025 -8
v 179.297 62.628 -8
v 181.221 63.122 -8
v 183.271 63.506 -8
v 185.446 63.781 -8
v 187.747 63.945 -8
v 190.173 64 -8
v 211.862 64 -8
v 213.577 63.644 -8
v 214.455 62.578 -8
v 214.497 60.8 -8
v 212.601 50.044 -8
v 211.932 48.267 -8
v 210.677 47.2 -8
v 208.837 46.844 -8
v 190.97 46.844 -8
v 188.549 46.567 -8
v 186.707 45.733 -8
v 185.446 44.344 -8
v 184.764 42.4 -8
v 181.034 21.244 -8
v 181.044 19.378 -8
v 181.825 18.044 -8
v 183.378 17.244 -8
v 185.704 16.978 -8
v 203.57 16.978 -8
v 205.285 16.622 -8
v 206.164 15.556 -8
v 206.206 13.778 -8
v 204.341 3.2 -8
v 203.672 1.422 -8
v 202.417 0.356 -8
v 200.577 0 -8
v 261.026 -3.927 8
v 262.866 -3.571 8
v 264.696 -2.693 8
v 265.951 -1.627 8
v 267.105 0.013 8
v 267.774 1.791 8
v 267.969 2.505 8
v 269.803 12.905 8
v 269.863 13.694 8
v 269.821 15.472 8
v 268.908 17.923 8
v 268.029 18.989 8
v 265.756 20.361 8
v 264.041 20.717 8
v 263.228 20.8 8
v 259.599 20.8 8
v 259.976 20.873 8
v 261.807 21.753 8
v 263.062 22.82 8
v 264.214 24.458 8
v 264.883 26.235 8
v 265.079 26.949 8
v 266.756 36.461 8
v 266.816 37.251 8
v 266.774 39.028 8
v 265.862 41.476 8
v 264.983 42.543 8
v 263.896 43.2 8
v 268.588 43.2 8
v 269.347 43.273 8
v 271.188 43.629 8
v 273.02 44.508 8
v 274.274 45.574 8
v 275.427 47.213 8
v 276.096 48.991 8
v 276.291 49.705 8
v 278.125 60.105 8
v 278.185 60.894 8
v 278.143 62.672 8
v 277.232 65.121 8
v 276.354 66.187 8
v 274.079 67.561 8
v 272.364 67.917 8
v 271.551 68 8
v 230.306 68 8
v 229.546 67.927 8
v 227.706 67.571 8
v 225.876 66.693 8
v 224.621 65.627 8
v 223.467 63.987 8
v 222.798 62.209 8
v 222.603 61.495 8
v 212.446 3.895 8
v 212.386 3.106 8
v 212.428 1.328 8
v 213.341 -1.123 8
v 214.22 -2.189 8
v 216.493 -3.561 8
v 218.208 -3.917 8
v 219.021 -4 8
v 260.266 -4 8
v 219.021 0 8
v 217.306 0.356 8
v 216.427 1.422 8
v 216.385 3.2 8
v 226.542 60.8 8
v 227.211 62.578 8
v 228.466 63.644 8
v 230.306 64 8
v 271.551 64 8
v 273.266 63.644 8
v 274.144 62.578 8
v 274.186 60.8 8
v 272.352 50.4 8
v 271.683 48.622 8
v 270.429 47.556 8
v 268.588 47.2 8
v 244.055 47.2 8
v 242.848 40.356 8
v 260.181 40.356 8
v 261.896 40 8
v 262.775 38.933 8
v 262.817 37.156 8
v 261.14 27.644 8
v 260.471 25.867 8
v 259.216 24.8 8
v 257.376 24.444 8
v 240.042 24.444 8
v 238.695 16.8 8
v 263.228 16.8 8
v 264.943 16.444 8
v 265.822 15.378 8
v 265.864 13.6 8
v 264.03 3.2 8
v 263.361 1.422 8
v 262.106 0.356 8
v 260.266 0 8
v 261.026 -3.927 -8
v 262.866 -3.571 -8
v 264.696 -2.693 -8
v 265.951 -1.627 -8
v 267.105 0.013 -8
v 267.774 1.791 -8
v 267.969 2.505 -8
v 269.803 12.905 -8
v 269.863 13.694 -8
v 269.821 15.472 -8
v 268.908 17.923 -8
v 268.029 18.989 -8
v 265.756 20.361 -8
v 264.041 20.717 -8
v 263.228 20.8 -8
v 259.599 20.8 -8
v 259.976 20.873 -8
v 261.807 21.753 -8
v 263.062 22.82 -8
v 264.214 24.458 -8
v 264.883 26.235 -8
v 265.079 26.949 -8
v 266.756 36.461 -8
v 266.816 37.251 -8
v 266.774 39.028 -8
v 265.862 41.476 -8
v 264.983 42.543 -8
v 263.896 43.2 -8
v 268.588 43.2 -8
v 269.347 43.273 -8
v 271.188 43.629 -8
v 273.02 44.508 -8
v 274.274 45.574 -8
v 275.427 47.213 -8
v 276.096 48.991 -8
v 276.291 49.705 -8
v 278.125 60.105 -8
v 278.185 60.894 -8
v 278.143 62.672 -8
v 277.232 65.121 -8
v 276.354 66.187 -8
v 274.079 67.561 -8
v 272.364 67.917 -8
v 271.551 68 -8
v 230.306 68 -8
v 229.546 67.927 -8
v 227.706 67.571 -8
v 225.876 66.693 -8
v 224.621 65.627 -8
v 223.467 63.987 -8
v 222.798 62.209 -8
v 222.603 61.495 -8
v 212.446 3.895 -8
v 212.386 3.106 -8
v 212.428 1.328 -8
v 213.341 -1.123 -8
v 214.22 -2.189 -8
v 216.493 -3.561 -8
v 218.208 -3.917 -8
v 219.021 -4 -8
v 260.266 -4 -8
v 219.021 0 -8
v 217.306 0.356 -8
v 216.427 1.422 -8
v 216.385 3.2 -8
v 226.542 60.8 -8
v 227.211 62.578 -8
v 228.466 63.644 -8
v 230.306 64 -8
v 271.551 64 -8
v 273.266 63.644 -8
v 274.144 62.578 -8
v 274.186 60.8 -8
v 272.352 50.4 -8
v 271.683 48.622 -8
v 270.429 47.556 -8
v 268.588 47.2 -8
v 244.055 47.2 -8
v 242.848 40.356 -8
v 260.181 40.356 -8
v 261.896 40 -8
v 262.775 38.933 -8
v 262.817 37.156 -8
v 261.14 27.644 -8
v 260.471 25.867 -8
v 259.216 24.8 -8
v 257.376 24.444 -8
v 240.042 24.444 -8
v 238.695 16.8 -8
v 263.228 16.8 -8
v 264.943 16.444 -8
v 265.822 15.378 -8
v 265.864 13.6 -8
v 264.03 3.2 -8
v 263.361 1.422 -8
v 262.106 0.356 -8
v 260.266 0 -8
v 311.154 36.922 8
v 312.49 37.822 8
v 313.327 39.167 8
v 313.815 40.8 8
v 314.348 43.822 8
v 314.436 45.456 8
v 314.073 46.8 8
v 313.054 47.7 8
v 311.174 48 8
v 304.507 48 8
v 302.501 36.622 8
v 309.168 36.622 8
v 307.268 40.622 8
v 307.863 44 8
v 310.318 44 8
v 309.917 41.728 8
v 309.647 40.823 8
v 309.589 40.731 8
v 308.869 40.622 8
v 311.154 36.922 -8
v 312.49 37.822 -8
v 313.327 39.167 -8
v 313.815 40.8 -8
v 314.348 43.822 -8
v 314.436 45.456 -8
v 314.073 46.8 -8
v 313.054 47.7 -8
v 311.174 48 -8
v 304.507 48 -8
v 302.501 36.622 -8
v 309.168 36.622 -8
v 307.268 40.622 -8
v 307.863 44 -8
v 310.318 44 -8
v 309.917 41.728 -8
v 309.647 40.823 -8
v 309.589 40.731 -8
v 308.869 40.622 -8
v 293.602 -3.927 8
v 295.443 -3.571 8
v 297.274 -2.693 8
v 298.529 -1.627 8
v 299.683 0.013 8
v 300.352 1.791 8
v 300.547 2.505 8
v 303.036 16.622 8
v 310.735 16.622 8
v 308.491 3.895 8
v 308.431 3.106 8
v 308.473 1.328 8
v 309.386 -1.123 8
v 310.265 -2.189 8
v 312.538 -3.561 8
v 314.253 -3.917 8
v 315.066 -4 8
v 328.843 -4 8
v 329.602 -3.927 8
v 331.443 -3.571 8
v 333.274 -2.693 8
v 334.529 -1.627 8
v 335.683 0.013 8
v 336.352 1.791 8
v 336.547 2.506 8
v 339.869 21.35 8
v 339.901 21.561 8
v 340.163 23.713 8
v 340.192 24.204 8
v 340.188 26.177 8
v 340.144 26.764 8
v 339.874 28.559 8
v 339.715 29.222 8
v 339.179 30.84 8
v 338.877 31.528 8
v 338.075 32.968 8
v 337.651 33.585 8
v 336.618 34.823 8
v 336.084 35.353 8
v 335.091 36.168 8
v 335.225 36.346 8
v 335.584 36.914 8
v 336.29 38.275 8
v 336.455 38.638 8
v 337.054 40.143 8
v 337.172 40.481 8
v 337.663 42.131 8
v 337.741 42.437 8
v 338.124 44.232 8
v 338.151 44.372 8
v 338.872 48.461 8
v 338.9 48.64 8
v 339.18 50.792 8
v 339.212 51.199 8
v 339.267 53.213 8
v 339.252 53.683 8
v 339.082 55.558 8
v 338.999 56.082 8
v 338.605 57.818 8
v 338.392 58.481 8
v 337.731 60.056 8
v 337.324 60.796 8
v 336.353 62.188 8
v 335.816 62.81 8
v 334.535 64.018 8
v 333.956 64.471 8
v 332.364 65.496 8
v 331.859 65.772 8
v 330.607 66.343 8
v 330.187 66.507 8
v 328.758 66.973 8
v 328.4 67.071 8
v 326.795 67.434 8
v 326.49 67.491 8
v 324.708 67.751 8
v 324.447 67.781 8
v 322.489 67.936 8
v 322.27 67.947 8
v 320.136 67.999 8
v 320.039 68 8
v 290.439 68 8
v 289.679 67.927 8
v 287.839 67.571 8
v 286.009 66.693 8
v 284.754 65.627 8
v 283.6 63.987 8
v 282.931 62.209 8
v 282.736 61.495 8
v 272.58 3.895 8
v 272.52 3.106 8
v 272.562 1.328 8
v 273.473 -1.121 8
v 274.351 -2.187 8
v 276.626 -3.561 8
v 278.341 -3.917 8
v 279.154 -4 8
v 292.843 -4 8
v 279.154 0 8
v 277.439 0.356 8
v 276.561 1.422 8
v 276.519 3.2 8
v 286.675 60.8 8
v 287.344 62.578 8
v 288.599 63.644 8
v 290.439 64 8
v 320.039 64 8
v 322.173 63.948 8
v 324.131 63.793 8
v 325.913 63.533 8
v 327.518 63.17 8
v 328.947 62.704 8
v 330.199 62.133 8
v 331.791 61.108 8
v 333.072 59.9 8
v 334.043 58.508 8
v 334.704 56.933 8
v 335.098 55.197 8
v 335.268 53.322 8
v 335.213 51.308 8
v 334.933 49.156 8
v 334.212 45.067 8
v 333.829 43.272 8
v 333.338 41.622 8
v 332.739 40.117 8
v 332.033 38.756 8
v 330.847 37.185 8
v 329.319 35.911 8
v 327.448 34.933 8
v 329.267 34.606 8
v 330.89 34.052 8
v 332.317 33.269 8
v 333.547 32.26 8
v 334.58 31.022 8
v 335.382 29.582 8
v 335.918 27.964 8
v 336.188 26.169 8
v 336.192 24.196 8
v 335.93 22.044 8
v 332.608 3.2 8
v 331.939 1.422 8
v 330.684 0.356 8
v 328.843 0 8
v 315.066 0 8
v 313.351 0.356 8
v 312.472 1.422 8
v 312.43 3.2 8
v 314.828 16.8 8
v 314.949 18.556 8
v 314.59 19.733 8
v 313.674 20.4 8
v 312.124 20.622 8
v 299.68 20.622 8
v 296.608 3.2 8
v 295.939 1.422 8
v 294.684 0.356 8
v 292.843 0 8
v 293.602 -3.927 -8
v 295.443 -3.571 -8
v 297.274 -2.693 -8
v 298.529 -1.627 -8
v 299.683 0.013 -8
v 300.352 1.791 -8
v 300.547 2.505 -8
v 303.036 16.622 -8
v 310.735 16.622 -8
v 308.491 3.895 -8
v 308.431 3.106 -8
v 308.473 1.328 -8
v 309.386 -1.123 -8
v 310.265 -2.189 -8
v 312.538 -3.561 -8
v 314.253 -3.917 -8
v 315.066 -4 -8
v 328.843 -4 -8
v 329.602 -3.927 -8
v 331.443 -3.571 -8
v 333.274 -2.693 -8
v 334.529 -1.627 -8
v 335.683 0.013 -8
v 336.352 1.791 -8
v 336.547 2.506 -8
v 339.869 21.35 -8
v 339.901 21.561 -8
v 340.163 23.713 -8
v 340.192 24.204 -8
v 340.188 26.177 -8
v 340.144 26.764 -8
v 339.874 28.559 -8
v 339.715 29.222 -8
v 339.179 30.84 -8
v 338.877 31.528 -8
v 338.075 32.968 -8
v 337.651 33.585 -8
v 336.618 34.823 -8
v 336.084 35.353 -8
v 335.091 36.168 -8
v 335.225 36.346 -8
v 335.584 36.914 -8
v 336.29 38.275 -8
v 336.455 38.638 -8
v 337.054 40.143 -8
v 337.172 40.481 -8
v 337.663 42.131 -8
v 337.741 42.437 -8
v 338.124 44.232 -8
v 338.151 44.372 -8
v 338.872 48.461 -8
v 338.9 48.64 -8
v 339.18 50.792 -8
v 339.212 51.199 -8
v 339.267 53.213 -8
v 339.252 53.683 -8
v 339.082 55.558 -8
v 338.999 56.082 -8
v 338.605 57.818 -8
v 338.392 58.481 -8
v 337.731 60.056 -8
v 337.324 60.796 -8
v 336.353 62.188 -8
v 335.816 62.81 -8
v 334.535 64.018 -8
v 333.956 64.471 -8
v 332.364 65.496 -8
v 331.859 65.772 -8
v 330.607 66.343 -8
v 330.187 66.507 -8
v 328.758 66.973 -8
v 328.4 67.071 -8
v 326.795 67.434 -8
v 326.49 67.491 -8
v 324.708 67.751 -8
v 324.447 67.781 -8
v 322.489 67.936 -8
v 322.27 67.947 -8
v 320.136 67.999 -8
v 320.039 68 -8
v 290.439 68 -8
v 289.679 67.927 -8
v 287.839 67.571 -8
v 286.009 66.693 -8
v 284.754 65.627 -8
v 283.6 63.987 -8
v 282.931 62.209 -8
v 282.736 61.495 -8
v 272.58 3.895 -8
v 272.52 3.106 -8
v 272.562 1.328 -8
v 273.473 -1.121 -8
v 274.351 -2.187 -8
v 276.626 -3.561 -8
v 278.341 -3.917 -8
v 279.154 -4 -8
v 292.843 -4 -8
v 279.154 0 -8
v 277.439 0.356 -8
v 276.561 1.422 -8
v 276.519 3.2 -8
v 286.675 60.8 -8
v 287.344 62.578 -8
v 288.599 63.644 -8
v 290.439 64 -8
v 320.039 64 -8
v 322.173 63.948 -8
v 324.131 63.793 -8
v 325.913 63.533 -8
v 327.518 63.17 -8
v 328.947 62.704 -8
v 330.199 62.133 -8
v 331.791 61.108 -8
v 333.072 59.9 -8
v 334.043 58.508 -8
v 334.704 56.933 -8
v 335.098 55.197 -8
v 335.268 53.322 -8
v 335.213 51.308 -8
v 334.933 49.156 -8
v 334.212 45.067 -8
v 333.829 43.272 -8
v 333.338 41.622 -8
v 332.739 40.117 -8
v 332.033 38.756 -8
v 330.847 37.185 -8
v 329.319 35.911 -8
v 327.448 34.933 -8
v 329.267 34.606 -8
v 330.89 34.052 -8
v 332.317 33.269 -8
v 333.547 32.26 -8
v 334.58 31.022 -8
v 335.382 29.582 -8
v 335.918 27.964 -8
v 336.188 26.169 -8
v 336.192 24.196 -8
v 335.93 22.044 -8
v 332.608 3.2 -8
v 331.939 1.422 -8
v 330.684 0.356 -8
v 328.843 0 -8
v 315.066 0 -8
v 313.351 0.356 -8
v 312.472 1.422 -8
v 312.43 3.2 -8
v 314.828 16.8 -8
v 314.949 18.556 -8
v 314.59 19.733 -8
v 313.674 20.4 -8
v 312.124 20.622 -8
v 299.68 20.622 -8
v 296.608 3.2 -8
v 295.939 1.422 -8
v 294.684 0.356 -8
v 292.843 0 -8
v -103.69 15.897 8
v -103.69 15.897 -8
v -101.881 16.122 8
v -101.881 16.122 -8
v -101.881 16.122 8
v -101.881 16.122 -8
v -100.495 16.497 8
v -100.495 16.497 -8
v -100.495 16.497 8
v -100.495 16.497 -8
v -99.533 17.022 8
v -99.533 17.022 -8
v -99.533 17.022 8
v -99.533 17.022 -8
v -98.329 18.367 8
v -98.329 18.367 -8
v -98.329 18.367 8
v -98.329 18.367 -8
v -97.719 20 8
v -97.719 20 -8
v -97.719 20 8
v -97.719 20 -8
v -93.503 43.911 8
v -93.503 43.911 -8
v -93.503 43.911 8
v -93.503 43.911 -8
v -93.539 45.533 8
v -93.539 45.533 -8
v -93.539 45.533 8
v -93.539 45.533 -8
v -94.274 46.844 8
v -94.274 46.844 -8
v -94.274 46.844 8
v -94.274 46.844 -8
v -95.055 47.35 8
v -95.055 47.35 -8
v -95.055 47.35 8
v -95.055 47.35 -8
v -96.311 47.711 8
v -96.311 47.711 -8
v -96.311 47.711 8
v -96.311 47.711 -8
v -98.042 47.928 8
v -98.042 47.928 -8
v -98.042 47.928 8
v -98.042 47.928 -8
v -100.248 48 8
v -100.248 48 -8
v -100.248 48 8
v -100.248 48 -8
v -102.445 47.928 8
v -102.445 47.928 -8
v -102.445 47.928 8
v -102.445 47.928 -8
v -104.233 47.711 8
v -104.233 47.711 -8
v -104.233 47.711 8
v -104.233 47.711 -8
v -105.613 47.35 8
v -105.613 47.35 -8
v -105.613 47.35 8
v -105.613 47.35 -8
v -106.586 46.844 8
v -106.586 46.844 -8
v -106.586 46.844 8
v -106.586 46.844 -8
v -107.817 45.533 8
v -107.817 45.533 -8
v -107.817 45.533 8
v -107.817 45.533 -8
v -108.436 43.911 8
v -108.436 43.911 -8
v -108.436 43.911 8
v -108.436 43.911 -8
v -112.652 20 8
v -112.652 20 -8
v -112.652 20 8
v -112.652 20 -8
v -112.607 18.367 8
v -112.607 18.367 -8
v -112.607 18.367 8
v -112.607 18.367 -8
v -111.844 17.022 8
v -111.844 17.022 -8
v -111.844 17.022 8
v -111.844 17.022 -8
v -111.053 16.497 8
v -111.053 16.497 -8
v -111.053 16.497 8
v -111.053 16.497 -8
v -109.803 16.122 8
v -109.803 16.122 -8
v -109.803 16.122 8
v -109.803 16.122 -8
v -108.092 15.897 8
v -108.092 15.897 -8
v -108.092 15.897 8
v -108.092 15.897 -8
v -105.922 15.822 8
v -105.922 15.822 -8
v -105.922 15.822 8
v -105.922 15.822 -8
v -103.69 15.897 8
v -103.69 15.897 -8
v -107.763 19.888 8
v -107.763 19.888 -8
v -108.591 19.997 8
v -108.591 19.997 -8
v -108.591 19.997 8
v -108.591 19.997 -8
v -104.563 42.841 8
v -104.563 42.841 -8
v -104.563 42.841 8
v -104.563 42.841 -8
v -104.361 43.37 8
v -104.361 43.37 -8
v -104.361 43.37 8
v -104.361 43.37 -8
v -104.146 43.599 8
v -104.146 43.599 -8
v -104.146 43.599 8
v -104.146 43.599 -8
v -103.483 43.773 8
v -103.483 43.773 -8
v -103.483 43.773 8
v -103.483 43.773 -8
v -102.138 43.936 8
v -102.138 43.936 -8
v -102.138 43.936 8
v -102.138 43.936 -8
v -100.247 43.998 8
v -100.247 43.998 -8
v -100.247 43.998 8
v -100.247 43.998 -8
v -98.357 43.936 8
v -98.357 43.936 -8
v -98.357 43.936 8
v -98.357 43.936 -8
v -97.577 43.838 8
v -97.577 43.838 -8
v -97.577 43.838 8
v -97.577 43.838 -8
v -101.594 21.057 8
v -101.594 21.057 -8
v -101.594 21.057 8
v -101.594 21.057 -8
v -101.812 20.473 8
v -101.812 20.473 -8
v -101.812 20.473 8
v -101.812 20.473 -8
v -102.035 20.224 8
v -102.035 20.224 -8
v -102.035 20.224 8
v -102.035 20.224 -8
v -102.656 20.056 8
v -102.656 20.056 -8
v -102.656 20.056 8
v -102.656 20.056 -8
v -103.998 19.889 8
v -103.998 19.889 -8
v -103.998 19.889 8
v -103.998 19.889 -8
v -105.918 19.825 8
v -105.918 19.825 -8
v -105.918 19.825 8
v -105.918 19.825 -8
v -107.763 19.888 8
v -107.763 19.888 -8
v -106.571 -5.307 8
v -106.571 -5.307 -8
v -106.474 -5.304 8
v -106.474 -5.304 -8
v -106.474 -5.304 8
v -106.474 -5.304 -8
v -104.255 -5.225 8
v -104.255 -5.225 -8
v -104.255 -5.225 8
v -104.255 -5.225 -8
v -104.149 -5.22 8
v -104.149 -5.22 -8
v -104.149 -5.22 8
v -104.149 -5.22 -8
v -102.043 -5.089 8
v -102.043 -5.089 -8
v -102.043 -5.089 8
v -102.043 -5.089 -8
v -101.922 -5.08 8
v -101.922 -5.08 -8
v -101.922 -5.08 8
v -101.922 -5.08 -8
v -99.927 -4.895 8
v -99.927 -4.895 -8
v -99.927 -4.895 8
v -99.927 -4.895 -8
v -99.798 -4.881 8
v -99.798 -4.881 -8
v -99.798 -4.881 8
v -99.798 -4.881 -8
v -97.916 -4.645 8
v -97.916 -4.645 -8
v -97.916 -4.645 8
v -97.916 -4.645 -8
v -97.767 -4.623 8
v -97.767 -4.623 -8
v -97.767 -4.623 8
v -97.767 -4.623 -8
v -95.997 -4.333 8
v -95.997 -4.333 -8
v -95.997 -4.333 8
v -95.997 -4.333 -8
v -95.835 -4.303 8
v -95.835 -4.303 -8
v -95.835 -4.303 8
v -95.835 -4.303 -8
v -94.178 -3.961 8
v -94.178 -3.961 -8
v -94.178 -3.961 8
v -94.178 -3.961 -8
v -93.981 -3.916 8
v -93.981 -3.916 -8
v -93.981 -3.916 8
v -93.981 -3.916 -8
v -91.825 -3.356 8
v -91.825 -3.356 -8
v -91.825 -3.356 8
v -91.825 -3.356 -8
v -91.589 -3.286 8
v -91.589 -3.286 -8
v -91.589 -3.286 8
v -91.589 -3.286 -8
v -89.606 -2.638 8
v -89.606 -2.638 -8
v -89.606 -2.638 8
v -89.606 -2.638 -8
v -89.338 -2.54 8
v -89.338 -2.54 -8
v -89.338 -2.54 8
v -89.338 -2.54 -8
v -87.528 -1.802 8
v -87.528 -1.802 -8
v -87.528 -1.802 8
v -87.528 -1.802 -8
v -87.234 -1.668 8
v -87.234 -1.668 -8
v -87.234 -1.668 8
v -87.234 -1.668 -8
v -85.597 -0.841 8
v -85.597 -0.841 -8
v -85.597 -0.841 8
v -85.597 -0.841 -8
v -85.282 -0.664 8
v -85.282 -0.664 -8
v -85.282 -0.664 8
v -85.282 -0.664 -8
v -83.817 0.251 8
v -83.817 0.251 -8
v -83.817 0.251 8
v -83.817 0.251 -8
v -83.481 0.486 8
v -83.481 0.486 -8
v -83.481 0.486 8
v -83.481 0.486 -8
v -81.862 1.745 8
v -81.862 1.745 -8
v -81.862 1.745 8
v -81.862 1.745 -8
v -81.526 2.037 8
v -81.526 2.037 -8
v -81.526 2.037 8
v -81.526 2.037 -8
v -80.114 3.412 8
v -80.114 3.412 -8
v -80.114 3.412 8
v -80.114 3.412 -8
v -79.793 3.765 8
v -79.793 3.765 -8
v -79.793 3.765 8
v -79.793 3.765 -8
v -78.589 5.256 8
v -78.589 5.256 -8
v -78.589 5.256 8
v -78.589 5.256 -8
v -78.302 5.661 8
v -78.302 5.661 -8
v -78.302 5.661 8
v -78.302 5.661 -8
v -77.304 7.27 8
v -77.304 7.27 -8
v -77.304 7.27 8
v -77.304 7.27 -8
v -77.1 7.64 8
v -77.1 7.64 -8
v -77.1 7.64 8
v -77.1 7.64 -8
v -76.273 9.354 8
v -76.273 9.354 -8
v -76.273 9.354 8
v -76.273 9.354 -8
v -76.142 9.659 8
v -76.142 9.659 -8
v -76.142 9.659 8
v -76.142 9.659 -8
v -75.448 11.467 8
v -75.448 11.467 -8
v -75.448 11.467 8
v -75.448 11.467 -8
v -75.345 11.769 8
v -75.345 11.769 -8
v -75.345 11.769 8
v -75.345 11.769 -8
v -74.784 13.672 8
v -74.784 13.672 -8
v -74.784 13.672 8
v -74.784 13.672 -8
v -74.709 13.967 8
v -74.709 13.967 -8
v -74.709 13.967 8
v -74.709 13.967 -8
v -74.282 15.964 8
v -74.282 15.964 -8
v -74.282 15.964 8
v -74.282 15.964 -8
v -74.255 16.105 8
v -74.255 16.105 -8
v -74.255 16.105 8
v -74.255 16.105 -8
v -68.911 46.416 8
v -68.911 46.416 -8
v -68.911 46.416 8
v -68.911 46.416 -8
v -68.888 46.559 8
v -68.888 46.559 -8
v -68.888 46.559 8
v -68.888 46.559 -8
v -68.61 48.556 8
v -68.61 48.556 -8
v -68.61 48.556 8
v -68.61 48.556 -8
v -68.579 48.877 8
v -68.579 48.877 -8
v -68.579 48.877 8
v -68.579 48.877 -8
v -68.469 50.78 8
v -68.469 50.78 -8
v -68.469 50.78 8
v -68.469 50.78 -8
v -68.464 51.135 8
v -68.464 51.135 -8
v -68.464 51.135 8
v -68.464 51.135 -8
v -68.52 52.943 8
v -68.52 52.943 -8
v -68.52 52.943 8
v -68.52 52.943 -8
v -68.551 53.335 8
v -68.551 53.335 -8
v -68.551 53.335 8
v -68.551 53.335 -8
v -68.774 55.049 8
v -68.774 55.049 -8
v -68.774 55.049 8
v -68.774 55.049 -8
v -68.877 55.566 8
v -68.877 55.566 -8
v -68.877 55.566 8
v -68.877 55.566 -8
v -69.307 57.175 8
v -69.307 57.175 -8
v -69.307 57.175 8
v -69.307 57.175 -8
v -69.531 57.8 8
v -69.531 57.8 -8
v -69.531 57.8 8
v -69.531 57.8 -8
v -70.21 59.291 8
v -70.21 59.291 -8
v -70.21 59.291 8
v -70.21 59.291 -8
v -70.533 59.869 8
v -70.533 59.869 -8
v -70.533 59.869 8
v -70.533 59.869 -8
v -71.46 61.244 8
v -71.46 61.244 -8
v -71.46 61.244 8
v -71.46 61.244 -8
v -71.853 61.737 8
v -71.853 61.737 -8
v -71.853 61.737 8
v -71.853 61.737 -8
v -73.028 62.996 8
v -73.028 62.996 -8
v -73.028 62.996 8
v -73.028 62.996 -8
v -73.448 63.386 8
v -73.448 63.386 -8
v -73.448 63.386 8
v -73.448 63.386 -8
v -74.59 64.303 8
v -74.59 64.303 -8
v -74.59 64.303 8
v -74.59 64.303 -8
v -74.989 64.585 8
v -74.989 64.585 -8
v -74.989 64.585 8
v -74.989 64.585 -8
v -76.333 65.417 8
v -76.333 65.417 -8
v -76.333 65.417 8
v -76.333 65.417 -8
v -76.7 65.619 8
v -76.7 65.619 -8
v -76.7 65.619 8
v -76.7 65.619 -8
v -78.249 66.366 8
v -78.249 66.366 -8
v -78.249 66.366 8
v -78.249 66.366 -8
v -78.575 66.506 8
v -78.575 66.506 -8
v -78.575 66.506 8
v -78.575 66.506 -8
v -80.327 67.167 8
v -80.327 67.167 -8
v -80.327 67.167 8
v -80.327 67.167 -8
v -80.609 67.261 8
v -80.609 67.261 -8
v -80.609 67.261 8
v -80.609 67.261 -8
v -82.564 67.837 8
v -82.564 67.837 -8
v -82.564 67.837 8
v -82.564 67.837 -8
v -82.795 67.898 8
v -82.795 67.898 -8
v -82.795 67.898 8
v -82.795 67.898 -8
v -84.33 68.252 8
v -84.33 68.252 -8
v -84.33 68.252 8
v -84.33 68.252 -8
v -84.522 68.291 8
v -84.522 68.291 -8
v -84.522 68.291 8
v -84.522 68.291 -8
v -86.188 68.59 8
v -86.188 68.59 -8
v -86.188 68.59 8
v -86.188 68.59 -8
v -86.355 68.616 8
v -86.355 68.616 -8
v -86.355 68.616 8
v -86.355 68.616 -8
v -88.152 68.861 8
v -88.152 68.861 -8
v -88.152 68.861 8
v -88.152 68.861 -8
v -88.3 68.879 8
v -88.3 68.879 -8
v -88.3 68.879 8
v -88.3 68.879 -8
v -90.228 69.069 8
v -90.228 69.069 -8
v -90.228 69.069 8
v -90.228 69.069 -8
v -90.356 69.079 8
v -90.356 69.079 -8
v -90.356 69.079 8
v -90.356 69.079 -8
v -92.416 69.215 8
v -92.416 69.215 -8
v -92.416 69.215 8
v -92.416 69.215 -8
v -92.53 69.221 8
v -92.53 69.221 -8
v -92.53 69.221 8
v -92.53 69.221 -8
v -94.72 69.303 8
v -94.72 69.303 -8
v -94.72 69.303 8
v -94.72 69.303 -8
v -94.823 69.306 8
v -94.823 69.306 -8
v -94.823 69.306 8
v -94.823 69.306 -8
v -97.145 69.333 8
v -97.145 69.333 -8
v -97.145 69.333 8
v -97.145 69.333 -8
v -97.238 69.333 8
v -97.238 69.333 -8
v -97.238 69.333 8
v -97.238 69.333 -8
v -99.569 69.306 8
v -99.569 69.306 -8
v -99.569 69.306 8
v -99.569 69.306 -8
v -99.671 69.303 8
v -99.671 69.303 -8
v -99.671 69.303 8
v -99.671 69.303 -8
v -101.891 69.221 8
v -101.891 69.221 -8
v -101.891 69.221 8
v -101.891 69.221 -8
v -102.001 69.216 8
v -102.001 69.216 -8
v -102.001 69.216 8
v -102.001 69.216 -8
v -104.108 69.08 8
v -104.108 69.08 -8
v -104.108 69.08 8
v -104.108 69.08 -8
v -104.229 69.07 8
v -104.229 69.07 -8
v -104.229 69.07 8
v -104.229 69.07 -8
v -106.225 68.88 8
v -106.225 68.88 -8
v -106.225 68.88 8
v -106.225 68.88 -8
v -106.362 68.865 8
v -106.362 68.865 -8
v -106.362 68.865 8
v -106.362 68.865 -8
v -108.245 68.62 8
v -108.245 68.62 -8
v -108.245 68.62 8
v -108.245 68.62 -8
v -108.395 68.597 8
v -108.395 68.597 -8
v -108.395 68.597 8
v -108.395 68.597 -8
v -110.167 68.298 8
v -110.167 68.298 -8
v -110.167 68.298 8
v -110.167 68.298 -8
v -110.335 68.266 8
v -110.335 68.266 -8
v -110.335 68.266 8
v -110.335 68.266 -8
v -111.995 67.912 8
v -111.995 67.912 -8
v -111.995 67.912 8
v -111.995 67.912 -8
v -112.193 67.865 8
v -112.193 67.865 -8
v -112.193 67.865 8
v -112.193 67.865 -8
v -114.351 67.289 8
v -114.351 67.289 -8
v -114.351 67.289 8
v -114.351 67.289 -8
v -114.583 67.219 8
v -114.583 67.219 -8
v -114.583 67.219 8
v -114.583 67.219 -8
v -116.568 66.558 8
v -116.568 66.558 -8
v -116.568 66.558 8
v -116.568 66.558 -8
v -116.829 66.461 8
v -116.829 66.461 -8
v -116.829 66.461 8
v -116.829 66.461 -8
v -118.641 65.714 8
v -118.641 65.714 -8
v -118.641 65.714 8
v -118.641 65.714 -8
v -118.927 65.582 8
v -118.927 65.582 -8
v -118.927 65.582 8
v -118.927 65.582 -8
v -120.565 64.75 8
v -120.565 64.75 -8
v -120.565 64.75 8
v -120.565 64.75 -8
v -120.876 64.575 8
v -120.876 64.575 -8
v -120.876 64.575 8
v -120.876 64.575 -8
v -122.341 63.658 8
v -122.341 63.658 -8
v -122.341 63.658 8
v -122.341 63.658 -8
v -122.672 63.427 8
v -122.672 63.427 -8
v -122.672 63.427 8
v -122.672 63.427 -8
v -124.294 62.168 8
v -124.294 62.168 -8
v -124.294 62.168 8
v -124.294 62.168 -8
v -124.624 61.882 8
v -124.624 61.882 -8
v -124.624 61.882 8
v -124.624 61.882 -8
v -126.044 60.507 8
v -126.044 60.507 -8
v -126.044 60.507 8
v -126.044 60.507 -8
v -126.358 60.165 8
v -126.358 60.165 -8
v -126.358 60.165 8
v -126.358 60.165 -8
v -127.577 58.674 8
v -127.577 58.674 -8
v -127.577 58.674 8
v -127.577 58.674 -8
v -127.862 58.278 8
v -127.862 58.278 -8
v -127.862 58.278 8
v -127.862 58.278 -8
v -128.878 56.669 8
v -128.878 56.669 -8
v -128.878 56.669 8
v -128.878 56.669 -8
v -129.082 56.305 8
v -129.082 56.305 -8
v -129.082 56.305 8
v -129.082 56.305 -8
v -129.929 54.591 8
v -129.929 54.591 -8
v -129.929 54.591 8
v -129.929 54.591 -8
v -130.068 54.278 8
v -130.068 54.278 -8
v -130.068 54.278 8
v -130.068 54.278 -8
v -130.776 52.47 8
v -130.776 52.47 -8
v -130.776 52.47 8
v -130.776 52.47 -8
v -130.883 52.157 8
v -130.883 52.157 -8
v -130.883 52.157 8
v -130.883 52.157 -8
v -131.452 50.254 8
v -131.452 50.254 -8
v -131.452 50.254 8
v -131.452 50.254 -8
v -131.53 49.95 8
v -131.53 49.95 -8
v -131.53 49.95 8
v -131.53 49.95 -8
v -131.96 47.953 8
v -131.96 47.953 -8
v -131.96 47.953 8
v -131.96 47.953 -8
v -131.989 47.806 8
v -131.989 47.806 -8
v -131.989 47.806 8
v -131.989 47.806 -8
v -137.333 17.495 8
v -137.333 17.495 -8
v -137.333 17.495 8
v -137.333 17.495 -8
v -137.357 17.346 8
v -137.357 17.346 -8
v -137.357 17.346 8
v -137.357 17.346 -8
v -137.632 15.349 8
v -137.632 15.349 -8
v -137.632 15.349 8
v -137.632 15.349 -8
v -137.663 15.017 8
v -137.663 15.017 -8
v -137.663 15.017 8
v -137.663 15.017 -8
v -137.765 13.114 8
v -137.765 13.114 -8
v -137.765 13.114 8
v -137.765 13.114 -8
v -137.768 12.745 8
v -137.768 12.745 -8
v -137.768 12.745 8
v -137.768 12.745 -8
v -137.698 10.937 8
v -137.698 10.937 -8
v -137.698 10.937 8
v -137.698 10.937 -8
v -137.662 10.533 8
v -137.662 10.533 -8
v -137.662 10.533 8
v -137.662 10.533 -8
v -137.42 8.819 8
v -137.42 8.819 -8
v -137.42 8.819 8
v -137.42 8.819 -8
v -137.311 8.301 8
v -137.311 8.301 -8
v -137.311 8.301 8
v -137.311 8.301 -8
v -136.861 6.692 8
v -136.861 6.692 -8
v -136.861 6.692 8
v -136.861 6.692 -8
v -136.636 6.083 8
v -136.636 6.083 -8
v -136.636 6.083 8
v -136.636 6.083 -8
v -135.943 4.592 8
v -135.943 4.592 -8
v -135.943 4.592 8
v -135.943 4.592 -8
v -135.624 4.029 8
v -135.624 4.029 -8
v -135.624 4.029 8
v -135.624 4.029 -8
v -134.689 2.654 8
v -134.689 2.654 -8
v -134.689 2.654 8
v -134.689 2.654 -8
v -134.302 2.17 8
v -134.302 2.17 -8
v -134.302 2.17 8
v -134.302 2.17 -8
v -133.124 0.911 8
v -133.124 0.911 -8
v -133.124 0.911 8
v -133.124 0.911 -8
v -132.704 0.522 8
v -132.704 0.522 -8
v -132.704 0.522 8
v -132.704 0.522 -8
v -131.562 -0.393 8
v -131.562 -0.393 -8
v -131.562 -0.393 8
v -131.562 -0.393 -8
v -131.155 -0.679 8
v -131.155 -0.679 -8
v -131.155 -0.679 8
v -131.155 -0.679 -8
v -129.809 -1.506 8
v -129.809 -1.506 -8
v -129.809 -1.506 8
v -129.809 -1.506 -8
v -129.435 -1.709 8
v -129.435 -1.709 -8
v -129.435 -1.709 8
v -129.435 -1.709 -8
v -127.886 -2.447 8
v -127.886 -2.447 -8
v -127.886 -2.447 8
v -127.886 -2.447 -8
v -127.551 -2.588 8
v -127.551 -2.588 -8
v -127.551 -2.588 8
v -127.551 -2.588 -8
v -125.796 -3.236 8
v -125.796 -3.236 -8
v -125.796 -3.236 8
v -125.796 -3.236 -8
v -125.511 -3.33 8
v -125.511 -3.33 -8
v -125.511 -3.33 8
v -125.511 -3.33 -8
v -123.553 -3.89 8
v -123.553 -3.89 -8
v -123.553 -3.89 8
v -123.553 -3.89 -8
v -123.322 -3.949 8
v -123.322 -3.949 -8
v -123.322 -3.949 8
v -123.322 -3.949 -8
v -121.785 -4.291 8
v -121.785 -4.291 -8
v -121.785 -4.291 8
v -121.785 -4.291 -8
v -121.602 -4.327 8
v -121.602 -4.327 -8
v -121.602 -4.327 8
v -121.602 -4.327 -8
v -119.935 -4.617 8
v -119.935 -4.617 -8
v -119.935 -4.617 8
v -119.935 -4.617 -8
v -119.769 -4.642 8
v -119.769 -4.642 -8
v -119.769 -4.642 8
v -119.769 -4.642 -8
v -117.97 -4.878 8
v -117.97 -4.878 -8
v -117.97 -4.878 8
v -117.97 -4.878 -8
v -117.832 -4.894 8
v -117.832 -4.894 -8
v -117.832 -4.894 8
v -117.832 -4.894 -8
v -115.903 -5.079 8
v -115.903 -5.079 -8
v -115.903 -5.079 8
v -115.903 -5.079 -8
v -115.775 -5.089 8
v -115.775 -5.089 -8
v -115.775 -5.089 8
v -115.775 -5.089 -8
v -113.714 -5.22 8
v -113.714 -5.22 -8
v -113.714 -5.22 8
v -113.714 -5.22 -8
v -113.604 -5.225 8
v -113.604 -5.225 -8
v -113.604 -5.225 8
v -113.604 -5.225 -8
v -111.413 -5.304 8
v -111.413 -5.304 -8
v -111.413 -5.304 8
v -111.413 -5.304 -8
v -111.314 -5.307 8
v -111.314 -5.307 -8
v -111.314 -5.307 8
v -111.314 -5.307 -8
v -108.992 -5.333 8
v -108.992 -5.333 -8
v -108.992 -5.333 8
v -108.992 -5.333 -8
v -108.902 -5.333 8
v -108.902 -5.333 -8
v -108.902 -5.333 8
v -108.902 -5.333 -8
v -106.571 -5.307 8
v -106.571 -5.307 -8
v -111.269 -1.307 8
v -111.269 -1.307 -8
v -113.46 -1.228 8
v -113.46 -1.228 -8
v -113.46 -1.228 8
v -113.46 -1.228 -8
v -115.521 -1.097 8
v -115.521 -1.097 -8
v -115.521 -1.097 8
v -115.521 -1.097 -8
v -117.45 -0.912 8
v -117.45 -0.912 -8
v -117.45 -0.912 8
v -117.45 -0.912 -8
v -119.249 -0.676 8
v -119.249 -0.676 -8
v -119.249 -0.676 8
v -119.249 -0.676 -8
v -120.916 -0.386 8
v -120.916 -0.386 -8
v -120.916 -0.386 8
v -120.916 -0.386 -8
v -122.453 -0.044 8
v -122.453 -0.044 -8
v -122.453 -0.044 8
v -122.453 -0.044 -8
v -124.411 0.516 8
v -124.411 0.516 -8
v -124.411 0.516 8
v -124.411 0.516 -8
v -126.166 1.164 8
v -126.166 1.164 -8
v -126.166 1.164 8
v -126.166 1.164 -8
v -127.715 1.902 8
v -127.715 1.902 -8
v -127.715 1.902 8
v -127.715 1.902 -8
v -129.061 2.729 8
v -129.061 2.729 -8
v -129.061 2.729 8
v -129.061 2.729 -8
v -130.203 3.644 8
v -130.203 3.644 -8
v -130.203 3.644 8
v -130.203 3.644 -8
v -131.381 4.903 8
v -131.381 4.903 -8
v -131.381 4.903 8
v -131.381 4.903 -8
v -132.316 6.278 8
v -132.316 6.278 -8
v -132.316 6.278 8
v -132.316 6.278 -8
v -133.009 7.769 8
v -133.009 7.769 -8
v -133.009 7.769 8
v -133.009 7.769 -8
v -133.459 9.378 8
v -133.459 9.378 -8
v -133.459 9.378 8
v -133.459 9.378 -8
v -133.701 11.092 8
v -133.701 11.092 -8
v -133.701 11.092 8
v -133.701 11.092 -8
v -133.771 12.9 8
v -133.771 12.9 -8
v -133.771 12.9 8
v -133.771 12.9 -8
v -133.669 14.803 8
v -133.669 14.803 -8
v -133.669 14.803 8
v -133.669 14.803 -8
v -133.394 16.8 8
v -133.394 16.8 -8
v -133.394 16.8 8
v -133.394 16.8 -8
v -128.05 47.111 8
v -128.05 47.111 -8
v -128.05 47.111 8
v -128.05 47.111 -8
v -127.62 49.108 8
v -127.62 49.108 -8
v -127.62 49.108 8
v -127.62 49.108 -8
v -127.051 51.011 8
v -127.051 51.011 -8
v -127.051 51.011 8
v -127.051 51.011 -8
v -126.343 52.819 8
v -126.343 52.819 -8
v -126.343 52.819 8
v -126.343 52.819 -8
v -125.496 54.533 8
v -125.496 54.533 -8
v -125.496 54.533 8
v -125.496 54.533 -8
v -124.48 56.142 8
v -124.48 56.142 -8
v -124.48 56.142 8
v -124.48 56.142 -8
v -123.261 57.633 8
v -123.261 57.633 -8
v -123.261 57.633 8
v -123.261 57.633 -8
v -121.841 59.008 8
v -121.841 59.008 -8
v -121.841 59.008 8
v -121.841 59.008 -8
v -120.219 60.267 8
v -120.219 60.267 -8
v -120.219 60.267 8
v -120.219 60.267 -8
v -118.754 61.184 8
v -118.754 61.184 -8
v -118.754 61.184 8
v -118.754 61.184 -8
v -117.116 62.016 8
v -117.116 62.016 -8
v -117.116 62.016 8
v -117.116 62.016 -8
v -115.304 62.763 8
v -115.304 62.763 -8
v -115.304 62.763 8
v -115.304 62.763 -8
v -113.319 63.424 8
v -113.319 63.424 -8
v -113.319 63.424 8
v -113.319 63.424 -8
v -111.161 64 8
v -111.161 64 -8
v -111.161 64 8
v -111.161 64 -8
v -109.501 64.354 8
v -109.501 64.354 -8
v -109.501 64.354 8
v -109.501 64.354 -8
v -107.729 64.653 8
v -107.729 64.653 -8
v -107.729 64.653 8
v -107.729 64.653 -8
v -105.846 64.898 8
v -105.846 64.898 -8
v -105.846 64.898 8
v -105.846 64.898 -8
v -103.85 65.088 8
v -103.85 65.088 -8
v -103.85 65.088 8
v -103.85 65.088 -8
v -101.743 65.224 8
v -101.743 65.224 -8
v -101.743 65.224 8
v -101.743 65.224 -8
v -99.523 65.306 8
v -99.523 65.306 -8
v -99.523 65.306 8
v -99.523 65.306 -8
v -97.192 65.333 8
v -97.192 65.333 -8
v -97.192 65.333 8
v -97.192 65.333 -8
v -94.87 65.306 8
v -94.87 65.306 -8
v -94.87 65.306 8
v -94.87 65.306 -8
v -92.68 65.224 8
v -92.68 65.224 -8
v -92.68 65.224 8
v -92.68 65.224 -8
v -90.62 65.088 8
v -90.62 65.088 -8
v -90.62 65.088 8
v -90.62 65.088 -8
v -88.692 64.898 8
v -88.692 64.898 -8
v -88.692 64.898 8
v -88.692 64.898 -8
v -86.895 64.653 8
v -86.895 64.653 -8
v -86.895 64.653 8
v -86.895 64.653 -8
v -85.229 64.354 8
v -85.229 64.354 -8
v -85.229 64.354 8
v -85.229 64.354 -8
v -83.694 64 8
v -83.694 64 -8
v -83.694 64 8
v -83.694 64 -8
v -81.739 63.424 8
v -81.739 63.424 -8
v -81.739 63.424 8
v -81.739 63.424 -8
v -79.987 62.763 8
v -79.987 62.763 -8
v -79.987 62.763 8
v -79.987 62.763 -8
v -78.438 62.016 8
v -78.438 62.016 -8
v -78.438 62.016 8
v -78.438 62.016 -8
v -77.094 61.184 8
v -77.094 61.184 -8
v -77.094 61.184 8
v -77.094 61.184 -8
v -75.952 60.267 8
v -75.952 60.267 -8
v -75.952 60.267 8
v -75.952 60.267 -8
v -74.777 59.008 8
v -74.777 59.008 -8
v -74.777 59.008 8
v -74.777 59.008 -8
v -73.85 57.633 8
v -73.85 57.633 -8
v -73.85 57.633 8
v -73.85 57.633 -8
v -73.171 56.142 8
v -73.171 56.142 -8
v -73.171 56.142 8
v -73.171 56.142 -8
v -72.741 54.533 8
v -72.741 54.533 -8
v -72.741 54.533 8
v -72.741 54.533 -8
v -72.518 52.819 8
v -72.518 52.819 -8
v -72.518 52.819 8
v -72.518 52.819 -8
v -72.462 51.011 8
v -72.462 51.011 -8
v -72.462 51.011 8
v -72.462 51.011 -8
v -72.572 49.108 8
v -72.572 49.108 -8
v -72.572 49.108 8
v -72.572 49.108 -8
v -72.85 47.111 8
v -72.85 47.111 -8
v -72.85 47.111 8
v -72.85 47.111 -8
v -78.194 16.8 8
v -78.194 16.8 -8
v -78.194 16.8 8
v -78.194 16.8 -8
v -78.621 14.803 8
v -78.621 14.803 -8
v -78.621 14.803 8
v -78.621 14.803 -8
v -79.182 12.9 8
v -79.182 12.9 -8
v -79.182 12.9 8
v -79.182 12.9 -8
v -79.876 11.092 8
v -79.876 11.092 -8
v -79.876 11.092 8
v -79.876 11.092 -8
v -80.703 9.378 8
v -80.703 9.378 -8
v -80.703 9.378 8
v -80.703 9.378 -8
v -81.701 7.769 8
v -81.701 7.769 -8
v -81.701 7.769 8
v -81.701 7.769 -8
v -82.905 6.278 8
v -82.905 6.278 -8
v -82.905 6.278 8
v -82.905 6.278 -8
v -84.317 4.903 8
v -84.317 4.903 -8
v -84.317 4.903 8
v -84.317 4.903 -8
v -85.936 3.644 8
v -85.936 3.644 -8
v -85.936 3.644 8
v -85.936 3.644 -8
v -87.401 2.729 8
v -87.401 2.729 -8
v -87.401 2.729 8
v -87.401 2.729 -8
v -89.038 1.902 8
v -89.038 1.902 -8
v -89.038 1.902 8
v -89.038 1.902 -8
v -90.848 1.164 8
v -90.848 1.164 -8
v -90.848 1.164 8
v -90.848 1.164 -8
v -92.831 0.516 8
v -92.831 0.516 -8
v -92.831 0.516 8
v -92.831 0.516 -8
v -94.987 -0.044 8
v -94.987 -0.044 -8
v -94.987 -0.044 8
v -94.987 -0.044 -8
v -96.644 -0.386 8
v -96.644 -0.386 -8
v -96.644 -0.386 8
v -96.644 -0.386 -8
v -98.414 -0.676 8
v -98.414 -0.676 -8
v -98.414 -0.676 8
v -98.414 -0.676 -8
v -100.296 -0.912 8
v -100.296 -0.912 -8
v -100.296 -0.912 8
v -100.296 -0.912 -8
v -102.291 -1.097 8
v -102.291 -1.097 -8
v -102.291 -1.097 8
v -102.291 -1.097 -8
v -104.397 -1.228 8
v -104.397 -1.228 -8
v -104.397 -1.228 8
v -104.397 -1.228 -8
v -106.616 -1.307 8
v -106.616 -1.307 -8
v -106.616 -1.307 8
v -106.616 -1.307 -8
v -108.947 -1.333 8
v -108.947 -1.333 -8
v -108.947 -1.333 8
v -108.947 -1.333 -8
v -111.269 -1.307 8
v -111.269 -1.307 -8
v -319.552 -3.927 8
v -319.552 -3.927 -8
v -317.712 -3.571 8
v -317.712 -3.571 -8
v -317.712 -3.571 8
v -317.712 -3.571 -8
v -315.882 -2.693 8
v -315.882 -2.693 -8
v -315.882 -2.693 8
v -315.882 -2.693 -8
v -314.627 -1.627 8
v -314.627 -1.627 -8
v -314.627 -1.627 8
v -314.627 -1.627 -8
v -313.473 0.013 8
v -313.473 0.013 -8
v -313.473 0.013 8
v -313.473 0.013 -8
v -312.804 1.791 8
v -312.804 1.791 -8
v -312.804 1.791 8
v -312.804 1.791 -8
v -312.609 2.505 8
v -312.609 2.505 -8
v -312.609 2.505 8
v -312.609 2.505 -8
v -309.426 20.557 8
v -309.426 20.557 -8
v -309.426 20.557 8
v -309.426 20.557 -8
v -308.817 19.906 8
v -308.817 19.906 -8
v -308.817 19.906 8
v -308.817 19.906 -8
v -307.414 18.958 8
v -307.414 18.958 -8
v -307.414 18.958 8
v -307.414 18.958 -8
v -305.835 18.327 8
v -305.835 18.327 -8
v -305.835 18.327 8
v -305.835 18.327 -8
v -303.945 18.011 8
v -303.945 18.011 -8
v -303.945 18.011 8
v -303.945 18.011 -8
v -303.285 17.956 8
v -303.285 17.956 -8
v -303.285 17.956 8
v -303.285 17.956 -8
v -299.73 17.956 8
v -299.73 17.956 -8
v -299.73 17.956 8
v -299.73 17.956 -8
v -299.106 18.005 8
v -299.106 18.005 -8
v -299.106 18.005 8
v -299.106 18.005 -8
v -297.104 18.321 8
v -297.104 18.321 -8
v -297.104 18.321 8
v -297.104 18.321 -8
v -295.812 18.761 8
v -295.812 18.761 -8
v -295.812 18.761 8
v -295.812 18.761 -8
v -294.248 19.614 8
v -294.248 19.614 -8
v -294.248 19.614 8
v -294.248 19.614 -8
v -297.02 3.895 8
v -297.02 3.895 -8
v -297.02 3.895 8
v -297.02 3.895 -8
v -297.08 3.106 8
v -297.08 3.106 -8
v -297.08 3.106 8
v -297.08 3.106 -8
v -297.038 1.328 8
v -297.038 1.328 -8
v -297.038 1.328 8
v -297.038 1.328 -8
v -296.127 -1.121 8
v -296.127 -1.121 -8
v -296.127 -1.121 8
v -296.127 -1.121 -8
v -295.249 -2.187 8
v -295.249 -2.187 -8
v -295.249 -2.187 8
v -295.249 -2.187 -8
v -292.974 -3.561 8
v -292.974 -3.561 -8
v -292.974 -3.561 8
v -292.974 -3.561 -8
v -291.259 -3.917 8
v -291.259 -3.917 -8
v -291.259 -3.917 8
v -291.259 -3.917 -8
v -290.446 -4 8
v -290.446 -4 -8
v -290.446 -4 8
v -290.446 -4 -8
v -276.757 -4 8
v -276.757 -4 -8
v -276.757 -4 8
v -276.757 -4 -8
v -275.998 -3.927 8
v -275.998 -3.927 -8
v -275.998 -3.927 8
v -275.998 -3.927 -8
v -274.157 -3.571 8
v -274.157 -3.571 -8
v -274.157 -3.571 8
v -274.157 -3.571 -8
v -272.326 -2.693 8
v -272.326 -2.693 -8
v -272.326 -2.693 8
v -272.326 -2.693 -8
v -271.071 -1.627 8
v -271.071 -1.627 -8
v -271.071 -1.627 8
v -271.071 -1.627 -8
v -269.917 0.013 8
v -269.917 0.013 -8
v -269.917 0.013 8
v -269.917 0.013 -8
v -269.248 1.791 8
v -269.248 1.791 -8
v -269.248 1.791 8
v -269.248 1.791 -8
v -269.053 2.505 8
v -269.053 2.505 -8
v -269.053 2.505 8
v -269.053 2.505 -8
v -258.897 60.105 8
v -258.897 60.105 -8
v -258.897 60.105 8
v -258.897 60.105 -8
v -258.837 60.894 8
v -258.837 60.894 -8
v -258.837 60.894 8
v -258.837 60.894 -8
v -258.879 62.672 8
v -258.879 62.672 -8
v -258.879 62.672 8
v -258.879 62.672 -8
v -259.792 65.123 8
v -259.792 65.123 -8
v -259.792 65.123 8
v -259.792 65.123 -8
v -260.671 66.189 8
v -260.671 66.189 -8
v -260.671 66.189 8
v -260.671 66.189 -8
v -262.944 67.561 8
v -262.944 67.561 -8
v -262.944 67.561 8
v -262.944 67.561 -8
v -264.659 67.917 8
v -264.659 67.917 -8
v -264.659 67.917 8
v -264.659 67.917 -8
v -265.472 68 8
v -265.472 68 -8
v -265.472 68 8
v -265.472 68 -8
v -279.872 68 8
v -279.872 68 -8
v -279.872 68 8
v -279.872 68 -8
v -280.562 67.94 8
v -280.562 67.94 -8
v -280.562 67.94 8
v -280.562 67.94 -8
v -282.253 67.644 8
v -282.253 67.644 -8
v -282.253 67.644 8
v -282.253 67.644 -8
v -283.582 67.157 8
v -283.582 67.157 -8
v -283.582 67.157 8
v -283.582 67.157 -8
v -285.102 66.268 8
v -285.102 66.268 -8
v -285.102 66.268 8
v -285.102 66.268 -8
v -286.042 65.506 8
v -286.042 65.506 -8
v -286.042 65.506 8
v -286.042 65.506 -8
v -287.39 64.024 8
v -287.39 64.024 -8
v -287.39 64.024 8
v -287.39 64.024 -8
v -287.674 63.675 8
v -287.674 63.675 -8
v -287.674 63.675 8
v -287.674 63.675 -8
v -296.406 51.586 8
v -296.406 51.586 -8
v -296.406 51.586 8
v -296.406 51.586 -8
v -300.598 62.74 8
v -300.598 62.74 -8
v -300.598 62.74 8
v -300.598 62.74 -8
v -300.847 63.279 8
v -300.847 63.279 -8
v -300.847 63.279 8
v -300.847 63.279 -8
v -301.672 64.761 8
v -301.672 64.761 -8
v -301.672 64.761 8
v -301.672 64.761 -8
v -302.794 66.035 8
v -302.794 66.035 -8
v -302.794 66.035 8
v -302.794 66.035 -8
v -304 66.924 8
v -304 66.924 -8
v -304 66.924 8
v -304 66.924 -8
v -305.64 67.636 8
v -305.64 67.636 -8
v -305.64 67.636 8
v -305.64 67.636 -8
v -307.228 67.932 8
v -307.228 67.932 -8
v -307.228 67.932 8
v -307.228 67.932 -8
v -307.961 68 8
v -307.961 68 -8
v -307.961 68 8
v -307.961 68 -8
v -322.272 68 8
v -322.272 68 -8
v -322.272 68 8
v -322.272 68 -8
v -323.032 67.927 8
v -323.032 67.927 -8
v -323.032 67.927 8
v -323.032 67.927 -8
v -324.872 67.571 8
v -324.872 67.571 -8
v -324.872 67.571 8
v -324.872 67.571 -8
v -326.702 66.693 8
v -326.702 66.693 -8
v -326.702 66.693 8
v -326.702 66.693 -8
v -327.957 65.627 8
v -327.957 65.627 -8
v -327.957 65.627 8
v -327.957 65.627 -8
v -329.111 63.987 8
v -329.111 63.987 -8
v -329.111 63.987 8
v -329.111 63.987 -8
v -329.78 62.209 8
v -329.78 62.209 -8
v -329.78 62.209 8
v -329.78 62.209 -8
v -329.975 61.495 8
v -329.975 61.495 -8
v -329.975 61.495 8
v -329.975 61.495 -8
v -340.131 3.895 8
v -340.131 3.895 -8
v -340.131 3.895 8
v -340.131 3.895 -8
v -340.191 3.106 8
v -340.191 3.106 -8
v -340.191 3.106 8
v -340.191 3.106 -8
v -340.149 1.328 8
v -340.149 1.328 -8
v -340.149 1.328 8
v -340.149 1.328 -8
v -339.238 -1.121 8
v -339.238 -1.121 -8
v -339.238 -1.121 8
v -339.238 -1.121 -8
v -338.36 -2.187 8
v -338.36 -2.187 -8
v -338.36 -2.187 8
v -338.36 -2.187 -8
v -336.085 -3.561 8
v -336.085 -3.561 -8
v -336.085 -3.561 8
v -336.085 -3.561 -8
v -334.37 -3.917 8
v -334.37 -3.917 -8
v -334.37 -3.917 8
v -334.37 -3.917 -8
v -333.557 -4 8
v -333.557 -4 -8
v -333.557 -4 8
v -333.557 -4 -8
v -320.312 -4 8
v -320.312 -4 -8
v -320.312 -4 8
v -320.312 -4 -8
v -319.552 -3.927 8
v -319.552 -3.927 -8
v -333.557 0 8
v -333.557 0 -8
v -335.272 0.356 8
v -335.272 0.356 -8
v -335.272 0.356 8
v -335.272 0.356 -8
v -336.15 1.422 8
v -336.15 1.422 -8
v -336.15 1.422 8
v -336.15 1.422 -8
v -336.192 3.2 8
v -336.192 3.2 -8
v -336.192 3.2 8
v -336.192 3.2 -8
v -326.036 60.8 8
v -326.036 60.8 -8
v -326.036 60.8 8
v -326.036 60.8 -8
v -325.367 62.578 8
v -325.367 62.578 -8
v -325.367 62.578 8
v -325.367 62.578 -8
v -324.112 63.644 8
v -324.112 63.644 -8
v -324.112 63.644 8
v -324.112 63.644 -8
v -322.272 64 8
v -322.272 64 -8
v -322.272 64 8
v -322.272 64 -8
v -307.961 64 8
v -307.961 64 -8
v -307.961 64 8
v -307.961 64 -8
v -306.373 63.704 8
v -306.373 63.704 -8
v -306.373 63.704 8
v -306.373 63.704 -8
v -305.167 62.815 8
v -305.167 62.815 -8
v -305.167 62.815 8
v -305.167 62.815 -8
v -304.342 61.333 8
v -304.342 61.333 -8
v -304.342 61.333 8
v -304.342 61.333 -8
v -298.897 46.844 8
v -298.897 46.844 -8
v -298.897 46.844 8
v -298.897 46.844 -8
v -298.607 46.156 8
v -298.607 46.156 -8
v -298.607 46.156 8
v -298.607 46.156 -8
v -298.345 45.689 8
v -298.345 45.689 -8
v -298.345 45.689 8
v -298.345 45.689 -8
v -298.025 45.422 8
v -298.025 45.422 -8
v -298.025 45.422 8
v -298.025 45.422 -8
v -297.563 45.333 8
v -297.563 45.333 -8
v -297.563 45.333 8
v -297.563 45.333 -8
v -296.763 45.333 8
v -296.763 45.333 -8
v -296.763 45.333 8
v -296.763 45.333 -8
v -296.27 45.422 8
v -296.27 45.422 -8
v -296.27 45.422 8
v -296.27 45.422 -8
v -295.856 45.689 8
v -295.856 45.689 -8
v -295.856 45.689 8
v -295.856 45.689 -8
v -295.429 46.156 8
v -295.429 46.156 -8
v -295.429 46.156 8
v -295.429 46.156 -8
v -294.897 46.844 8
v -294.897 46.844 -8
v -294.897 46.844 8
v -294.897 46.844 -8
v -284.431 61.333 8
v -284.431 61.333 -8
v -284.431 61.333 8
v -284.431 61.333 -8
v -283.083 62.815 8
v -283.083 62.815 -8
v -283.083 62.815 8
v -283.083 62.815 -8
v -281.563 63.704 8
v -281.563 63.704 -8
v -281.563 63.704 8
v -281.563 63.704 -8
v -279.872 64 8
v -279.872 64 -8
v -279.872 64 8
v -279.872 64 -8
v -265.472 64 8
v -265.472 64 -8
v -265.472 64 8
v -265.472 64 -8
v -263.757 63.644 8
v -263.757 63.644 -8
v -263.757 63.644 8
v -263.757 63.644 -8
v -262.878 62.578 8
v -262.878 62.578 -8
v -262.878 62.578 8
v -262.878 62.578 -8
v -262.836 60.8 8
v -262.836 60.8 -8
v -262.836 60.8 8
v -262.836 60.8 -8
v -272.992 3.2 8
v -272.992 3.2 -8
v -272.992 3.2 8
v -272.992 3.2 -8
v -273.661 1.422 8
v -273.661 1.422 -8
v -273.661 1.422 8
v -273.661 1.422 -8
v -274.916 0.356 8
v -274.916 0.356 -8
v -274.916 0.356 8
v -274.916 0.356 -8
v -276.757 0 8
v -276.757 0 -8
v -276.757 0 8
v -276.757 0 -8
v -290.446 0 8
v -290.446 0 -8
v -290.446 0 8
v -290.446 0 -8
v -292.161 0.356 8
v -292.161 0.356 -8
v -292.161 0.356 8
v -292.161 0.356 -8
v -293.039 1.422 8
v -293.039 1.422 -8
v -293.039 1.422 8
v -293.039 1.422 -8
v -293.081 3.2 8
v -293.081 3.2 -8
v -293.081 3.2 8
v -293.081 3.2 -8
v -287.564 34.489 8
v -287.564 34.489 -8
v -287.564 34.489 8
v -287.564 34.489 -8
v -294.517 24.8 8
v -294.517 24.8 -8
v -294.517 24.8 8
v -294.517 24.8 -8
v -295.991 23.22 8
v -295.991 23.22 -8
v -295.991 23.22 8
v -295.991 23.22 -8
v -297.728 22.272 8
v -297.728 22.272 -8
v -297.728 22.272 8
v -297.728 22.272 -8
v -299.73 21.956 8
v -299.73 21.956 -8
v -299.73 21.956 8
v -299.73 21.956 -8
v -303.285 21.956 8
v -303.285 21.956 -8
v -303.285 21.956 8
v -303.285 21.956 -8
v -305.175 22.272 8
v -305.175 22.272 -8
v -305.175 22.272 8
v -305.175 22.272 -8
v -306.578 23.22 8
v -306.578 23.22 -8
v -306.578 23.22 8
v -306.578 23.22 -8
v -307.495 24.8 8
v -307.495 24.8 -8
v -307.495 24.8 8
v -307.495 24.8 -8
v -311.031 34.489 8
v -311.031 34.489 -8
v -311.031 34.489 8
v -311.031 34.489 -8
v -316.548 3.2 8
v -316.548 3.2 -8
v -316.548 3.2 8
v -316.548 3.2 -8
v -317.217 1.422 8
v -317.217 1.422 -8
v -317.217 1.422 8
v -317.217 1.422 -8
v -318.472 0.356 8
v -318.472 0.356 -8
v -318.472 0.356 8
v -318.472 0.356 -8
v -320.312 0 8
v -320.312 0 -8
v -320.312 0 8
v -320.312 0 -8
v -333.557 0 8
v -333.557 0 -8
v -214.087 -3.927 8
v -214.087 -3.927 -8
v -212.246 -3.571 8
v -212.246 -3.571 -8
v -212.246 -3.571 8
v -212.246 -3.571 -8
v -210.415 -2.693 8
v -210.415 -2.693 -8
v -210.415 -2.693 8
v -210.415 -2.693 -8
v -209.16 -1.627 8
v -209.16 -1.627 -8
v -209.16 -1.627 8
v -209.16 -1.627 -8
v -208.006 0.013 8
v -208.006 0.013 -8
v -208.006 0.013 8
v -208.006 0.013 -8
v -207.337 1.791 8
v -207.337 1.791 -8
v -207.337 1.791 8
v -207.337 1.791 -8
v -207.142 2.505 8
v -207.142 2.505 -8
v -207.142 2.505 8
v -207.142 2.505 -8
v -205.308 12.905 8
v -205.308 12.905 -8
v -205.308 12.905 8
v -205.308 12.905 -8
v -205.248 13.697 8
v -205.248 13.697 -8
v -205.248 13.697 8
v -205.248 13.697 -8
v -205.291 15.475 8
v -205.291 15.475 -8
v -205.291 15.475 8
v -205.291 15.475 -8
v -206.202 17.921 8
v -206.202 17.921 -8
v -206.202 17.921 8
v -206.202 17.921 -8
v -207.08 18.987 8
v -207.08 18.987 -8
v -207.08 18.987 8
v -207.08 18.987 -8
v -209.355 20.361 8
v -209.355 20.361 -8
v -209.355 20.361 8
v -209.355 20.361 -8
v -211.07 20.717 8
v -211.07 20.717 -8
v -211.07 20.717 8
v -211.07 20.717 -8
v -211.883 20.8 8
v -211.883 20.8 -8
v -211.883 20.8 8
v -211.883 20.8 -8
v -215.512 20.8 8
v -215.512 20.8 -8
v -215.512 20.8 8
v -215.512 20.8 -8
v -215.135 20.873 8
v -215.135 20.873 -8
v -215.135 20.873 8
v -215.135 20.873 -8
v -213.304 21.753 8
v -213.304 21.753 -8
v -213.304 21.753 8
v -213.304 21.753 -8
v -212.049 22.82 8
v -212.049 22.82 -8
v -212.049 22.82 8
v -212.049 22.82 -8
v -210.897 24.458 8
v -210.897 24.458 -8
v -210.897 24.458 8
v -210.897 24.458 -8
v -210.228 26.235 8
v -210.228 26.235 -8
v -210.228 26.235 8
v -210.228 26.235 -8
v -210.032 26.949 8
v -210.032 26.949 -8
v -210.032 26.949 8
v -210.032 26.949 -8
v -208.355 36.461 8
v -208.355 36.461 -8
v -208.355 36.461 8
v -208.355 36.461 -8
v -208.295 37.251 8
v -208.295 37.251 -8
v -208.295 37.251 8
v -208.295 37.251 -8
v -208.337 39.028 8
v -208.337 39.028 -8
v -208.337 39.028 8
v -208.337 39.028 -8
v -209.249 41.476 8
v -209.249 41.476 -8
v -209.249 41.476 8
v -209.249 41.476 -8
v -210.128 42.543 8
v -210.128 42.543 -8
v -210.128 42.543 8
v -210.128 42.543 -8
v -211.215 43.2 8
v -211.215 43.2 -8
v -211.215 43.2 8
v -211.215 43.2 -8
v -206.523 43.2 8
v -206.523 43.2 -8
v -206.523 43.2 8
v -206.523 43.2 -8
v -205.764 43.273 8
v -205.764 43.273 -8
v -205.764 43.273 8
v -205.764 43.273 -8
v -203.923 43.629 8
v -203.923 43.629 -8
v -203.923 43.629 8
v -203.923 43.629 -8
v -202.091 44.508 8
v -202.091 44.508 -8
v -202.091 44.508 8
v -202.091 44.508 -8
v -200.837 45.574 8
v -200.837 45.574 -8
v -200.837 45.574 8
v -200.837 45.574 -8
v -199.684 47.213 8
v -199.684 47.213 -8
v -199.684 47.213 8
v -199.684 47.213 -8
v -199.015 48.991 8
v -199.015 48.991 -8
v -199.015 48.991 8
v -199.015 48.991 -8
v -198.82 49.705 8
v -198.82 49.705 -8
v -198.82 49.705 8
v -198.82 49.705 -8
v -196.986 60.105 8
v -196.986 60.105 -8
v -196.986 60.105 8
v -196.986 60.105 -8
v -196.926 60.894 8
v -196.926 60.894 -8
v -196.926 60.894 8
v -196.926 60.894 -8
v -196.968 62.672 8
v -196.968 62.672 -8
v -196.968 62.672 8
v -196.968 62.672 -8
v -197.879 65.121 8
v -197.879 65.121 -8
v -197.879 65.121 8
v -197.879 65.121 -8
v -198.757 66.187 8
v -198.757 66.187 -8
v -198.757 66.187 8
v -198.757 66.187 -8
v -201.032 67.561 8
v -201.032 67.561 -8
v -201.032 67.561 8
v -201.032 67.561 -8
v -202.748 67.917 8
v -202.748 67.917 -8
v -202.748 67.917 8
v -202.748 67.917 -8
v -203.561 68 8
v -203.561 68 -8
v -203.561 68 8
v -203.561 68 -8
v -244.805 68 8
v -244.805 68 -8
v -244.805 68 8
v -244.805 68 -8
v -245.565 67.927 8
v -245.565 67.927 -8
v -245.565 67.927 8
v -245.565 67.927 -8
v -247.405 67.571 8
v -247.405 67.571 -8
v -247.405 67.571 8
v -247.405 67.571 -8
v -249.235 66.693 8
v -249.235 66.693 -8
v -249.235 66.693 8
v -249.235 66.693 -8
v -250.49 65.627 8
v -250.49 65.627 -8
v -250.49 65.627 8
v -250.49 65.627 -8
v -251.644 63.987 8
v -251.644 63.987 -8
v -251.644 63.987 8
v -251.644 63.987 -8
v -252.313 62.209 8
v -252.313 62.209 -8
v -252.313 62.209 8
v -252.313 62.209 -8
v -252.508 61.495 8
v -252.508 61.495 -8
v -252.508 61.495 8
v -252.508 61.495 -8
v -262.665 3.895 8
v -262.665 3.895 -8
v -262.665 3.895 8
v -262.665 3.895 -8
v -262.725 3.106 8
v -262.725 3.106 -8
v -262.725 3.106 8
v -262.725 3.106 -8
v -262.683 1.328 8
v -262.683 1.328 -8
v -262.683 1.328 8
v -262.683 1.328 -8
v -261.77 -1.123 8
v -261.77 -1.123 -8
v -261.77 -1.123 8
v -261.77 -1.123 -8
v -260.891 -2.189 8
v -260.891 -2.189 -8
v -260.891 -2.189 8
v -260.891 -2.189 -8
v -258.618 -3.561 8
v -258.618 -3.561 -8
v -258.618 -3.561 8
v -258.618 -3.561 -8
v -256.903 -3.917 8
v -256.903 -3.917 -8
v -256.903 -3.917 8
v -256.903 -3.917 -8
v -256.09 -4 8
v -256.09 -4 -8
v -256.09 -4 8
v -256.09 -4 -8
v -214.846 -4 8
v -214.846 -4 -8
v -214.846 -4 8
v -214.846 -4 -8
v -214.087 -3.927 8
v -214.087 -3.927 -8
v -256.09 0 8
v -256.09 0 -8
v -257.805 0.356 8
v -257.805 0.356 -8
v -257.805 0.356 8
v -257.805 0.356 -8
v -258.684 1.422 8
v -258.684 1.422 -8
v -258.684 1.422 8
v -258.684 1.422 -8
v -258.726 3.2 8
v -258.726 3.2 -8
v -258.726 3.2 8
v -258.726 3.2 -8
v -248.569 60.8 8
v -248.569 60.8 -8
v -248.569 60.8 8
v -248.569 60.8 -8
v -247.9 62.578 8
v -247.9 62.578 -8
v -247.9 62.578 8
v -247.9 62.578 -8
v -246.645 63.644 8
v -246.645 63.644 -8
v -246.645 63.644 8
v -246.645 63.644 -8
v -244.805 64 8
v -244.805 64 -8
v -244.805 64 8
v -244.805 64 -8
v -203.561 64 8
v -203.561 64 -8
v -203.561 64 8
v -203.561 64 -8
v -201.845 63.644 8
v -201.845 63.644 -8
v -201.845 63.644 8
v -201.845 63.644 -8
v -200.967 62.578 8
v -200.967 62.578 -8
v -200.967 62.578 8
v -200.967 62.578 -8
v -200.925 60.8 8
v -200.925 60.8 -8
v -200.925 60.8 8
v -200.925 60.8 -8
v -202.759 50.4 8
v -202.759 50.4 -8
v -202.759 50.4 8
v -202.759 50.4 -8
v -203.428 48.622 8
v -203.428 48.622 -8
v -203.428 48.622 8
v -203.428 48.622 -8
v -204.682 47.556 8
v -204.682 47.556 -8
v -204.682 47.556 8
v -204.682 47.556 -8
v -206.523 47.2 8
v -206.523 47.2 -8
v -206.523 47.2 8
v -206.523 47.2 -8
v -231.056 47.2 8
v -231.056 47.2 -8
v -231.056 47.2 8
v -231.056 47.2 -8
v -232.263 40.356 8
v -232.263 40.356 -8
v -232.263 40.356 8
v -232.263 40.356 -8
v -214.93 40.356 8
v -214.93 40.356 -8
v -214.93 40.356 8
v -214.93 40.356 -8
v -213.215 40 8
v -213.215 40 -8
v -213.215 40 8
v -213.215 40 -8
v -212.336 38.933 8
v -212.336 38.933 -8
v -212.336 38.933 8
v -212.336 38.933 -8
v -212.294 37.156 8
v -212.294 37.156 -8
v -212.294 37.156 8
v -212.294 37.156 -8
v -213.971 27.644 8
v -213.971 27.644 -8
v -213.971 27.644 8
v -213.971 27.644 -8
v -214.64 25.867 8
v -214.64 25.867 -8
v -214.64 25.867 8
v -214.64 25.867 -8
v -215.895 24.8 8
v -215.895 24.8 -8
v -215.895 24.8 8
v -215.895 24.8 -8
v -217.735 24.444 8
v -217.735 24.444 -8
v -217.735 24.444 8
v -217.735 24.444 -8
v -235.069 24.444 8
v -235.069 24.444 -8
v -235.069 24.444 8
v -235.069 24.444 -8
v -236.417 16.8 8
v -236.417 16.8 -8
v -236.417 16.8 8
v -236.417 16.8 -8
v -211.883 16.8 8
v -211.883 16.8 -8
v -211.883 16.8 8
v -211.883 16.8 -8
v -210.168 16.444 8
v -210.168 16.444 -8
v -210.168 16.444 8
v -210.168 16.444 -8
v -209.29 15.378 8
v -209.29 15.378 -8
v -209.29 15.378 8
v -209.29 15.378 -8
v -209.247 13.6 8
v -209.247 13.6 -8
v -209.247 13.6 8
v -209.247 13.6 -8
v -211.081 3.2 8
v -211.081 3.2 -8
v -211.081 3.2 8
v -211.081 3.2 -8
v -211.75 1.422 8
v -211.75 1.422 -8
v -211.75 1.422 8
v -211.75 1.422 -8
v -213.005 0.356 8
v -213.005 0.356 -8
v -213.005 0.356 8
v -213.005 0.356 -8
v -214.846 0 8
v -214.846 0 -8
v -214.846 0 8
v -214.846 0 -8
v -256.09 0 8
v -256.09 0 -8
v -149.952 -3.927 8
v -149.952 -3.927 -8
v -148.112 -3.571 8
v -148.112 -3.571 -8
v -148.112 -3.571 8
v -148.112 -3.571 -8
v -146.282 -2.693 8
v -146.282 -2.693 -8
v -146.282 -2.693 8
v -146.282 -2.693 -8
v -145.027 -1.627 8
v -145.027 -1.627 -8
v -145.027 -1.627 8
v -145.027 -1.627 -8
v -143.873 0.013 8
v -143.873 0.013 -8
v -143.873 0.013 8
v -143.873 0.013 -8
v -143.204 1.791 8
v -143.204 1.791 -8
v -143.204 1.791 8
v -143.204 1.791 -8
v -143.009 2.505 8
v -143.009 2.505 -8
v -143.009 2.505 8
v -143.009 2.505 -8
v -138.072 30.505 8
v -138.072 30.505 -8
v -138.072 30.505 8
v -138.072 30.505 -8
v -138.012 31.294 8
v -138.012 31.294 -8
v -138.012 31.294 8
v -138.012 31.294 -8
v -138.054 33.072 8
v -138.054 33.072 -8
v -138.054 33.072 8
v -138.054 33.072 -8
v -138.965 35.521 8
v -138.965 35.521 -8
v -138.965 35.521 8
v -138.965 35.521 -8
v -139.843 36.587 8
v -139.843 36.587 -8
v -139.843 36.587 8
v -139.843 36.587 -8
v -142.118 37.961 8
v -142.118 37.961 -8
v -142.118 37.961 8
v -142.118 37.961 -8
v -143.834 38.317 8
v -143.834 38.317 -8
v -143.834 38.317 8
v -143.834 38.317 -8
v -144.647 38.4 8
v -144.647 38.4 -8
v -144.647 38.4 8
v -144.647 38.4 -8
v -157.535 38.4 8
v -157.535 38.4 -8
v -157.535 38.4 8
v -157.535 38.4 -8
v -158.294 38.327 8
v -158.294 38.327 -8
v -158.294 38.327 8
v -158.294 38.327 -8
v -160.135 37.971 8
v -160.135 37.971 -8
v -160.135 37.971 8
v -160.135 37.971 -8
v -161.966 37.093 8
v -161.966 37.093 -8
v -161.966 37.093 8
v -161.966 37.093 -8
v -163.221 36.027 8
v -163.221 36.027 -8
v -163.221 36.027 8
v -163.221 36.027 -8
v -164.375 34.387 8
v -164.375 34.387 -8
v -164.375 34.387 8
v -164.375 34.387 -8
v -165.044 32.609 8
v -165.044 32.609 -8
v -165.044 32.609 8
v -165.044 32.609 -8
v -165.239 31.895 8
v -165.239 31.895 -8
v -165.239 31.895 8
v -165.239 31.895 -8
v -167.195 20.8 8
v -167.195 20.8 -8
v -167.195 20.8 8
v -167.195 20.8 -8
v -171.25 20.8 8
v -171.25 20.8 -8
v -171.25 20.8 8
v -171.25 20.8 -8
v -164.319 60.105 8
v -164.319 60.105 -8
v -164.319 60.105 8
v -164.319 60.105 -8
v -164.259 60.894 8
v -164.259 60.894 -8
v -164.259 60.894 8
v -164.259 60.894 -8
v -164.301 62.672 8
v -164.301 62.672 -8
v -164.301 62.672 8
v -164.301 62.672 -8
v -165.214 65.123 8
v -165.214 65.123 -8
v -165.214 65.123 8
v -165.214 65.123 -8
v -166.093 66.189 8
v -166.093 66.189 -8
v -166.093 66.189 8
v -166.093 66.189 -8
v -168.366 67.561 8
v -168.366 67.561 -8
v -168.366 67.561 8
v -168.366 67.561 -8
v -170.081 67.917 8
v -170.081 67.917 -8
v -170.081 67.917 8
v -170.081 67.917 -8
v -170.894 68 8
v -170.894 68 -8
v -170.894 68 8
v -170.894 68 -8
v -184.672 68 8
v -184.672 68 -8
v -184.672 68 8
v -184.672 68 -8
v -185.432 67.927 8
v -185.432 67.927 -8
v -185.432 67.927 8
v -185.432 67.927 -8
v -187.272 67.571 8
v -187.272 67.571 -8
v -187.272 67.571 8
v -187.272 67.571 -8
v -189.102 66.693 8
v -189.102 66.693 -8
v -189.102 66.693 8
v -189.102 66.693 -8
v -190.357 65.627 8
v -190.357 65.627 -8
v -190.357 65.627 8
v -190.357 65.627 -8
v -191.511 63.987 8
v -191.511 63.987 -8
v -191.511 63.987 8
v -191.511 63.987 -8
v -192.18 62.209 8
v -192.18 62.209 -8
v -192.18 62.209 8
v -192.18 62.209 -8
v -192.375 61.495 8
v -192.375 61.495 -8
v -192.375 61.495 8
v -192.375 61.495 -8
v -202.531 3.895 8
v -202.531 3.895 -8
v -202.531 3.895 8
v -202.531 3.895 -8
v -202.591 3.106 8
v -202.591 3.106 -8
v -202.591 3.106 8
v -202.591 3.106 -8
v -202.549 1.328 8
v -202.549 1.328 -8
v -202.549 1.328 8
v -202.549 1.328 -8
v -201.638 -1.121 8
v -201.638 -1.121 -8
v -201.638 -1.121 8
v -201.638 -1.121 -8
v -200.76 -2.187 8
v -200.76 -2.187 -8
v -200.76 -2.187 8
v -200.76 -2.187 -8
v -198.485 -3.561 8
v -198.485 -3.561 -8
v -198.485 -3.561 8
v -198.485 -3.561 -8
v -196.77 -3.917 8
v -196.77 -3.917 -8
v -196.77 -3.917 8
v -196.77 -3.917 -8
v -195.957 -4 8
v -195.957 -4 -8
v -195.957 -4 8
v -195.957 -4 -8
v -150.712 -4 8
v -150.712 -4 -8
v -150.712 -4 8
v -150.712 -4 -8
v -149.952 -3.927 8
v -149.952 -3.927 -8
v -195.957 0 8
v -195.957 0 -8
v -197.672 0.356 8
v -197.672 0.356 -8
v -197.672 0.356 8
v -197.672 0.356 -8
v -198.55 1.422 8
v -198.55 1.422 -8
v -198.55 1.422 8
v -198.55 1.422 -8
v -198.592 3.2 8
v -198.592 3.2 -8
v -198.592 3.2 8
v -198.592 3.2 -8
v -188.436 60.8 8
v -188.436 60.8 -8
v -188.436 60.8 8
v -188.436 60.8 -8
v -187.767 62.578 8
v -187.767 62.578 -8
v -187.767 62.578 8
v -187.767 62.578 -8
v -186.512 63.644 8
v -186.512 63.644 -8
v -186.512 63.644 8
v -186.512 63.644 -8
v -184.672 64 8
v -184.672 64 -8
v -184.672 64 8
v -184.672 64 -8
v -170.894 64 8
v -170.894 64 -8
v -170.894 64 8
v -170.894 64 -8
v -169.179 63.644 8
v -169.179 63.644 -8
v -169.179 63.644 8
v -169.179 63.644 -8
v -168.3 62.578 8
v -168.3 62.578 -8
v -168.3 62.578 8
v -168.3 62.578 -8
v -168.258 60.8 8
v -168.258 60.8 -8
v -168.258 60.8 8
v -168.258 60.8 -8
v -176.017 16.8 8
v -176.017 16.8 -8
v -176.017 16.8 8
v -176.017 16.8 -8
v -163.839 16.8 8
v -163.839 16.8 -8
v -163.839 16.8 8
v -163.839 16.8 -8
v -161.3 31.2 8
v -161.3 31.2 -8
v -161.3 31.2 8
v -161.3 31.2 -8
v -160.631 32.978 8
v -160.631 32.978 -8
v -160.631 32.978 8
v -160.631 32.978 -8
v -159.376 34.044 8
v -159.376 34.044 -8
v -159.376 34.044 8
v -159.376 34.044 -8
v -157.535 34.4 8
v -157.535 34.4 -8
v -157.535 34.4 8
v -157.535 34.4 -8
v -144.647 34.4 8
v -144.647 34.4 -8
v -144.647 34.4 8
v -144.647 34.4 -8
v -142.931 34.044 8
v -142.931 34.044 -8
v -142.931 34.044 8
v -142.931 34.044 -8
v -142.053 32.978 8
v -142.053 32.978 -8
v -142.053 32.978 8
v -142.053 32.978 -8
v -142.011 31.2 8
v -142.011 31.2 -8
v -142.011 31.2 8
v -142.011 31.2 -8
v -146.948 3.2 8
v -146.948 3.2 -8
v -146.948 3.2 8
v -146.948 3.2 -8
v -147.617 1.422 8
v -147.617 1.422 -8
v -147.617 1.422 8
v -147.617 1.422 -8
v -148.872 0.356 8
v -148.872 0.356 -8
v -148.872 0.356 8
v -148.872 0.356 -8
v -150.712 0 8
v -150.712 0 -8
v -150.712 0 8
v -150.712 0 -8
v -195.957 0 8
v -195.957 0 -8
v -50.574 -3.927 8
v -50.574 -3.927 -8
v -48.734 -3.571 8
v -48.734 -3.571 -8
v -48.734 -3.571 8
v -48.734 -3.571 -8
v -46.904 -2.693 8
v -46.904 -2.693 -8
v -46.904 -2.693 8
v -46.904 -2.693 -8
v -45.649 -1.627 8
v -45.649 -1.627 -8
v -45.649 -1.627 8
v -45.649 -1.627 -8
v -44.495 0.013 8
v -44.495 0.013 -8
v -44.495 0.013 8
v -44.495 0.013 -8
v -43.826 1.791 8
v -43.826 1.791 -8
v -43.826 1.791 8
v -43.826 1.791 -8
v -43.631 2.505 8
v -43.631 2.505 -8
v -43.631 2.505 8
v -43.631 2.505 -8
v -40.221 21.843 8
v -40.221 21.843 -8
v -40.221 21.843 8
v -40.221 21.843 -8
v -34.655 13.276 8
v -34.655 13.276 -8
v -34.655 13.276 8
v -34.655 13.276 -8
v -36.309 3.895 8
v -36.309 3.895 -8
v -36.309 3.895 8
v -36.309 3.895 -8
v -36.369 3.106 8
v -36.369 3.106 -8
v -36.369 3.106 8
v -36.369 3.106 -8
v -36.327 1.328 8
v -36.327 1.328 -8
v -36.327 1.328 8
v -36.327 1.328 -8
v -35.414 -1.123 8
v -35.414 -1.123 -8
v -35.414 -1.123 8
v -35.414 -1.123 -8
v -34.535 -2.189 8
v -34.535 -2.189 -8
v -34.535 -2.189 8
v -34.535 -2.189 -8
v -32.262 -3.561 8
v -32.262 -3.561 -8
v -32.262 -3.561 8
v -32.262 -3.561 -8
v -30.547 -3.917 8
v -30.547 -3.917 -8
v -30.547 -3.917 8
v -30.547 -3.917 -8
v -29.734 -4 8
v -29.734 -4 -8
v -29.734 -4 8
v -29.734 -4 -8
v -16.401 -4 8
v -16.401 -4 -8
v -16.401 -4 8
v -16.401 -4 -8
v -15.641 -3.927 8
v -15.641 -3.927 -8
v -15.641 -3.927 8
v -15.641 -3.927 -8
v -13.801 -3.571 8
v -13.801 -3.571 -8
v -13.801 -3.571 8
v -13.801 -3.571 -8
v -11.971 -2.693 8
v -11.971 -2.693 -8
v -11.971 -2.693 8
v -11.971 -2.693 -8
v -10.716 -1.627 8
v -10.716 -1.627 -8
v -10.716 -1.627 8
v -10.716 -1.627 -8
v -9.562 0.013 8
v -9.562 0.013 -8
v -9.562 0.013 8
v -9.562 0.013 -8
v -8.893 1.791 8
v -8.893 1.791 -8
v -8.893 1.791 8
v -8.893 1.791 -8
v -8.698 2.505 8
v -8.698 2.505 -8
v -8.698 2.505 8
v -8.698 2.505 -8
v 1.459 60.105 8
v 1.459 60.105 -8
v 1.459 60.105 8
v 1.459 60.105 -8
v 1.519 60.894 8
v 1.519 60.894 -8
v 1.519 60.894 8
v 1.519 60.894 -8
v 1.477 62.672 8
v 1.477 62.672 -8
v 1.477 62.672 8
v 1.477 62.672 -8
v 0.564 65.123 8
v 0.564 65.123 -8
v 0.564 65.123 8
v 0.564 65.123 -8
v -0.315 66.189 8
v -0.315 66.189 -8
v -0.315 66.189 8
v -0.315 66.189 -8
v -2.588 67.561 8
v -2.588 67.561 -8
v -2.588 67.561 8
v -2.588 67.561 -8
v -4.303 67.917 8
v -4.303 67.917 -8
v -4.303 67.917 8
v -4.303 67.917 -8
v -5.116 68 8
v -5.116 68 -8
v -5.116 68 8
v -5.116 68 -8
v -18.449 68 8
v -18.449 68 -8
v -18.449 68 8
v -18.449 68 -8
v -19.208 67.927 8
v -19.208 67.927 -8
v -19.208 67.927 8
v -19.208 67.927 -8
v -21.049 67.571 8
v -21.049 67.571 -8
v -21.049 67.571 8
v -21.049 67.571 -8
v -22.88 66.693 8
v -22.88 66.693 -8
v -22.88 66.693 8
v -22.88 66.693 -8
v -24.135 65.627 8
v -24.135 65.627 -8
v -24.135 65.627 8
v -24.135 65.627 -8
v -25.289 63.987 8
v -25.289 63.987 -8
v -25.289 63.987 8
v -25.289 63.987 -8
v -25.958 62.209 8
v -25.958 62.209 -8
v -25.958 62.209 8
v -25.958 62.209 -8
v -26.153 61.495 8
v -26.153 61.495 -8
v -26.153 61.495 8
v -26.153 61.495 -8
v -27.81 52.096 8
v -27.81 52.096 -8
v -27.81 52.096 8
v -27.81 52.096 -8
v -36.036 63.888 8
v -36.036 63.888 -8
v -36.036 63.888 8
v -36.036 63.888 -8
v -36.406 64.343 8
v -36.406 64.343 -8
v -36.406 64.343 8
v -36.406 64.343 -8
v -37.662 65.676 8
v -37.662 65.676 -8
v -37.662 65.676 8
v -37.662 65.676 -8
v -38.79 66.514 8
v -38.79 66.514 -8
v -38.79 66.514 8
v -38.79 66.514 -8
v -40.397 67.314 8
v -40.397 67.314 -8
v -40.397 67.314 8
v -40.397 67.314 -8
v -41.64 67.696 8
v -41.64 67.696 -8
v -41.64 67.696 8
v -41.64 67.696 -8
v -43.598 67.963 8
v -43.598 67.963 -8
v -43.598 67.963 8
v -43.598 67.963 -8
v -44.138 68 8
v -44.138 68 -8
v -44.138 68 8
v -44.138 68 -8
v -53.383 68 8
v -53.383 68 -8
v -53.383 68 8
v -53.383 68 -8
v -54.143 67.927 8
v -54.143 67.927 -8
v -54.143 67.927 8
v -54.143 67.927 -8
v -55.983 67.571 8
v -55.983 67.571 -8
v -55.983 67.571 8
v -55.983 67.571 -8
v -57.813 66.693 8
v -57.813 66.693 -8
v -57.813 66.693 8
v -57.813 66.693 -8
v -59.068 65.627 8
v -59.068 65.627 -8
v -59.068 65.627 8
v -59.068 65.627 -8
v -60.222 63.987 8
v -60.222 63.987 -8
v -60.222 63.987 8
v -60.222 63.987 -8
v -60.891 62.209 8
v -60.891 62.209 -8
v -60.891 62.209 8
v -60.891 62.209 -8
v -61.086 61.495 8
v -61.086 61.495 -8
v -61.086 61.495 8
v -61.086 61.495 -8
v -71.242 3.895 8
v -71.242 3.895 -8
v -71.242 3.895 8
v -71.242 3.895 -8
v -71.302 3.106 8
v -71.302 3.106 -8
v -71.302 3.106 8
v -71.302 3.106 -8
v -71.26 1.328 8
v -71.26 1.328 -8
v -71.26 1.328 8
v -71.26 1.328 -8
v -70.349 -1.121 8
v -70.349 -1.121 -8
v -70.349 -1.121 8
v -70.349 -1.121 -8
v -69.471 -2.187 8
v -69.471 -2.187 -8
v -69.471 -2.187 8
v -69.471 -2.187 -8
v -67.196 -3.561 8
v -67.196 -3.561 -8
v -67.196 -3.561 8
v -67.196 -3.561 -8
v -65.481 -3.917 8
v -65.481 -3.917 -8
v -65.481 -3.917 8
v -65.481 -3.917 -8
v -64.668 -4 8
v -64.668 -4 -8
v -64.668 -4 8
v -64.668 -4 -8
v -51.334 -4 8
v -51.334 -4 -8
v -51.334 -4 8
v -51.334 -4 -8
v -50.574 -3.927 8
v -50.574 -3.927 -8
v -64.668 0 8
v -64.668 0 -8
v -66.383 0.356 8
v -66.383 0.356 -8
v -66.383 0.356 8
v -66.383 0.356 -8
v -67.261 1.422 8
v -67.261 1.422 -8
v -67.261 1.422 8
v -67.261 1.422 -8
v -67.303 3.2 8
v -67.303 3.2 -8
v -67.303 3.2 8
v -67.303 3.2 -8
v -57.147 60.8 8
v -57.147 60.8 -8
v -57.147 60.8 8
v -57.147 60.8 -8
v -56.478 62.578 8
v -56.478 62.578 -8
v -56.478 62.578 8
v -56.478 62.578 -8
v -55.223 63.644 8
v -55.223 63.644 -8
v -55.223 63.644 8
v -55.223 63.644 -8
v -53.383 64 8
v -53.383 64 -8
v -53.383 64 8
v -53.383 64 -8
v -44.138 64 8
v -44.138 64 -8
v -44.138 64 8
v -44.138 64 -8
v -42.18 63.733 8
v -42.18 63.733 -8
v -42.18 63.733 8
v -42.18 63.733 -8
v -40.573 62.933 8
v -40.573 62.933 -8
v -40.573 62.933 8
v -40.573 62.933 -8
v -39.317 61.6 8
v -39.317 61.6 -8
v -39.317 61.6 8
v -39.317 61.6 -8
v -25.552 41.867 8
v -25.552 41.867 -8
v -25.552 41.867 8
v -25.552 41.867 -8
v -22.214 60.8 8
v -22.214 60.8 -8
v -22.214 60.8 8
v -22.214 60.8 -8
v -21.545 62.578 8
v -21.545 62.578 -8
v -21.545 62.578 8
v -21.545 62.578 -8
v -20.29 63.644 8
v -20.29 63.644 -8
v -20.29 63.644 8
v -20.29 63.644 -8
v -18.449 64 8
v -18.449 64 -8
v -18.449 64 8
v -18.449 64 -8
v -5.116 64 8
v -5.116 64 -8
v -5.116 64 8
v -5.116 64 -8
v -3.401 63.644 8
v -3.401 63.644 -8
v -3.401 63.644 8
v -3.401 63.644 -8
v -2.522 62.578 8
v -2.522 62.578 -8
v -2.522 62.578 8
v -2.522 62.578 -8
v -2.48 60.8 8
v -2.48 60.8 -8
v -2.48 60.8 8
v -2.48 60.8 -8
v -12.637 3.2 8
v -12.637 3.2 -8
v -12.637 3.2 8
v -12.637 3.2 -8
v -13.306 1.422 8
v -13.306 1.422 -8
v -13.306 1.422 8
v -13.306 1.422 -8
v -14.561 0.356 8
v -14.561 0.356 -8
v -14.561 0.356 8
v -14.561 0.356 -8
v -16.401 0 8
v -16.401 0 -8
v -16.401 0 8
v -16.401 0 -8
v -29.734 0 8
v -29.734 0 -8
v -29.734 0 8
v -29.734 0 -8
v -31.449 0.356 8
v -31.449 0.356 -8
v -31.449 0.356 8
v -31.449 0.356 -8
v -32.328 1.422 8
v -32.328 1.422 -8
v -32.328 1.422 8
v -32.328 1.422 -8
v -32.37 3.2 8
v -32.37 3.2 -8
v -32.37 3.2 8
v -32.37 3.2 -8
v -30.442 14.133 8
v -30.442 14.133 -8
v -30.442 14.133 8
v -30.442 14.133 -8
v -42.398 32.533 8
v -42.398 32.533 -8
v -42.398 32.533 8
v -42.398 32.533 -8
v -47.57 3.2 8
v -47.57 3.2 -8
v -47.57 3.2 8
v -47.57 3.2 -8
v -48.239 1.422 8
v -48.239 1.422 -8
v -48.239 1.422 8
v -48.239 1.422 -8
v -49.494 0.356 8
v -49.494 0.356 -8
v -49.494 0.356 8
v -49.494 0.356 -8
v -51.334 0 8
v -51.334 0 -8
v -51.334 0 8
v -51.334 0 -8
v -64.668 0 8
v -64.668 0 -8
v 58.265 36.922 8
v 58.265 36.922 -8
v 59.601 37.822 8
v 59.601 37.822 -8
v 59.601 37.822 8
v 59.601 37.822 -8
v 60.438 39.167 8
v 60.438 39.167 -8
v 60.438 39.167 8
v 60.438 39.167 -8
v 60.926 40.8 8
v 60.926 40.8 -8
v 60.926 40.8 8
v 60.926 40.8 -8
v 61.459 43.822 8
v 61.459 43.822 -8
v 61.459 43.822 8
v 61.459 43.822 -8
v 61.547 45.456 8
v 61.547 45.456 -8
v 61.547 45.456 8
v 61.547 45.456 -8
v 61.184 46.8 8
v 61.184 46.8 -8
v 61.184 46.8 8
v 61.184 46.8 -8
v 60.165 47.7 8
v 60.165 47.7 -8
v 60.165 47.7 8
v 60.165 47.7 -8
v 58.285 48 8
v 58.285 48 -8
v 58.285 48 8
v 58.285 48 -8
v 51.618 48 8
v 51.618 48 -8
v 51.618 48 8
v 51.618 48 -8
v 49.612 36.622 8
v 49.612 36.622 -8
v 49.612 36.622 8
v 49.612 36.622 -8
v 56.279 36.622 8
v 56.279 36.622 -8
v 56.279 36.622 8
v 56.279 36.622 -8
v 58.265 36.922 8
v 58.265 36.922 -8
v 54.379 40.622 8
v 54.379 40.622 -8
v 54.974 44 8
v 54.974 44 -8
v 54.974 44 8
v 54.974 44 -8
v 57.429 44 8
v 57.429 44 -8
v 57.429 44 8
v 57.429 44 -8
v 57.028 41.728 8
v 57.028 41.728 -8
v 57.028 41.728 8
v 57.028 41.728 -8
v 56.758 40.823 8
v 56.758 40.823 -8
v 56.758 40.823 8
v 56.758 40.823 -8
v 56.7 40.731 8
v 56.7 40.731 -8
v 56.7 40.731 8
v 56.7 40.731 -8
v 55.98 40.622 8
v 55.98 40.622 -8
v 55.98 40.622 8
v 55.98 40.622 -8
v 54.379 40.622 8
v 54.379 40.622 -8
v 40.713 -3.927 8
v 40.713 -3.927 -8
v 42.554 -3.571 8
v 42.554 -3.571 -8
v 42.554 -3.571 8
v 42.554 -3.571 -8
v 44.385 -2.693 8
v 44.385 -2.693 -8
v 44.385 -2.693 8
v 44.385 -2.693 -8
v 45.64 -1.627 8
v 45.64 -1.627 -8
v 45.64 -1.627 8
v 45.64 -1.627 -8
v 46.794 0.013 8
v 46.794 0.013 -8
v 46.794 0.013 8
v 46.794 0.013 -8
v 47.463 1.791 8
v 47.463 1.791 -8
v 47.463 1.791 8
v 47.463 1.791 -8
v 47.658 2.505 8
v 47.658 2.505 -8
v 47.658 2.505 8
v 47.658 2.505 -8
v 50.147 16.622 8
v 50.147 16.622 -8
v 50.147 16.622 8
v 50.147 16.622 -8
v 57.846 16.622 8
v 57.846 16.622 -8
v 57.846 16.622 8
v 57.846 16.622 -8
v 55.602 3.895 8
v 55.602 3.895 -8
v 55.602 3.895 8
v 55.602 3.895 -8
v 55.542 3.106 8
v 55.542 3.106 -8
v 55.542 3.106 8
v 55.542 3.106 -8
v 55.584 1.328 8
v 55.584 1.328 -8
v 55.584 1.328 8
v 55.584 1.328 -8
v 56.497 -1.123 8
v 56.497 -1.123 -8
v 56.497 -1.123 8
v 56.497 -1.123 -8
v 57.376 -2.189 8
v 57.376 -2.189 -8
v 57.376 -2.189 8
v 57.376 -2.189 -8
v 59.649 -3.561 8
v 59.649 -3.561 -8
v 59.649 -3.561 8
v 59.649 -3.561 -8
v 61.364 -3.917 8
v 61.364 -3.917 -8
v 61.364 -3.917 8
v 61.364 -3.917 -8
v 62.177 -4 8
v 62.177 -4 -8
v 62.177 -4 8
v 62.177 -4 -8
v 75.954 -4 8
v 75.954 -4 -8
v 75.954 -4 8
v 75.954 -4 -8
v 76.713 -3.927 8
v 76.713 -3.927 -8
v 76.713 -3.927 8
v 76.713 -3.927 -8
v 78.554 -3.571 8
v 78.554 -3.571 -8
v 78.554 -3.571 8
v 78.554 -3.571 -8
v 80.385 -2.693 8
v 80.385 -2.693 -8
v 80.385 -2.693 8
v 80.385 -2.693 -8
v 81.64 -1.627 8
v 81.64 -1.627 -8
v 81.64 -1.627 8
v 81.64 -1.627 -8
v 82.794 0.013 8
v 82.794 0.013 -8
v 82.794 0.013 8
v 82.794 0.013 -8
v 83.463 1.791 8
v 83.463 1.791 -8
v 83.463 1.791 8
v 83.463 1.791 -8
v 83.658 2.505 8
v 83.658 2.505 -8
v 83.658 2.505 8
v 83.658 2.505 -8
v 86.981 21.349 8
v 86.981 21.349 -8
v 86.981 21.349 8
v 86.981 21.349 -8
v 87.013 21.562 8
v 87.013 21.562 -8
v 87.013 21.562 8
v 87.013 21.562 -8
v 87.274 23.714 8
v 87.274 23.714 -8
v 87.274 23.714 8
v 87.274 23.714 -8
v 87.303 24.204 8
v 87.303 24.204 -8
v 87.303 24.204 8
v 87.303 24.204 -8
v 87.299 26.177 8
v 87.299 26.177 -8
v 87.299 26.177 8
v 87.299 26.177 -8
v 87.255 26.764 8
v 87.255 26.764 -8
v 87.255 26.764 8
v 87.255 26.764 -8
v 86.985 28.559 8
v 86.985 28.559 -8
v 86.985 28.559 8
v 86.985 28.559 -8
v 86.826 29.222 8
v 86.826 29.222 -8
v 86.826 29.222 8
v 86.826 29.222 -8
v 86.29 30.84 8
v 86.29 30.84 -8
v 86.29 30.84 8
v 86.29 30.84 -8
v 85.988 31.528 8
v 85.988 31.528 -8
v 85.988 31.528 8
v 85.988 31.528 -8
v 85.186 32.968 8
v 85.186 32.968 -8
v 85.186 32.968 8
v 85.186 32.968 -8
v 84.762 33.585 8
v 84.762 33.585 -8
v 84.762 33.585 8
v 84.762 33.585 -8
v 83.729 34.823 8
v 83.729 34.823 -8
v 83.729 34.823 8
v 83.729 34.823 -8
v 83.195 35.353 8
v 83.195 35.353 -8
v 83.195 35.353 8
v 83.195 35.353 -8
v 82.202 36.168 8
v 82.202 36.168 -8
v 82.202 36.168 8
v 82.202 36.168 -8
v 82.336 36.346 8
v 82.336 36.346 -8
v 82.336 36.346 8
v 82.336 36.346 -8
v 82.695 36.914 8
v 82.695 36.914 -8
v 82.695 36.914 8
v 82.695 36.914 -8
v 83.401 38.275 8
v 83.401 38.275 -8
v 83.401 38.275 8
v 83.401 38.275 -8
v 83.566 38.638 8
v 83.566 38.638 -8
v 83.566 38.638 8
v 83.566 38.638 -8
v 84.165 40.143 8
v 84.165 40.143 -8
v 84.165 40.143 8
v 84.165 40.143 -8
v 84.283 40.481 8
v 84.283 40.481 -8
v 84.283 40.481 8
v 84.283 40.481 -8
v 84.774 42.131 8
v 84.774 42.131 -8
v 84.774 42.131 8
v 84.774 42.131 -8
v 84.852 42.437 8
v 84.852 42.437 -8
v 84.852 42.437 8
v 84.852 42.437 -8
v 85.235 44.232 8
v 85.235 44.232 -8
v 85.235 44.232 8
v 85.235 44.232 -8
v 85.262 44.372 8
v 85.262 44.372 -8
v 85.262 44.372 8
v 85.262 44.372 -8
v 85.983 48.461 8
v 85.983 48.461 -8
v 85.983 48.461 8
v 85.983 48.461 -8
v 86.011 48.64 8
v 86.011 48.64 -8
v 86.011 48.64 8
v 86.011 48.64 -8
v 86.291 50.792 8
v 86.291 50.792 -8
v 86.291 50.792 8
v 86.291 50.792 -8
v 86.323 51.199 8
v 86.323 51.199 -8
v 86.323 51.199 8
v 86.323 51.199 -8
v 86.378 53.213 8
v 86.378 53.213 -8
v 86.378 53.213 8
v 86.378 53.213 -8
v 86.363 53.683 8
v 86.363 53.683 -8
v 86.363 53.683 8
v 86.363 53.683 -8
v 86.193 55.558 8
v 86.193 55.558 -8
v 86.193 55.558 8
v 86.193 55.558 -8
v 86.11 56.08 8
v 86.11 56.08 -8
v 86.11 56.08 8
v 86.11 56.08 -8
v 85.717 57.816 8
v 85.717 57.816 -8
v 85.717 57.816 8
v 85.717 57.816 -8
v 85.504 58.483 8
v 85.504 58.483 -8
v 85.504 58.483 8
v 85.504 58.483 -8
v 84.842 60.058 8
v 84.842 60.058 -8
v 84.842 60.058 8
v 84.842 60.058 -8
v 84.435 60.796 8
v 84.435 60.796 -8
v 84.435 60.796 8
v 84.435 60.796 -8
v 83.464 62.188 8
v 83.464 62.188 -8
v 83.464 62.188 8
v 83.464 62.188 -8
v 82.927 62.81 8
v 82.927 62.81 -8
v 82.927 62.81 8
v 82.927 62.81 -8
v 81.646 64.018 8
v 81.646 64.018 -8
v 81.646 64.018 8
v 81.646 64.018 -8
v 81.067 64.471 8
v 81.067 64.471 -8
v 81.067 64.471 8
v 81.067 64.471 -8
v 79.475 65.496 8
v 79.475 65.496 -8
v 79.475 65.496 8
v 79.475 65.496 -8
v 78.97 65.772 8
v 78.97 65.772 -8
v 78.97 65.772 8
v 78.97 65.772 -8
v 77.718 66.343 8
v 77.718 66.343 -8
v 77.718 66.343 8
v 77.718 66.343 -8
v 77.298 66.507 8
v 77.298 66.507 -8
v 77.298 66.507 8
v 77.298 66.507 -8
v 75.869 66.973 8
v 75.869 66.973 -8
v 75.869 66.973 8
v 75.869 66.973 -8
v 75.511 67.071 8
v 75.511 67.071 -8
v 75.511 67.071 8
v 75.511 67.071 -8
v 73.906 67.434 8
v 73.906 67.434 -8
v 73.906 67.434 8
v 73.906 67.434 -8
v 73.601 67.491 8
v 73.601 67.491 -8
v 73.601 67.491 8
v 73.601 67.491 -8
v 71.819 67.751 8
v 71.819 67.751 -8
v 71.819 67.751 8
v 71.819 67.751 -8
v 71.558 67.781 8
v 71.558 67.781 -8
v 71.558 67.781 8
v 71.558 67.781 -8
v 69.601 67.936 8
v 69.601 67.936 -8
v 69.601 67.936 8
v 69.601 67.936 -8
v 69.382 67.947 8
v 69.382 67.947 -8
v 69.382 67.947 8
v 69.382 67.947 -8
v 67.248 67.999 8
v 67.248 67.999 -8
v 67.248 67.999 8
v 67.248 67.999 -8
v 67.151 68 8
v 67.151 68 -8
v 67.151 68 8
v 67.151 68 -8
v 37.551 68 8
v 37.551 68 -8
v 37.551 68 8
v 37.551 68 -8
v 36.792 67.927 8
v 36.792 67.927 -8
v 36.792 67.927 8
v 36.792 67.927 -8
v 34.951 67.571 8
v 34.951 67.571 -8
v 34.951 67.571 8
v 34.951 67.571 -8
v 33.12 66.693 8
v 33.12 66.693 -8
v 33.12 66.693 8
v 33.12 66.693 -8
v 31.865 65.627 8
v 31.865 65.627 -8
v 31.865 65.627 8
v 31.865 65.627 -8
v 30.711 63.987 8
v 30.711 63.987 -8
v 30.711 63.987 8
v 30.711 63.987 -8
v 30.042 62.209 8
v 30.042 62.209 -8
v 30.042 62.209 8
v 30.042 62.209 -8
v 29.847 61.495 8
v 29.847 61.495 -8
v 29.847 61.495 8
v 29.847 61.495 -8
v 19.691 3.895 8
v 19.691 3.895 -8
v 19.691 3.895 8
v 19.691 3.895 -8
v 19.631 3.106 8
v 19.631 3.106 -8
v 19.631 3.106 8
v 19.631 3.106 -8
v 19.673 1.328 8
v 19.673 1.328 -8
v 19.673 1.328 8
v 19.673 1.328 -8
v 20.586 -1.123 8
v 20.586 -1.123 -8
v 20.586 -1.123 8
v 20.586 -1.123 -8
v 21.465 -2.189 8
v 21.465 -2.189 -8
v 21.465 -2.189 8
v 21.465 -2.189 -8
v 23.738 -3.561 8
v 23.738 -3.561 -8
v 23.738 -3.561 8
v 23.738 -3.561 -8
v 25.453 -3.917 8
v 25.453 -3.917 -8
v 25.453 -3.917 8
v 25.453 -3.917 -8
v 26.266 -4 8
v 26.266 -4 -8
v 26.266 -4 8
v 26.266 -4 -8
v 39.954 -4 8
v 39.954 -4 -8
v 39.954 -4 8
v 39.954 -4 -8
v 40.713 -3.927 8
v 40.713 -3.927 -8
v 26.266 0 8
v 26.266 0 -8
v 24.551 0.356 8
v 24.551 0.356 -8
v 24.551 0.356 8
v 24.551 0.356 -8
v 23.672 1.422 8
v 23.672 1.422 -8
v 23.672 1.422 8
v 23.672 1.422 -8
v 23.63 3.2 8
v 23.63 3.2 -8
v 23.63 3.2 8
v 23.63 3.2 -8
v 33.786 60.8 8
v 33.786 60.8 -8
v 33.786 60.8 8
v 33.786 60.8 -8
v 34.455 62.578 8
v 34.455 62.578 -8
v 34.455 62.578 8
v 34.455 62.578 -8
v 35.71 63.644 8
v 35.71 63.644 -8
v 35.71 63.644 8
v 35.71 63.644 -8
v 37.551 64 8
v 37.551 64 -8
v 37.551 64 8
v 37.551 64 -8
v 67.151 64 8
v 67.151 64 -8
v 67.151 64 8
v 67.151 64 -8
v 69.285 63.948 8
v 69.285 63.948 -8
v 69.285 63.948 8
v 69.285 63.948 -8
v 71.242 63.793 8
v 71.242 63.793 -8
v 71.242 63.793 8
v 71.242 63.793 -8
v 73.024 63.533 8
v 73.024 63.533 -8
v 73.024 63.533 8
v 73.024 63.533 -8
v 74.629 63.17 8
v 74.629 63.17 -8
v 74.629 63.17 8
v 74.629 63.17 -8
v 76.058 62.704 8
v 76.058 62.704 -8
v 76.058 62.704 8
v 76.058 62.704 -8
v 77.31 62.133 8
v 77.31 62.133 -8
v 77.31 62.133 8
v 77.31 62.133 -8
v 78.902 61.108 8
v 78.902 61.108 -8
v 78.902 61.108 8
v 78.902 61.108 -8
v 80.183 59.9 8
v 80.183 59.9 -8
v 80.183 59.9 8
v 80.183 59.9 -8
v 81.154 58.508 8
v 81.154 58.508 -8
v 81.154 58.508 8
v 81.154 58.508 -8
v 81.816 56.933 8
v 81.816 56.933 -8
v 81.816 56.933 8
v 81.816 56.933 -8
v 82.209 55.197 8
v 82.209 55.197 -8
v 82.209 55.197 8
v 82.209 55.197 -8
v 82.379 53.322 8
v 82.379 53.322 -8
v 82.379 53.322 8
v 82.379 53.322 -8
v 82.324 51.308 8
v 82.324 51.308 -8
v 82.324 51.308 8
v 82.324 51.308 -8
v 82.044 49.156 8
v 82.044 49.156 -8
v 82.044 49.156 8
v 82.044 49.156 -8
v 81.323 45.067 8
v 81.323 45.067 -8
v 81.323 45.067 8
v 81.323 45.067 -8
v 80.94 43.272 8
v 80.94 43.272 -8
v 80.94 43.272 8
v 80.94 43.272 -8
v 80.449 41.622 8
v 80.449 41.622 -8
v 80.449 41.622 8
v 80.449 41.622 -8
v 79.85 40.117 8
v 79.85 40.117 -8
v 79.85 40.117 8
v 79.85 40.117 -8
v 79.144 38.756 8
v 79.144 38.756 -8
v 79.144 38.756 8
v 79.144 38.756 -8
v 77.958 37.185 8
v 77.958 37.185 -8
v 77.958 37.185 8
v 77.958 37.185 -8
v 76.43 35.911 8
v 76.43 35.911 -8
v 76.43 35.911 8
v 76.43 35.911 -8
v 74.559 34.933 8
v 74.559 34.933 -8
v 74.559 34.933 8
v 74.559 34.933 -8
v 76.378 34.606 8
v 76.378 34.606 -8
v 76.378 34.606 8
v 76.378 34.606 -8
v 78.001 34.052 8
v 78.001 34.052 -8
v 78.001 34.052 8
v 78.001 34.052 -8
v 79.428 33.269 8
v 79.428 33.269 -8
v 79.428 33.269 8
v 79.428 33.269 -8
v 80.658 32.26 8
v 80.658 32.26 -8
v 80.658 32.26 8
v 80.658 32.26 -8
v 81.691 31.022 8
v 81.691 31.022 -8
v 81.691 31.022 8
v 81.691 31.022 -8
v 82.493 29.582 8
v 82.493 29.582 -8
v 82.493 29.582 8
v 82.493 29.582 -8
v 83.029 27.964 8
v 83.029 27.964 -8
v 83.029 27.964 8
v 83.029 27.964 -8
v 83.299 26.169 8
v 83.299 26.169 -8
v 83.299 26.169 8
v 83.299 26.169 -8
v 83.303 24.196 8
v 83.303 24.196 -8
v 83.303 24.196 8
v 83.303 24.196 -8
v 83.042 22.044 8
v 83.042 22.044 -8
v 83.042 22.044 8
v 83.042 22.044 -8
v 79.719 3.2 8
v 79.719 3.2 -8
v 79.719 3.2 8
v 79.719 3.2 -8
v 79.05 1.422 8
v 79.05 1.422 -8
v 79.05 1.422 8
v 79.05 1.422 -8
v 77.795 0.356 8
v 77.795 0.356 -8
v 77.795 0.356 8
v 77.795 0.356 -8
v 75.954 0 8
v 75.954 0 -8
v 75.954 0 8
v 75.954 0 -8
v 62.177 0 8
v 62.177 0 -8
v 62.177 0 8
v 62.177 0 -8
v 60.462 0.356 8
v 60.462 0.356 -8
v 60.462 0.356 8
v 60.462 0.356 -8
v 59.583 1.422 8
v 59.583 1.422 -8
v 59.583 1.422 8
v 59.583 1.422 -8
v 59.541 3.2 8
v 59.541 3.2 -8
v 59.541 3.2 8
v 59.541 3.2 -8
v 61.939 16.8 8
v 61.939 16.8 -8
v 61.939 16.8 8
v 61.939 16.8 -8
v 62.06 18.556 8
v 62.06 18.556 -8
v 62.06 18.556 8
v 62.06 18.556 -8
v 61.701 19.733 8
v 61.701 19.733 -8
v 61.701 19.733 8
v 61.701 19.733 -8
v 60.785 20.4 8
v 60.785 20.4 -8
v 60.785 20.4 8
v 60.785 20.4 -8
v 59.235 20.622 8
v 59.235 20.622 -8
v 59.235 20.622 8
v 59.235 20.622 -8
v 46.791 20.622 8
v 46.791 20.622 -8
v 46.791 20.622 8
v 46.791 20.622 -8
v 43.719 3.2 8
v 43.719 3.2 -8
v 43.719 3.2 8
v 43.719 3.2 -8
v 43.05 1.422 8
v 43.05 1.422 -8
v 43.05 1.422 8
v 43.05 1.422 -8
v 41.795 0.356 8
v 41.795 0.356 -8
v 41.795 0.356 8
v 41.795 0.356 -8
v 39.954 0 8
v 39.954 0 -8
v 39.954 0 8
v 39.954 0 -8
v 26.266 0 8
v 26.266 0 -8
v 127.904 45.333 8
v 127.904 45.333 -8
v 127.37 46.467 8
v 127.37 46.467 -8
v 127.37 46.467 8
v 127.37 46.467 -8
v 126.481 46.844 8
v 126.481 46.844 -8
v 126.481 46.844 8
v 126.481 46.844 -8
v 124.259 46.844 8
v 124.259 46.844 -8
v 124.259 46.844 8
v 124.259 46.844 -8
v 123.237 46.467 8
v 123.237 46.467 -8
v 123.237 46.467 8
v 123.237 46.467 -8
v 122.304 45.333 8
v 122.304 45.333 -8
v 122.304 45.333 8
v 122.304 45.333 -8
v 115.743 31.822 8
v 115.743 31.822 -8
v 115.743 31.822 8
v 115.743 31.822 -8
v 129.699 31.822 8
v 129.699 31.822 -8
v 129.699 31.822 8
v 129.699 31.822 -8
v 127.904 45.333 8
v 127.904 45.333 -8
v 122.132 35.822 8
v 122.132 35.822 -8
v 124.488 40.674 8
v 124.488 40.674 -8
v 124.488 40.674 8
v 124.488 40.674 -8
v 125.133 35.822 8
v 125.133 35.822 -8
v 125.133 35.822 8
v 125.133 35.822 -8
v 122.132 35.822 8
v 122.132 35.822 -8
v 106.802 -3.927 8
v 106.802 -3.927 -8
v 108.643 -3.571 8
v 108.643 -3.571 -8
v 108.643 -3.571 8
v 108.643 -3.571 -8
v 110.474 -2.693 8
v 110.474 -2.693 -8
v 110.474 -2.693 8
v 110.474 -2.693 -8
v 111.729 -1.627 8
v 111.729 -1.627 -8
v 111.729 -1.627 8
v 111.729 -1.627 -8
v 112.883 0.013 8
v 112.883 0.013 -8
v 112.883 0.013 8
v 112.883 0.013 -8
v 113.552 1.791 8
v 113.552 1.791 -8
v 113.552 1.791 8
v 113.552 1.791 -8
v 113.747 2.505 8
v 113.747 2.505 -8
v 113.747 2.505 8
v 113.747 2.505 -8
v 115.358 11.644 8
v 115.358 11.644 -8
v 115.358 11.644 8
v 115.358 11.644 -8
v 122.968 11.644 8
v 122.968 11.644 -8
v 122.968 11.644 8
v 122.968 11.644 -8
v 121.602 3.895 8
v 121.602 3.895 -8
v 121.602 3.895 8
v 121.602 3.895 -8
v 121.544 3.038 8
v 121.544 3.038 -8
v 121.544 3.038 8
v 121.544 3.038 -8
v 121.616 1.26 8
v 121.616 1.26 -8
v 121.616 1.26 8
v 121.616 1.26 -8
v 122.65 -1.266 8
v 122.65 -1.266 -8
v 122.65 -1.266 8
v 122.65 -1.266 -8
v 123.617 -2.332 8
v 123.617 -2.332 -8
v 123.617 -2.332 8
v 123.617 -2.332 -8
v 125.829 -3.573 8
v 125.829 -3.573 -8
v 125.829 -3.573 8
v 125.829 -3.573 -8
v 127.692 -3.929 8
v 127.692 -3.929 -8
v 127.692 -3.929 8
v 127.692 -3.929 -8
v 128.443 -4 8
v 128.443 -4 -8
v 128.443 -4 8
v 128.443 -4 -8
v 141.866 -4 8
v 141.866 -4 -8
v 141.866 -4 8
v 141.866 -4 -8
v 142.626 -3.927 8
v 142.626 -3.927 -8
v 142.626 -3.927 8
v 142.626 -3.927 -8
v 144.466 -3.571 8
v 144.466 -3.571 -8
v 144.466 -3.571 8
v 144.466 -3.571 -8
v 146.296 -2.693 8
v 146.296 -2.693 -8
v 146.296 -2.693 8
v 146.296 -2.693 -8
v 147.551 -1.627 8
v 147.551 -1.627 -8
v 147.551 -1.627 8
v 147.551 -1.627 -8
v 148.705 0.013 8
v 148.705 0.013 -8
v 148.705 0.013 8
v 148.705 0.013 -8
v 149.374 1.791 8
v 149.374 1.791 -8
v 149.374 1.791 8
v 149.374 1.791 -8
v 149.569 2.505 8
v 149.569 2.505 -8
v 149.569 2.505 8
v 149.569 2.505 -8
v 153.707 25.972 8
v 153.707 25.972 -8
v 153.707 25.972 8
v 153.707 25.972 -8
v 153.73 26.12 8
v 153.73 26.12 -8
v 153.73 26.12 8
v 153.73 26.12 -8
v 153.921 27.503 8
v 153.921 27.503 -8
v 153.921 27.503 8
v 153.921 27.503 -8
v 153.949 27.773 8
v 153.949 27.773 -8
v 153.949 27.773 8
v 153.949 27.773 -8
v 154.052 29.256 8
v 154.052 29.256 -8
v 154.052 29.256 8
v 154.052 29.256 -8
v 154.062 29.495 8
v 154.062 29.495 -8
v 154.062 29.495 8
v 154.062 29.495 -8
v 154.077 31.079 8
v 154.077 31.079 -8
v 154.077 31.079 8
v 154.077 31.079 -8
v 154.073 31.288 8
v 154.073 31.288 -8
v 154.073 31.288 8
v 154.073 31.288 -8
v 154.001 32.971 8
v 154.001 32.971 -8
v 154.001 32.971 8
v 154.001 32.971 -8
v 153.99 33.142 8
v 153.99 33.142 -8
v 153.99 33.142 8
v 153.99 33.142 -8
v 153.867 34.575 8
v 153.867 34.575 -8
v 153.867 34.575 8
v 153.867 34.575 -8
v 153.854 34.704 8
v 153.854 34.704 -8
v 153.854 34.704 8
v 153.854 34.704 -8
v 153.673 36.229 8
v 153.673 36.229 -8
v 153.673 36.229 8
v 153.673 36.229 -8
v 153.658 36.343 8
v 153.658 36.343 -8
v 153.658 36.343 8
v 153.658 36.343 -8
v 153.419 37.961 8
v 153.419 37.961 -8
v 153.419 37.961 8
v 153.419 37.961 -8
v 153.403 38.06 8
v 153.403 38.06 -8
v 153.403 38.06 8
v 153.403 38.06 -8
v 153.106 39.77 8
v 153.106 39.77 -8
v 153.106 39.77 8
v 153.106 39.77 -8
v 153.089 39.861 8
v 153.089 39.861 -8
v 153.089 39.861 8
v 153.089 39.861 -8
v 152.733 41.664 8
v 152.733 41.664 -8
v 152.733 41.664 8
v 152.733 41.664 -8
v 152.726 41.7 8
v 152.726 41.7 -8
v 152.726 41.7 8
v 152.726 41.7 -8
v 148.55 61.878 8
v 148.55 61.878 -8
v 148.55 61.878 8
v 148.55 61.878 -8
v 148.355 62.532 8
v 148.355 62.532 -8
v 148.355 62.532 8
v 148.355 62.532 -8
v 147.714 64.161 8
v 147.714 64.161 -8
v 147.714 64.161 8
v 147.714 64.161 -8
v 146.386 65.9 8
v 146.386 65.9 -8
v 146.386 65.9 8
v 146.386 65.9 -8
v 145.077 66.878 8
v 145.077 66.878 -8
v 145.077 66.878 8
v 145.077 66.878 -8
v 143.334 67.621 8
v 143.334 67.621 -8
v 143.334 67.621 8
v 143.334 67.621 -8
v 141.357 67.947 8
v 141.357 67.947 -8
v 141.357 67.947 8
v 141.357 67.947 -8
v 140.706 68 8
v 140.706 68 -8
v 140.706 68 8
v 140.706 68 -8
v 116.795 68 8
v 116.795 68 -8
v 116.795 68 8
v 116.795 68 -8
v 116.193 67.954 8
v 116.193 67.954 -8
v 116.193 67.954 8
v 116.193 67.954 -8
v 114.052 67.628 8
v 114.052 67.628 -8
v 114.052 67.628 8
v 114.052 67.628 -8
v 112.645 67.133 8
v 112.645 67.133 -8
v 112.645 67.133 8
v 112.645 67.133 -8
v 110.961 66.155 8
v 110.961 66.155 -8
v 110.961 66.155 8
v 110.961 66.155 -8
v 109.774 65.101 8
v 109.774 65.101 -8
v 109.774 65.101 8
v 109.774 65.101 -8
v 108.548 63.472 8
v 108.548 63.472 -8
v 108.548 63.472 8
v 108.548 63.472 -8
v 108.253 63.02 8
v 108.253 63.02 -8
v 108.253 63.02 8
v 108.253 63.02 -8
v 96.962 42.842 8
v 96.962 42.842 -8
v 96.962 42.842 8
v 96.962 42.842 -8
v 96.948 42.816 8
v 96.948 42.816 -8
v 96.948 42.816 8
v 96.948 42.816 -8
v 95.957 41.013 8
v 95.957 41.013 -8
v 95.957 41.013 8
v 95.957 41.013 -8
v 95.923 40.951 8
v 95.923 40.951 -8
v 95.923 40.951 8
v 95.923 40.951 -8
v 95.022 39.241 8
v 95.022 39.241 -8
v 95.022 39.241 8
v 95.022 39.241 -8
v 94.984 39.167 8
v 94.984 39.167 -8
v 94.984 39.167 8
v 94.984 39.167 -8
v 94.174 37.549 8
v 94.174 37.549 -8
v 94.174 37.549 8
v 94.174 37.549 -8
v 94.133 37.464 8
v 94.133 37.464 -8
v 94.133 37.464 8
v 94.133 37.464 -8
v 93.414 35.939 8
v 93.414 35.939 -8
v 93.414 35.939 8
v 93.414 35.939 -8
v 93.367 35.836 8
v 93.367 35.836 -8
v 93.367 35.836 8
v 93.367 35.836 -8
v 92.74 34.403 8
v 92.74 34.403 -8
v 92.74 34.403 8
v 92.74 34.403 -8
v 92.686 34.274 8
v 92.686 34.274 -8
v 92.686 34.274 8
v 92.686 34.274 -8
v 92.019 32.591 8
v 92.019 32.591 -8
v 92.019 32.591 8
v 92.019 32.591 -8
v 91.954 32.414 8
v 91.954 32.414 -8
v 91.954 32.414 8
v 91.954 32.414 -8
v 91.411 30.83 8
v 91.411 30.83 -8
v 91.411 30.83 8
v 91.411 30.83 -8
v 91.346 30.623 8
v 91.346 30.623 -8
v 91.346 30.623 8
v 91.346 30.623 -8
v 90.926 29.14 8
v 90.926 29.14 -8
v 90.926 29.14 8
v 90.926 29.14 -8
v 90.864 28.887 8
v 90.864 28.887 -8
v 90.864 28.887 8
v 90.864 28.887 -8
v 90.568 27.504 8
v 90.568 27.504 -8
v 90.568 27.504 8
v 90.568 27.504 -8
v 90.54 27.362 8
v 90.54 27.362 -8
v 90.54 27.362 8
v 90.54 27.362 -8
v 86.402 3.895 8
v 86.402 3.895 -8
v 86.402 3.895 8
v 86.402 3.895 -8
v 86.342 3.106 8
v 86.342 3.106 -8
v 86.342 3.106 8
v 86.342 3.106 -8
v 86.384 1.328 8
v 86.384 1.328 -8
v 86.384 1.328 8
v 86.384 1.328 -8
v 87.297 -1.123 8
v 87.297 -1.123 -8
v 87.297 -1.123 8
v 87.297 -1.123 -8
v 88.176 -2.189 8
v 88.176 -2.189 -8
v 88.176 -2.189 8
v 88.176 -2.189 -8
v 90.449 -3.561 8
v 90.449 -3.561 -8
v 90.449 -3.561 8
v 90.449 -3.561 -8
v 92.164 -3.917 8
v 92.164 -3.917 -8
v 92.164 -3.917 8
v 92.164 -3.917 -8
v 92.977 -4 8
v 92.977 -4 -8
v 92.977 -4 8
v 92.977 -4 -8
v 106.043 -4 8
v 106.043 -4 -8
v 106.043 -4 8
v 106.043 -4 -8
v 106.802 -3.927 8
v 106.802 -3.927 -8
v 92.977 0 8
v 92.977 0 -8
v 91.262 0.356 8
v 91.262 0.356 -8
v 91.262 0.356 8
v 91.262 0.356 -8
v 90.383 1.422 8
v 90.383 1.422 -8
v 90.383 1.422 8
v 90.383 1.422 -8
v 90.341 3.2 8
v 90.341 3.2 -8
v 90.341 3.2 8
v 90.341 3.2 -8
v 94.479 26.667 8
v 94.479 26.667 -8
v 94.479 26.667 8
v 94.479 26.667 -8
v 94.775 28.05 8
v 94.775 28.05 -8
v 94.775 28.05 8
v 94.775 28.05 -8
v 95.195 29.533 8
v 95.195 29.533 -8
v 95.195 29.533 8
v 95.195 29.533 -8
v 95.738 31.117 8
v 95.738 31.117 -8
v 95.738 31.117 8
v 95.738 31.117 -8
v 96.405 32.8 8
v 96.405 32.8 -8
v 96.405 32.8 8
v 96.405 32.8 -8
v 97.032 34.233 8
v 97.032 34.233 -8
v 97.032 34.233 8
v 97.032 34.233 -8
v 97.751 35.758 8
v 97.751 35.758 -8
v 97.751 35.758 8
v 97.751 35.758 -8
v 98.561 37.376 8
v 98.561 37.376 -8
v 98.561 37.376 8
v 98.561 37.376 -8
v 99.462 39.086 8
v 99.462 39.086 -8
v 99.462 39.086 8
v 99.462 39.086 -8
v 100.453 40.889 8
v 100.453 40.889 -8
v 100.453 40.889 8
v 100.453 40.889 -8
v 111.744 61.067 8
v 111.744 61.067 -8
v 111.744 61.067 8
v 111.744 61.067 -8
v 112.97 62.696 8
v 112.97 62.696 -8
v 112.97 62.696 8
v 112.97 62.696 -8
v 114.654 63.674 8
v 114.654 63.674 -8
v 114.654 63.674 8
v 114.654 63.674 -8
v 116.795 64 8
v 116.795 64 -8
v 116.795 64 8
v 116.795 64 -8
v 140.706 64 8
v 140.706 64 -8
v 140.706 64 8
v 140.706 64 -8
v 142.683 63.674 8
v 142.683 63.674 -8
v 142.683 63.674 8
v 142.683 63.674 -8
v 143.992 62.696 8
v 143.992 62.696 -8
v 143.992 62.696 8
v 143.992 62.696 -8
v 144.633 61.067 8
v 144.633 61.067 -8
v 144.633 61.067 8
v 144.633 61.067 -8
v 148.809 40.889 8
v 148.809 40.889 -8
v 148.809 40.889 8
v 148.809 40.889 -8
v 149.165 39.086 8
v 149.165 39.086 -8
v 149.165 39.086 8
v 149.165 39.086 -8
v 149.462 37.376 8
v 149.462 37.376 -8
v 149.462 37.376 8
v 149.462 37.376 -8
v 149.701 35.758 8
v 149.701 35.758 -8
v 149.701 35.758 8
v 149.701 35.758 -8
v 149.882 34.233 8
v 149.882 34.233 -8
v 149.882 34.233 8
v 149.882 34.233 -8
v 150.005 32.8 8
v 150.005 32.8 -8
v 150.005 32.8 8
v 150.005 32.8 -8
v 150.077 31.117 8
v 150.077 31.117 -8
v 150.077 31.117 8
v 150.077 31.117 -8
v 150.062 29.533 8
v 150.062 29.533 -8
v 150.062 29.533 8
v 150.062 29.533 -8
v 149.959 28.05 8
v 149.959 28.05 -8
v 149.959 28.05 8
v 149.959 28.05 -8
v 149.768 26.667 8
v 149.768 26.667 -8
v 149.768 26.667 8
v 149.768 26.667 -8
v 145.63 3.2 8
v 145.63 3.2 -8
v 145.63 3.2 8
v 145.63 3.2 -8
v 144.961 1.422 8
v 144.961 1.422 -8
v 144.961 1.422 8
v 144.961 1.422 -8
v 143.706 0.356 8
v 143.706 0.356 -8
v 143.706 0.356 8
v 143.706 0.356 -8
v 141.866 0 8
v 141.866 0 -8
v 141.866 0 8
v 141.866 0 -8
v 128.443 0 8
v 128.443 0 -8
v 128.443 0 8
v 128.443 0 -8
v 126.58 0.356 8
v 126.58 0.356 -8
v 126.58 0.356 8
v 126.58 0.356 -8
v 125.613 1.422 8
v 125.613 1.422 -8
v 125.613 1.422 8
v 125.613 1.422 -8
v 125.541 3.2 8
v 125.541 3.2 -8
v 125.541 3.2 8
v 125.541 3.2 -8
v 127.735 15.644 8
v 127.735 15.644 -8
v 127.735 15.644 8
v 127.735 15.644 -8
v 112.002 15.644 8
v 112.002 15.644 -8
v 112.002 15.644 8
v 112.002 15.644 -8
v 109.808 3.2 8
v 109.808 3.2 -8
v 109.808 3.2 8
v 109.808 3.2 -8
v 109.139 1.422 8
v 109.139 1.422 -8
v 109.139 1.422 8
v 109.139 1.422 -8
v 107.884 0.356 8
v 107.884 0.356 -8
v 107.884 0.356 8
v 107.884 0.356 -8
v 106.043 0 8
v 106.043 0 -8
v 106.043 0 8
v 106.043 0 -8
v 92.977 0 8
v 92.977 0 -8
v 201.337 -3.927 8
v 201.337 -3.927 -8
v 203.177 -3.571 8
v 203.177 -3.571 -8
v 203.177 -3.571 8
v 203.177 -3.571 -8
v 205.007 -2.693 8
v 205.007 -2.693 -8
v 205.007 -2.693 8
v 205.007 -2.693 -8
v 206.262 -1.627 8
v 206.262 -1.627 -8
v 206.262 -1.627 8
v 206.262 -1.627 -8
v 207.416 0.013 8
v 207.416 0.013 -8
v 207.416 0.013 8
v 207.416 0.013 -8
v 208.085 1.791 8
v 208.085 1.791 -8
v 208.085 1.791 8
v 208.085 1.791 -8
v 208.28 2.505 8
v 208.28 2.505 -8
v 208.28 2.505 8
v 208.28 2.505 -8
v 210.145 13.083 8
v 210.145 13.083 -8
v 210.145 13.083 8
v 210.145 13.083 -8
v 210.205 13.872 8
v 210.205 13.872 -8
v 210.205 13.872 8
v 210.205 13.872 -8
v 210.163 15.65 8
v 210.163 15.65 -8
v 210.163 15.65 8
v 210.163 15.65 -8
v 209.25 18.101 8
v 209.25 18.101 -8
v 209.25 18.101 8
v 209.25 18.101 -8
v 208.371 19.167 8
v 208.371 19.167 -8
v 208.371 19.167 8
v 208.371 19.167 -8
v 206.098 20.539 8
v 206.098 20.539 -8
v 206.098 20.539 8
v 206.098 20.539 -8
v 204.383 20.895 8
v 204.383 20.895 -8
v 204.383 20.895 8
v 204.383 20.895 -8
v 203.57 20.978 8
v 203.57 20.978 -8
v 203.57 20.978 8
v 203.57 20.978 -8
v 185.931 20.978 8
v 185.931 20.978 -8
v 185.931 20.978 8
v 185.931 20.978 -8
v 185.066 21.077 8
v 185.066 21.077 -8
v 185.066 21.077 8
v 185.066 21.077 -8
v 188.647 41.386 8
v 188.647 41.386 -8
v 188.647 41.386 8
v 188.647 41.386 -8
v 188.951 42.253 8
v 188.951 42.253 -8
v 188.951 42.253 8
v 188.951 42.253 -8
v 189.113 42.431 8
v 189.113 42.431 -8
v 189.113 42.431 8
v 189.113 42.431 -8
v 189.628 42.664 8
v 189.628 42.664 -8
v 189.628 42.664 8
v 189.628 42.664 -8
v 191.198 42.844 8
v 191.198 42.844 -8
v 191.198 42.844 8
v 191.198 42.844 -8
v 208.837 42.844 8
v 208.837 42.844 -8
v 208.837 42.844 8
v 208.837 42.844 -8
v 209.597 42.917 8
v 209.597 42.917 -8
v 209.597 42.917 8
v 209.597 42.917 -8
v 211.437 43.273 8
v 211.437 43.273 -8
v 211.437 43.273 8
v 211.437 43.273 -8
v 213.268 44.153 8
v 213.268 44.153 -8
v 213.268 44.153 8
v 213.268 44.153 -8
v 214.523 45.22 8
v 214.523 45.22 -8
v 214.523 45.22 8
v 214.523 45.22 -8
v 215.675 46.858 8
v 215.675 46.858 -8
v 215.675 46.858 8
v 215.675 46.858 -8
v 216.344 48.635 8
v 216.344 48.635 -8
v 216.344 48.635 8
v 216.344 48.635 -8
v 216.54 49.35 8
v 216.54 49.35 -8
v 216.54 49.35 8
v 216.54 49.35 -8
v 218.436 60.106 8
v 218.436 60.106 -8
v 218.436 60.106 8
v 218.436 60.106 -8
v 218.496 60.894 8
v 218.496 60.894 -8
v 218.496 60.894 8
v 218.496 60.894 -8
v 218.454 62.672 8
v 218.454 62.672 -8
v 218.454 62.672 8
v 218.454 62.672 -8
v 217.543 65.121 8
v 217.543 65.121 -8
v 217.543 65.121 8
v 217.543 65.121 -8
v 216.665 66.187 8
v 216.665 66.187 -8
v 216.665 66.187 8
v 216.665 66.187 -8
v 214.39 67.561 8
v 214.39 67.561 -8
v 214.39 67.561 8
v 214.39 67.561 -8
v 212.675 67.917 8
v 212.675 67.917 -8
v 212.675 67.917 8
v 212.675 67.917 -8
v 211.862 68 8
v 211.862 68 -8
v 211.862 68 8
v 211.862 68 -8
v 190.173 68 8
v 190.173 68 -8
v 190.173 68 8
v 190.173 68 -8
v 190.082 67.999 8
v 190.082 67.999 -8
v 190.082 67.999 8
v 190.082 67.999 -8
v 187.656 67.944 8
v 187.656 67.944 -8
v 187.656 67.944 8
v 187.656 67.944 -8
v 187.463 67.935 8
v 187.463 67.935 -8
v 187.463 67.935 8
v 187.463 67.935 -8
v 185.162 67.771 8
v 185.162 67.771 -8
v 185.162 67.771 8
v 185.162 67.771 -8
v 184.944 67.749 8
v 184.944 67.749 -8
v 184.944 67.749 8
v 184.944 67.749 -8
v 182.769 67.474 8
v 182.769 67.474 -8
v 182.769 67.474 8
v 182.769 67.474 -8
v 182.535 67.438 8
v 182.535 67.438 -8
v 182.535 67.438 8
v 182.535 67.438 -8
v 180.485 67.054 8
v 180.485 67.054 -8
v 180.485 67.054 8
v 180.485 67.054 -8
v 180.226 66.996 8
v 180.226 66.996 -8
v 180.226 66.996 8
v 180.226 66.996 -8
v 178.302 66.502 8
v 178.302 66.502 -8
v 178.302 66.502 8
v 178.302 66.502 -8
v 178.025 66.42 8
v 178.025 66.42 -8
v 178.025 66.42 8
v 178.025 66.42 -8
v 176.227 65.817 8
v 176.227 65.817 -8
v 176.227 65.817 8
v 176.227 65.817 -8
v 175.93 65.704 8
v 175.93 65.704 -8
v 175.93 65.704 8
v 175.93 65.704 -8
v 174.256 64.99 8
v 174.256 64.99 -8
v 174.256 64.99 8
v 174.256 64.99 -8
v 173.946 64.842 8
v 173.946 64.842 -8
v 173.946 64.842 8
v 173.946 64.842 -8
v 172.399 64.019 8
v 172.399 64.019 -8
v 172.399 64.019 8
v 172.399 64.019 -8
v 172.085 63.833 8
v 172.085 63.833 -8
v 172.085 63.833 8
v 172.085 63.833 -8
v 170.663 62.901 8
v 170.663 62.901 -8
v 170.663 62.901 8
v 170.663 62.901 -8
v 170.331 62.659 8
v 170.331 62.659 -8
v 170.331 62.659 8
v 170.331 62.659 -8
v 168.871 61.471 8
v 168.871 61.471 -8
v 168.871 61.471 8
v 168.871 61.471 -8
v 168.545 61.174 8
v 168.545 61.174 -8
v 168.545 61.174 8
v 168.545 61.174 -8
v 167.226 59.834 8
v 167.226 59.834 -8
v 167.226 59.834 8
v 167.226 59.834 -8
v 166.939 59.508 8
v 166.939 59.508 -8
v 166.939 59.508 8
v 166.939 59.508 -8
v 165.759 58.015 8
v 165.759 58.015 -8
v 165.759 58.015 8
v 165.759 58.015 -8
v 165.515 57.672 8
v 165.515 57.672 -8
v 165.515 57.672 8
v 165.515 57.672 -8
v 164.475 56.026 8
v 164.475 56.026 -8
v 164.475 56.026 8
v 164.475 56.026 -8
v 164.28 55.68 8
v 164.28 55.68 -8
v 164.28 55.68 8
v 164.28 55.68 -8
v 163.379 53.881 8
v 163.379 53.881 -8
v 163.379 53.881 8
v 163.379 53.881 -8
v 163.229 53.544 8
v 163.229 53.544 -8
v 163.229 53.544 8
v 163.229 53.544 -8
v 162.468 51.593 8
v 162.468 51.593 -8
v 162.468 51.593 8
v 162.468 51.593 -8
v 162.359 51.271 8
v 162.359 51.271 -8
v 162.359 51.271 8
v 162.359 51.271 -8
v 161.738 49.167 8
v 161.738 49.167 -8
v 161.738 49.167 8
v 161.738 49.167 -8
v 161.662 48.869 8
v 161.662 48.869 -8
v 161.662 48.869 8
v 161.662 48.869 -8
v 161.181 46.612 8
v 161.181 46.612 -8
v 161.181 46.612 8
v 161.181 46.612 -8
v 161.154 46.473 8
v 161.154 46.473 -8
v 161.154 46.473 8
v 161.154 46.473 -8
v 156.28 18.828 8
v 156.28 18.828 -8
v 156.28 18.828 8
v 156.28 18.828 -8
v 156.257 18.684 8
v 156.257 18.684 -8
v 156.257 18.684 8
v 156.257 18.684 -8
v 155.946 16.448 8
v 155.946 16.448 -8
v 155.946 16.448 8
v 155.946 16.448 -8
v 155.914 16.123 8
v 155.914 16.123 -8
v 155.914 16.123 8
v 155.914 16.123 -8
v 155.796 14.037 8
v 155.796 14.037 -8
v 155.796 14.037 8
v 155.796 14.037 -8
v 155.793 13.656 8
v 155.793 13.656 -8
v 155.793 13.656 8
v 155.793 13.656 -8
v 155.868 11.72 8
v 155.868 11.72 -8
v 155.868 11.72 8
v 155.868 11.72 -8
v 155.909 11.281 8
v 155.909 11.281 -8
v 155.909 11.281 8
v 155.909 11.281 -8
v 156.177 9.495 8
v 156.177 9.495 -8
v 156.177 9.495 8
v 156.177 9.495 -8
v 156.284 9.002 8
v 156.284 9.002 -8
v 156.284 9.002 8
v 156.284 9.002 -8
v 156.746 7.366 8
v 156.746 7.366 -8
v 156.746 7.366 8
v 156.746 7.366 -8
v 156.935 6.84 8
v 156.935 6.84 -8
v 156.935 6.84 8
v 156.935 6.84 -8
v 157.59 5.354 8
v 157.59 5.354 -8
v 157.59 5.354 8
v 157.59 5.354 -8
v 157.872 4.825 8
v 157.872 4.825 -8
v 157.872 4.825 8
v 157.872 4.825 -8
v 158.719 3.489 8
v 158.719 3.489 -8
v 158.719 3.489 8
v 158.719 3.489 -8
v 159.09 2.994 8
v 159.09 2.994 -8
v 159.09 2.994 8
v 159.09 2.994 -8
v 160.131 1.807 8
v 160.131 1.807 -8
v 160.131 1.807 8
v 160.131 1.807 -8
v 160.543 1.4 8
v 160.543 1.4 -8
v 160.543 1.4 8
v 160.543 1.4 -8
v 161.636 0.468 8
v 161.636 0.468 -8
v 161.636 0.468 8
v 161.636 0.468 -8
v 162.041 0.165 8
v 162.041 0.165 -8
v 162.041 0.165 8
v 162.041 0.165 -8
v 163.299 -0.658 8
v 163.299 -0.658 -8
v 163.299 -0.658 8
v 163.299 -0.658 -8
v 163.693 -0.885 8
v 163.693 -0.885 -8
v 163.693 -0.885 8
v 163.693 -0.885 -8
v 165.114 -1.599 8
v 165.114 -1.599 -8
v 165.114 -1.599 8
v 165.114 -1.599 -8
v 165.488 -1.764 8
v 165.488 -1.764 -8
v 165.488 -1.764 8
v 165.488 -1.764 -8
v 167.074 -2.367 8
v 167.074 -2.367 -8
v 167.074 -2.367 8
v 167.074 -2.367 -8
v 167.409 -2.478 8
v 167.409 -2.478 -8
v 167.409 -2.478 8
v 167.409 -2.478 -8
v 169.159 -2.972 8
v 169.159 -2.972 -8
v 169.159 -2.972 8
v 169.159 -2.972 -8
v 169.459 -3.044 8
v 169.459 -3.044 -8
v 169.459 -3.044 8
v 169.459 -3.044 -8
v 171.373 -3.428 8
v 171.373 -3.428 -8
v 171.373 -3.428 8
v 171.373 -3.428 -8
v 171.635 -3.471 8
v 171.635 -3.471 -8
v 171.635 -3.471 8
v 171.635 -3.471 -8
v 173.713 -3.746 8
v 173.713 -3.746 -8
v 173.713 -3.746 8
v 173.713 -3.746 -8
v 173.946 -3.77 8
v 173.946 -3.77 -8
v 173.946 -3.77 8
v 173.946 -3.77 -8
v 176.189 -3.934 8
v 176.189 -3.934 -8
v 176.189 -3.934 8
v 176.189 -3.934 -8
v 176.39 -3.944 8
v 176.39 -3.944 -8
v 176.39 -3.944 8
v 176.39 -3.944 -8
v 178.797 -3.999 8
v 178.797 -3.999 -8
v 178.797 -3.999 8
v 178.797 -3.999 -8
v 178.888 -4 8
v 178.888 -4 -8
v 178.888 -4 8
v 178.888 -4 -8
v 200.577 -4 8
v 200.577 -4 -8
v 200.577 -4 8
v 200.577 -4 -8
v 201.337 -3.927 8
v 201.337 -3.927 -8
v 178.888 0 8
v 178.888 0 -8
v 176.481 0.055 8
v 176.481 0.055 -8
v 176.481 0.055 8
v 176.481 0.055 -8
v 174.238 0.219 8
v 174.238 0.219 -8
v 174.238 0.219 8
v 174.238 0.219 -8
v 172.16 0.494 8
v 172.16 0.494 -8
v 172.16 0.494 8
v 172.16 0.494 -8
v 170.246 0.878 8
v 170.246 0.878 -8
v 170.246 0.878 8
v 170.246 0.878 -8
v 168.496 1.372 8
v 168.496 1.372 -8
v 168.496 1.372 8
v 168.496 1.372 -8
v 166.91 1.975 8
v 166.91 1.975 -8
v 166.91 1.975 8
v 166.91 1.975 -8
v 165.489 2.689 8
v 165.489 2.689 -8
v 165.489 2.689 8
v 165.489 2.689 -8
v 164.231 3.512 8
v 164.231 3.512 -8
v 164.231 3.512 8
v 164.231 3.512 -8
v 163.138 4.444 8
v 163.138 4.444 -8
v 163.138 4.444 8
v 163.138 4.444 -8
v 162.097 5.631 8
v 162.097 5.631 -8
v 162.097 5.631 8
v 162.097 5.631 -8
v 161.25 6.967 8
v 161.25 6.967 -8
v 161.25 6.967 8
v 161.25 6.967 -8
v 160.595 8.453 8
v 160.595 8.453 -8
v 160.595 8.453 8
v 160.595 8.453 -8
v 160.133 10.089 8
v 160.133 10.089 -8
v 160.133 10.089 8
v 160.133 10.089 -8
v 159.865 11.875 8
v 159.865 11.875 -8
v 159.865 11.875 8
v 159.865 11.875 -8
v 159.79 13.811 8
v 159.79 13.811 -8
v 159.79 13.811 8
v 159.79 13.811 -8
v 159.908 15.897 8
v 159.908 15.897 -8
v 159.908 15.897 8
v 159.908 15.897 -8
v 160.219 18.133 8
v 160.219 18.133 -8
v 160.219 18.133 8
v 160.219 18.133 -8
v 165.093 45.778 8
v 165.093 45.778 -8
v 165.093 45.778 8
v 165.093 45.778 -8
v 165.574 48.035 8
v 165.574 48.035 -8
v 165.574 48.035 8
v 165.574 48.035 -8
v 166.195 50.139 8
v 166.195 50.139 -8
v 166.195 50.139 8
v 166.195 50.139 -8
v 166.956 52.09 8
v 166.956 52.09 -8
v 166.956 52.09 8
v 166.956 52.09 -8
v 167.857 53.889 8
v 167.857 53.889 -8
v 167.857 53.889 8
v 167.857 53.889 -8
v 168.897 55.535 8
v 168.897 55.535 -8
v 168.897 55.535 8
v 168.897 55.535 -8
v 170.077 57.028 8
v 170.077 57.028 -8
v 170.077 57.028 8
v 170.077 57.028 -8
v 171.396 58.368 8
v 171.396 58.368 -8
v 171.396 58.368 8
v 171.396 58.368 -8
v 172.856 59.556 8
v 172.856 59.556 -8
v 172.856 59.556 8
v 172.856 59.556 -8
v 174.278 60.488 8
v 174.278 60.488 -8
v 174.278 60.488 8
v 174.278 60.488 -8
v 175.825 61.311 8
v 175.825 61.311 -8
v 175.825 61.311 8
v 175.825 61.311 -8
v 177.499 62.025 8
v 177.499 62.025 -8
v 177.499 62.025 8
v 177.499 62.025 -8
v 179.297 62.628 8
v 179.297 62.628 -8
v 179.297 62.628 8
v 179.297 62.628 -8
v 181.221 63.122 8
v 181.221 63.122 -8
v 181.221 63.122 8
v 181.221 63.122 -8
v 183.271 63.506 8
v 183.271 63.506 -8
v 183.271 63.506 8
v 183.271 63.506 -8
v 185.446 63.781 8
v 185.446 63.781 -8
v 185.446 63.781 8
v 185.446 63.781 -8
v 187.747 63.945 8
v 187.747 63.945 -8
v 187.747 63.945 8
v 187.747 63.945 -8
v 190.173 64 8
v 190.173 64 -8
v 190.173 64 8
v 190.173 64 -8
v 211.862 64 8
v 211.862 64 -8
v 211.862 64 8
v 211.862 64 -8
v 213.577 63.644 8
v 213.577 63.644 -8
v 213.577 63.644 8
v 213.577 63.644 -8
v 214.455 62.578 8
v 214.455 62.578 -8
v 214.455 62.578 8
v 214.455 62.578 -8
v 214.497 60.8 8
v 214.497 60.8 -8
v 214.497 60.8 8
v 214.497 60.8 -8
v 212.601 50.044 8
v 212.601 50.044 -8
v 212.601 50.044 8
v 212.601 50.044 -8
v 211.932 48.267 8
v 211.932 48.267 -8
v 211.932 48.267 8
v 211.932 48.267 -8
v 210.677 47.2 8
v 210.677 47.2 -8
v 210.677 47.2 8
v 210.677 47.2 -8
v 208.837 46.844 8
v 208.837 46.844 -8
v 208.837 46.844 8
v 208.837 46.844 -8
v 190.97 46.844 8
v 190.97 46.844 -8
v 190.97 46.844 8
v 190.97 46.844 -8
v 188.549 46.567 8
v 188.549 46.567 -8
v 188.549 46.567 8
v 188.549 46.567 -8
v 186.707 45.733 8
v 186.707 45.733 -8
v 186.707 45.733 8
v 186.707 45.733 -8
v 185.446 44.344 8
v 185.446 44.344 -8
v 185.446 44.344 8
v 185.446 44.344 -8
v 184.764 42.4 8
v 184.764 42.4 -8
v 184.764 42.4 8
v 184.764 42.4 -8
v 181.034 21.244 8
v 181.034 21.244 -8
v 181.034 21.244 8
v 181.034 21.244 -8
v 181.044 19.378 8
v 181.044 19.378 -8
v 181.044 19.378 8
v 181.044 19.378 -8
v 181.825 18.044 8
v 181.825 18.044 -8
v 181.825 18.044 8
v 181.825 18.044 -8
v 183.378 17.244 8
v 183.378 17.244 -8
v 183.378 17.244 8
v 183.378 17.244 -8
v 185.704 16.978 8
v 185.704 16.978 -8
v 185.704 16.978 8
v 185.704 16.978 -8
v 203.57 16.978 8
v 203.57 16.978 -8
v 203.57 16.978 8
v 203.57 16.978 -8
v 205.285 16.622 8
v 205.285 16.622 -8
v 205.285 16.622 8
v 205.285 16.622 -8
v 206.164 15.556 8
v 206.164 15.556 -8
v 206.164 15.556 8
v 206.164 15.556 -8
v 206.206 13.778 8
v 206.206 13.778 -8
v 206.206 13.778 8
v 206.206 13.778 -8
v 204.341 3.2 8
v 204.341 3.2 -8
v 204.341 3.2 8
v 204.341 3.2 -8
v 203.672 1.422 8
v 203.672 1.422 -8
v 203.672 1.422 8
v 203.672 1.422 -8
v 202.417 0.356 8
v 202.417 0.356 -8
v 202.417 0.356 8
v 202.417 0.356 -8
v 200.577 0 8
v 200.577 0 -8
v 200.577 0 8
v 200.577 0 -8
v 178.888 0 8
v 178.888 0 -8
v 261.026 -3.927 8
v 261.026 -3.927 -8
v 262.866 -3.571 8
v 262.866 -3.571 -8
v 262.866 -3.571 8
v 262.866 -3.571 -8
v 264.696 -2.693 8
v 264.696 -2.693 -8
v 264.696 -2.693 8
v 264.696 -2.693 -8
v 265.951 -1.627 8
v 265.951 -1.627 -8
v 265.951 -1.627 8
v 265.951 -1.627 -8
v 267.105 0.013 8
v 267.105 0.013 -8
v 267.105 0.013 8
v 267.105 0.013 -8
v 267.774 1.791 8
v 267.774 1.791 -8
v 267.774 1.791 8
v 267.774 1.791 -8
v 267.969 2.505 8
v 267.969 2.505 -8
v 267.969 2.505 8
v 267.969 2.505 -8
v 269.803 12.905 8
v 269.803 12.905 -8
v 269.803 12.905 8
v 269.803 12.905 -8
v 269.863 13.694 8
v 269.863 13.694 -8
v 269.863 13.694 8
v 269.863 13.694 -8
v 269.821 15.472 8
v 269.821 15.472 -8
v 269.821 15.472 8
v 269.821 15.472 -8
v 268.908 17.923 8
v 268.908 17.923 -8
v 268.908 17.923 8
v 268.908 17.923 -8
v 268.029 18.989 8
v 268.029 18.989 -8
v 268.029 18.989 8
v 268.029 18.989 -8
v 265.756 20.361 8
v 265.756 20.361 -8
v 265.756 20.361 8
v 265.756 20.361 -8
v 264.041 20.717 8
v 264.041 20.717 -8
v 264.041 20.717 8
v 264.041 20.717 -8
v 263.228 20.8 8
v 263.228 20.8 -8
v 263.228 20.8 8
v 263.228 20.8 -8
v 259.599 20.8 8
v 259.599 20.8 -8
v 259.599 20.8 8
v 259.599 20.8 -8
v 259.976 20.873 8
v 259.976 20.873 -8
v 259.976 20.873 8
v 259.976 20.873 -8
v 261.807 21.753 8
v 261.807 21.753 -8
v 261.807 21.753 8
v 261.807 21.753 -8
v 263.062 22.82 8
v 263.062 22.82 -8
v 263.062 22.82 8
v 263.062 22.82 -8
v 264.214 24.458 8
v 264.214 24.458 -8
v 264.214 24.458 8
v 264.214 24.458 -8
v 264.883 26.235 8
v 264.883 26.235 -8
v 264.883 26.235 8
v 264.883 26.235 -8
v 265.079 26.949 8
v 265.079 26.949 -8
v 265.079 26.949 8
v 265.079 26.949 -8
v 266.756 36.461 8
v 266.756 36.461 -8
v 266.756 36.461 8
v 266.756 36.461 -8
v 266.816 37.251 8
v 266.816 37.251 -8
v 266.816 37.251 8
v 266.816 37.251 -8
v 266.774 39.028 8
v 266.774 39.028 -8
v 266.774 39.028 8
v 266.774 39.028 -8
v 265.862 41.476 8
v 265.862 41.476 -8
v 265.862 41.476 8
v 265.862 41.476 -8
v 264.983 42.543 8
v 264.983 42.543 -8
v 264.983 42.543 8
v 264.983 42.543 -8
v 263.896 43.2 8
v 263.896 43.2 -8
v 263.896 43.2 8
v 263.896 43.2 -8
v 268.588 43.2 8
v 268.588 43.2 -8
v 268.588 43.2 8
v 268.588 43.2 -8
v 269.347 43.273 8
v 269.347 43.273 -8
v 269.347 43.273 8
v 269.347 43.273 -8
v 271.188 43.629 8
v 271.188 43.629 -8
v 271.188 43.629 8
v 271.188 43.629 -8
v 273.02 44.508 8
v 273.02 44.508 -8
v 273.02 44.508 8
v 273.02 44.508 -8
v 274.274 45.574 8
v 274.274 45.574 -8
v 274.274 45.574 8
v 274.274 45.574 -8
v 275.427 47.213 8
v 275.427 47.213 -8
v 275.427 47.213 8
v 275.427 47.213 -8
v 276.096 48.991 8
v 276.096 48.991 -8
v 276.096 48.991 8
v 276.096 48.991 -8
v 276.291 49.705 8
v 276.291 49.705 -8
v 276.291 49.705 8
v 276.291 49.705 -8
v 278.125 60.105 8
v 278.125 60.105 -8
v 278.125 60.105 8
v 278.125 60.105 -8
v 278.185 60.894 8
v 278.185 60.894 -8
v 278.185 60.894 8
v 278.185 60.894 -8
v 278.143 62.672 8
v 278.143 62.672 -8
v 278.143 62.672 8
v 278.143 62.672 -8
v 277.232 65.121 8
v 277.232 65.121 -8
v 277.232 65.121 8
v 277.232 65.121 -8
v 276.354 66.187 8
v 276.354 66.187 -8
v 276.354 66.187 8
v 276.354 66.187 -8
v 274.079 67.561 8
v 274.079 67.561 -8
v 274.079 67.561 8
v 274.079 67.561 -8
v 272.364 67.917 8
v 272.364 67.917 -8
v 272.364 67.917 8
v 272.364 67.917 -8
v 271.551 68 8
v 271.551 68 -8
v 271.551 68 8
v 271.551 68 -8
v 230.306 68 8
v 230.306 68 -8
v 230.306 68 8
v 230.306 68 -8
v 229.546 67.927 8
v 229.546 67.927 -8
v 229.546 67.927 8
v 229.546 67.927 -8
v 227.706 67.571 8
v 227.706 67.571 -8
v 227.706 67.571 8
v 227.706 67.571 -8
v 225.876 66.693 8
v 225.876 66.693 -8
v 225.876 66.693 8
v 225.876 66.693 -8
v 224.621 65.627 8
v 224.621 65.627 -8
v 224.621 65.627 8
v 224.621 65.627 -8
v 223.467 63.987 8
v 223.467 63.987 -8
v 223.467 63.987 8
v 223.467 63.987 -8
v 222.798 62.209 8
v 222.798 62.209 -8
v 222.798 62.209 8
v 222.798 62.209 -8
v 222.603 61.495 8
v 222.603 61.495 -8
v 222.603 61.495 8
v 222.603 61.495 -8
v 212.446 3.895 8
v 212.446 3.895 -8
v 212.446 3.895 8
v 212.446 3.895 -8
v 212.386 3.106 8
v 212.386 3.106 -8
v 212.386 3.106 8
v 212.386 3.106 -8
v 212.428 1.328 8
v 212.428 1.328 -8
v 212.428 1.328 8
v 212.428 1.328 -8
v 213.341 -1.123 8
v 213.341 -1.123 -8
v 213.341 -1.123 8
v 213.341 -1.123 -8
v 214.22 -2.189 8
v 214.22 -2.189 -8
v 214.22 -2.189 8
v 214.22 -2.189 -8
v 216.493 -3.561 8
v 216.493 -3.561 -8
v 216.493 -3.561 8
v 216.493 -3.561 -8
v 218.208 -3.917 8
v 218.208 -3.917 -8
v 218.208 -3.917 8
v 218.208 -3.917 -8
v 219.021 -4 8
v 219.021 -4 -8
v 219.021 -4 8
v 219.021 -4 -8
v 260.266 -4 8
v 260.266 -4 -8
v 260.266 -4 8
v 260.266 -4 -8
v 261.026 -3.927 8
v 261.026 -3.927 -8
v 219.021 0 8
v 219.021 0 -8
v 217.306 0.356 8
v 217.306 0.356 -8
v 217.306 0.356 8
v 217.306 0.356 -8
v 216.427 1.422 8
v 216.427 1.422 -8
v 216.427 1.422 8
v 216.427 1.422 -8
v 216.385 3.2 8
v 216.385 3.2 -8
v 216.385 3.2 8
v 216.385 3.2 -8
v 226.542 60.8 8
v 226.542 60.8 -8
v 226.542 60.8 8
v 226.542 60.8 -8
v 227.211 62.578 8
v 227.211 62.578 -8
v 227.211 62.578 8
v 227.211 62.578 -8
v 228.466 63.644 8
v 228.466 63.644 -8
v 228.466 63.644 8
v 228.466 63.644 -8
v 230.306 64 8
v 230.306 64 -8
v 230.306 64 8
v 230.306 64 -8
v 271.551 64 8
v 271.551 64 -8
v 271.551 64 8
v 271.551 64 -8
v 273.266 63.644 8
v 273.266 63.644 -8
v 273.266 63.644 8
v 273.266 63.644 -8
v 274.144 62.578 8
v 274.144 62.578 -8
v 274.144 62.578 8
v 274.144 62.578 -8
v 274.186 60.8 8
v 274.186 60.8 -8
v 274.186 60.8 8
v 274.186 60.8 -8
v 272.352 50.4 8
v 272.352 50.4 -8
v 272.352 50.4 8
v 272.352 50.4 -8
v 271.683 48.622 8
v 271.683 48.622 -8
v 271.683 48.622 8
v 271.683 48.622 -8
v 270.429 47.556 8
v 270.429 47.556 -8
v 270.429 47.556 8
v 270.429 47.556 -8
v 268.588 47.2 8
v 268.588 47.2 -8
v 268.588 47.2 8
v 268.588 47.2 -8
v 244.055 47.2 8
v 244.055 47.2 -8
v 244.055 47.2 8
v 244.055 47.2 -8
v 242.848 40.356 8
v 242.848 40.356 -8
v 242.848 40.356 8
v 242.848 40.356 -8
v 260.181 40.356 8
v 260.181 40.356 -8
v 260.181 40.356 8
v 260.181 40.356 -8
v 261.896 40 8
v 261.896 40 -8
v 261.896 40 8
v 261.896 40 -8
v 262.775 38.933 8
v 262.775 38.933 -8
v 262.775 38.933 8
v 262.775 38.933 -8
v 262.817 37.156 8
v 262.817 37.156 -8
v 262.817 37.156 8
v 262.817 37.156 -8
v 261.14 27.644 8
v 261.14 27.644 -8
v 261.14 27.644 8
v 261.14 27.644 -8
v 260.471 25.867 8
v 260.471 25.867 -8
v 260.471 25.867 8
v 260.471 25.867 -8
v 259.216 24.8 8
v 259.216 24.8 -8
v 259.216 24.8 8
v 259.216 24.8 -8
v 257.376 24.444 8
v 257.376 24.444 -8
v 257.376 24.444 8
v 257.376 24.444 -8
v 240.042 24.444 8
v 240.042 24.444 -8
v 240.042 24.444 8
v 240.042 24.444 -8
v 238.695 16.8 8
v 238.695 16.8 -8
v 238.695 16.8 8
v 238.695 16.8 -8
v 263.228 16.8 8
v 263.228 16.8 -8
v 263.228 16.8 8
v 263.228 16.8 -8
v 264.943 16.444 8
v 264.943 16.444 -8
v 264.943 16.444 8
v 264.943 16.444 -8
v 265.822 15.378 8
v 265.822 15.378 -8
v 265.822 15.378 8
v 265.822 15.378 -8
v 265.864 13.6 8
v 265.864 13.6 -8
v 265.864 13.6 8
v 265.864 13.6 -8
v 264.03 3.2 8
v 264.03 3.2 -8
v 264.03 3.2 8
v 264.03 3.2 -8
v 263.361 1.422 8
v 263.361 1.422 -8
v 263.361 1.422 8
v 263.361 1.422 -8
v 262.106 0.356 8
v 262.106 0.356 -8
v 262.106 0.356 8
v 262.106 0.356 -8
v 260.266 0 8
v 260.266 0 -8
v 260.266 0 8
v 260.266 0 -8
v 219.021 0 8
v 219.021 0 -8
v 311.154 36.922 8
v 311.154 36.922 -8
v 312.49 37.822 8
v 312.49 37.822 -8
v 312.49 37.822 8
v 312.49 37.822 -8
v 313.327 39.167 8
v 313.327 39.167 -8
v 313.327 39.167 8
v 313.327 39.167 -8
v 313.815 40.8 8
v 313.815 40.8 -8
v 313.815 40.8 8
v 313.815 40.8 -8
v 314.348 43.822 8
v 314.348 43.822 -8
v 314.348 43.822 8
v 314.348 43.822 -8
v 314.436 45.456 8
v 314.436 45.456 -8
v 314.436 45.456 8
v 314.436 45.456 -8
v 314.073 46.8 8
v 314.073 46.8 -8
v 314.073 46.8 8
v 314.073 46.8 -8
v 313.054 47.7 8
v 313.054 47.7 -8
v 313.054 47.7 8
v 313.054 47.7 -8
v 311.174 48 8
v 311.174 48 -8
v 311.174 48 8
v 311.174 48 -8
v 304.507 48 8
v 304.507 48 -8
v 304.507 48 8
v 304.507 48 -8
v 302.501 36.622 8
v 302.501 36.622 -8
v 302.501 36.622 8
v 302.501 36.622 -8
v 309.168 36.622 8
v 309.168 36.622 -8
v 309.168 36.622 8
v 309.168 36.622 -8
v 311.154 36.922 8
v 311.154 36.922 -8
v 307.268 40.622 8
v 307.268 40.622 -8
v 307.863 44 8
v 307.863 44 -8
v 307.863 44 8
v 307.863 44 -8
v 310.318 44 8
v 310.318 44 -8
v 310.318 44 8
v 310.318 44 -8
v 309.917 41.728 8
v 309.917 41.728 -8
v 309.917 41.728 8
v 309.917 41.728 -8
v 309.647 40.823 8
v 309.647 40.823 -8
v 309.647 40.823 8
v 309.647 40.823 -8
v 309.589 40.731 8
v 309.589 40.731 -8
v 309.589 40.731 8
v 309.589 40.731 -8
v 308.869 40.622 8
v 308.869 40.622 -8
v 308.869 40.622 8
v 308.869 40.622 -8
v 307.268 40.622 8
v 307.268 40.622 -8
v 293.602 -3.927 8
v 293.602 -3.927 -8
v 295.443 -3.571 8
v 295.443 -3.571 -8
v 295.443 -3.571 8
v 295.443 -3.571 -8
v 297.274 -2.693 8
v 297.274 -2.693 -8
v 297.274 -2.693 8
v 297.274 -2.693 -8
v 298.529 -1.627 8
v 298.529 -1.627 -8
v 298.529 -1.627 8
v 298.529 -1.627 -8
v 299.683 0.013 8
v 299.683 0.013 -8
v 299.683 0.013 8
v 299.683 0.013 -8
v 300.352 1.791 8
v 300.352 1.791 -8
v 300.352 1.791 8
v 300.352 1.791 -8
v 300.547 2.505 8
v 300.547 2.505 -8
v 300.547 2.505 8
v 300.547 2.505 -8
v 303.036 16.622 8
v 303.036 16.622 -8
v 303.036 16.622 8
v 303.036 16.622 -8
v 310.735 16.622 8
v 310.735 16.622 -8
v 310.735 16.622 8
v 310.735 16.622 -8
v 308.491 3.895 8
v 308.491 3.895 -8
v 308.491 3.895 8
v 308.491 3.895 -8
v 308.431 3.106 8
v 308.431 3.106 -8
v 308.431 3.106 8
v 308.431 3.106 -8
v 308.473 1.328 8
v 308.473 1.328 -8
v 308.473 1.328 8
v 308.473 1.328 -8
v 309.386 -1.123 8
v 309.386 -1.123 -8
v 309.386 -1.123 8
v 309.386 -1.123 -8
v 310.265 -2.189 8
v 310.265 -2.189 -8
v 310.265 -2.189 8
v 310.265 -2.189 -8
v 312.538 -3.561 8
v 312.538 -3.561 -8
v 312.538 -3.561 8
v 312.538 -3.561 -8
v 314.253 -3.917 8
v 314.253 -3.917 -8
v 314.253 -3.917 8
v 314.253 -3.917 -8
v 315.066 -4 8
v 315.066 -4 -8
v 315.066 -4 8
v 315.066 -4 -8
v 328.843 -4 8
v 328.843 -4 -8
v 328.843 -4 8
v 328.843 -4 -8
v 329.602 -3.927 8
v 329.602 -3.927 -8
v 329.602 -3.927 8
v 329.602 -3.927 -8
v 331.443 -3.571 8
v 331.443 -3.571 -8
v 331.443 -3.571 8
v 331.443 -3.571 -8
v 333.274 -2.693 8
v 333.274 -2.693 -8
v 333.274 -2.693 8
v 333.274 -2.693 -8
v 334.529 -1.627 8
v 334.529 -1.627 -8
v 334.529 -1.627 8
v 334.529 -1.627 -8
v 335.683 0.013 8
v 335.683 0.013 -8
v 335.683 0.013 8
v 335.683 0.013 -8
v 336.352 1.791 8
v 336.352 1.791 -8
v 336.352 1.791 8
v 336.352 1.791 -8
v 336.547 2.506 8
v 336.547 2.506 -8
v 336.547 2.506 8
v 336.547 2.506 -8
v 339.869 21.35 8
v 339.869 21.35 -8
v 339.869 21.35 8
v 339.869 21.35 -8
v 339.901 21.561 8
v 339.901 21.561 -8
v 339.901 21.561 8
v 339.901 21.561 -8
v 340.163 23.713 8
v 340.163 23.713 -8
v 340.163 23.713 8
v 340.163 23.713 -8
v 340.192 24.204 8
v 340.192 24.204 -8
v 340.192 24.204 8
v 340.192 24.204 -8
v 340.188 26.177 8
v 340.188 26.177 -8
v 340.188 26.177 8
v 340.188 26.177 -8
v 340.144 26.764 8
v 340.144 26.764 -8
v 340.144 26.764 8
v 340.144 26.764 -8
v 339.874 28.559 8
v 339.874 28.559 -8
v 339.874 28.559 8
v 339.874 28.559 -8
v 339.715 29.222 8
v 339.715 29.222 -8
v 339.715 29.222 8
v 339.715 29.222 -8
v 339.179 30.84 8
v 339.179 30.84 -8
v 339.179 30.84 8
v 339.179 30.84 -8
v 338.877 31.528 8
v 338.877 31.528 -8
v 338.877 31.528 8
v 338.877 31.528 -8
v 338.075 32.968 8
v 338.075 32.968 -8
v 338.075 32.968 8
v 338.075 32.968 -8
v 337.651 33.585 8
v 337.651 33.585 -8
v 337.651 33.585 8
v 337.651 33.585 -8
v 336.618 34.823 8
v 336.618 34.823 -8
v 336.618 34.823 8
v 336.618 34.823 -8
v 336.084 35.353 8
v 336.084 35.353 -8
v 336.084 35.353 8
v 336.084 35.353 -8
v 335.091 36.168 8
v 335.091 36.168 -8
v 335.091 36.168 8
v 335.091 36.168 -8
v 335.225 36.346 8
v 335.225 36.346 -8
v 335.225 36.346 8
v 335.225 36.346 -8
v 335.584 36.914 8
v 335.584 36.914 -8
v 335.584 36.914 8
v 335.584 36.914 -8
v 336.29 38.275 8
v 336.29 38.275 -8
v 336.29 38.275 8
v 336.29 38.275 -8
v 336.455 38.638 8
v 336.455 38.638 -8
v 336.455 38.638 8
v 336.455 38.638 -8
v 337.054 40.143 8
v 337.054 40.143 -8
v 337.054 40.143 8
v 337.054 40.143 -8
v 337.172 40.481 8
v 337.172 40.481 -8
v 337.172 40.481 8
v 337.172 40.481 -8
v 337.663 42.131 8
v 337.663 42.131 -8
v 337.663 42.131 8
v 337.663 42.131 -8
v 337.741 42.437 8
v 337.741 42.437 -8
v 337.741 42.437 8
v 337.741 42.437 -8
v 338.124 44.232 8
v 338.124 44.232 -8
v 338.124 44.232 8
v 338.124 44.232 -8
v 338.151 44.372 8
v 338.151 44.372 -8
v 338.151 44.372 8
v 338.151 44.372 -8
v 338.872 48.461 8
v 338.872 48.461 -8
v 338.872 48.461 8
v 338.872 48.461 -8
v 338.9 48.64 8
v 338.9 48.64 -8
v 338.9 48.64 8
v 338.9 48.64 -8
v 339.18 50.792 8
v 339.18 50.792 -8
v 339.18 50.792 8
v 339.18 50.792 -8
v 339.212 51.199 8
v 339.212 51.199 -8
v 339.212 51.199 8
v 339.212 51.199 -8
v 339.267 53.213 8
v 339.267 53.213 -8
v 339.267 53.213 8
v 339.267 53.213 -8
v 339.252 53.683 8
v 339.252 53.683 -8
v 339.252 53.683 8
v 339.252 53.683 -8
v 339.082 55.558 8
v 339.082 55.558 -8
v 339.082 55.558 8
v 339.082 55.558 -8
v 338.999 56.082 8
v 338.999 56.082 -8
v 338.999 56.082 8
v 338.999 56.082 -8
v 338.605 57.818 8
v 338.605 57.818 -8
v 338.605 57.818 8
v 338.605 57.818 -8
v 338.392 58.481 8
v 338.392 58.481 -8
v 338.392 58.481 8
v 338.392 58.481 -8
v 337.731 60.056 8
v 337.731 60.056 -8
v 337.731 60.056 8
v 337.731 60.056 -8
v 337.324 60.796 8
v 337.324 60.796 -8
v 337.324 60.796 8
v 337.324 60.796 -8
v 336.353 62.188 8
v 336.353 62.188 -8
v 336.353 62.188 8
v 336.353 62.188 -8
v 335.816 62.81 8
v 335.816 62.81 -8
v 335.816 62.81 8
v 335.816 62.81 -8
v 334.535 64.018 8
v 334.535 64.018 -8
v 334.535 64.018 8
v 334.535 64.018 -8
v 333.956 64.471 8
v 333.956 64.471 -8
v 333.956 64.471 8
v 333.956 64.471 -8
v 332.364 65.496 8
v 332.364 65.496 -8
v 332.364 65.496 8
v 332.364 65.496 -8
v 331.859 65.772 8
v 331.859 65.772 -8
v 331.859 65.772 8
v 331.859 65.772 -8
v 330.607 66.343 8
v 330.607 66.343 -8
v 330.607 66.343 8
v 330.607 66.343 -8
v 330.187 66.507 8
v 330.187 66.507 -8
v 330.187 66.507 8
v 330.187 66.507 -8
v 328.758 66.973 8
v 328.758 66.973 -8
v 328.758 66.973 8
v 328.758 66.973 -8
v 328.4 67.071 8
v 328.4 67.071 -8
v 328.4 67.071 8
v 328.4 67.071 -8
v 326.795 67.434 8
v 326.795 67.434 -8
v 326.795 67.434 8
v 326.795 67.434 -8
v 326.49 67.491 8
v 326.49 67.491 -8
v 326.49 67.491 8
v 326.49 67.491 -8
v 324.708 67.751 8
v 324.708 67.751 -8
v 324.708 67.751 8
v 324.708 67.751 -8
v 324.447 67.781 8
v 324.447 67.781 -8
v 324.447 67.781 8
v 324.447 67.781 -8
v 322.489 67.936 8
v 322.489 67.936 -8
v 322.489 67.936 8
v 322.489 67.936 -8
v 322.27 67.947 8
v 322.27 67.947 -8
v 322.27 67.947 8
v 322.27 67.947 -8
v 320.136 67.999 8
v 320.136 67.999 -8
v 320.136 67.999 8
v 320.136 67.999 -8
v 320.039 68 8
v 320.039 68 -8
v 320.039 68 8
v 320.039 68 -8
v 290.439 68 8
v 290.439 68 -8
v 290.439 68 8
v 290.439 68 -8
v 289.679 67.927 8
v 289.679 67.927 -8
v 289.679 67.927 8
v 289.679 67.927 -8
v 287.839 67.571 8
v 287.839 67.571 -8
v 287.839 67.571 8
v 287.839 67.571 -8
v 286.009 66.693 8
v 286.009 66.693 -8
v 286.009 66.693 8
v 286.009 66.693 -8
v 284.754 65.627 8
v 284.754 65.627 -8
v 284.754 65.627 8
v 284.754 65.627 -8
v 283.6 63.987 8
v 283.6 63.987 -8
v 283.6 63.987 8
v 283.6 63.987 -8
v 282.931 62.209 8
v 282.931 62.209 -8
v 282.931 62.209 8
v 282.931 62.209 -8
v 282.736 61.495 8
v 282.736 61.495 -8
v 282.736 61.495 8
v 282.736 61.495 -8
v 272.58 3.895 8
v 272.58 3.895 -8
v 272.58 3.895 8
v 272.58 3.895 -8
v 272.52 3.106 8
v 272.52 3.106 -8
v 272.52 3.106 8
v 272.52 3.106 -8
v 272.562 1.328 8
v 272.562 1.328 -8
v 272.562 1.328 8
v 272.562 1.328 -8
v 273.473 -1.121 8
v 273.473 -1.121 -8
v 273.473 -1.121 8
v 273.473 -1.121 -8
v 274.351 -2.187 8
v 274.351 -2.187 -8
v 274.351 -2.187 8
v 274.351 -2.187 -8
v 276.626 -3.561 8
v 276.626 -3.561 -8
v 276.626 -3.561 8
v 276.626 -3.561 -8
v 278.341 -3.917 8
v 278.341 -3.917 -8
v 278.341 -3.917 8
v 278.341 -3.917 -8
v 279.154 -4 8
v 279.154 -4 -8
v 279.154 -4 8
v 279.154 -4 -8
v 292.843 -4 8
v 292.843 -4 -8
v 292.843 -4 8
v 292.843 -4 -8
v 293.602 -3.927 8
v 293.602 -3.927 -8
v 279.154 0 8
v 279.154 0 -8
v 277.439 0.356 8
v 277.439 0.356 -8
v 277.439 0.356 8
v 277.439 0.356 -8
v 276.561 1.422 8
v 276.561 1.422 -8
v 276.561 1.422 8
v 276.561 1.422 -8
v 276.519 3.2 8
v 276.519 3.2 -8
v 276.519 3.2 8
v 276.519 3.2 -8
v 286.675 60.8 8
v 286.675 60.8 -8
v 286.675 60.8 8
v 286.675 60.8 -8
v 287.344 62.578 8
v 287.344 62.578 -8
v 287.344 62.578 8
v 287.344 62.578 -8
v 288.599 63.644 8
v 288.599 63.644 -8
v 288.599 63.644 8
v 288.599 63.644 -8
v 290.439 64 8
v 290.439 64 -8
v 290.439 64 8
v 290.439 64 -8
v 320.039 64 8
v 320.039 64 -8
v 320.039 64 8
v 320.039 64 -8
v 322.173 63.948 8
v 322.173 63.948 -8
v 322.173 63.948 8
v 322.173 63.948 -8
v 324.131 63.793 8
v 324.131 63.793 -8
v 324.131 63.793 8
v 324.131 63.793 -8
v 325.913 63.533 8
v 325.913 63.533 -8
v 325.913 63.533 8
v 325.913 63.533 -8
v 327.518 63.17 8
v 327.518 63.17 -8
v 327.518 63.17 8
v 327.518 63.17 -8
v 328.947 62.704 8
v 328.947 62.704 -8
v 328.947 62.704 8
v 328.947 62.704 -8
v 330.199 62.133 8
v 330.199 62.133 -8
v 330.199 62.133 8
v 330.199 62.133 -8
v 331.791 61.108 8
v 331.791 61.108 -8
v 331.791 61.108 8
v 331.791 61.108 -8
v 333.072 59.9 8
v 333.072 59.9 -8
v 333.072 59.9 8
v 333.072 59.9 -8
v 334.043 58.508 8
v 334.043 58.508 -8
v 334.043 58.508 8
v 334.043 58.508 -8
v 334.704 56.933 8
v 334.704 56.933 -8
v 334.704 56.933 8
v 334.704 56.933 -8
v 335.098 55.197 8
v 335.098 55.197 -8
v 335.098 55.197 8
v 335.098 55.197 -8
v 335.268 53.322 8
v 335.268 53.322 -8
v 335.268 53.322 8
v 335.268 53.322 -8
v 335.213 51.308 8
v 335.213 51.308 -8
v 335.213 51.308 8
v 335.213 51.308 -8
v 334.933 49.156 8
v 334.933 49.156 -8
v 334.933 49.156 8
v 334.933 49.156 -8
v 334.212 45.067 8
v 334.212 45.067 -8
v 334.212 45.067 8
v 334.212 45.067 -8
v 333.829 43.272 8
v 333.829 43.272 -8
v 333.829 43.272 8
v 333.829 43.272 -8
v 333.338 41.622 8
v 333.338 41.622 -8
v 333.338 41.622 8
v 333.338 41.622 -8
v 332.739 40.117 8
v 332.739 40.117 -8
v 332.739 40.117 8
v 332.739 40.117 -8
v 332.033 38.756 8
v 332.033 38.756 -8
v 332.033 38.756 8
v 332.033 38.756 -8
v 330.847 37.185 8
v 330.847 37.185 -8
v 330.847 37.185 8
v 330.847 37.185 -8
v 329.319 35.911 8
v 329.319 35.911 -8
v 329.319 35.911 8
v 329.319 35.911 -8
v 327.448 34.933 8
v 327.448 34.933 -8
v 327.448 34.933 8
v 327.448 34.933 -8
v 329.267 34.606 8
v 329.267 34.606 -8
v 329.267 34.606 8
v 329.267 34.606 -8
v 330.89 34.052 8
v 330.89 34.052 -8
v 330.89 34.052 8
v 330.89 34.052 -8
v 332.317 33.269 8
v 332.317 33.269 -8
v 332.317 33.269 8
v 332.317 33.269 -8
v 333.547 32.26 8
v 333.547 32.26 -8
v 333.547 32.26 8
v 333.547 32.26 -8
v 334.58 31.022 8
v 334.58 31.022 -8
v 334.58 31.022 8
v 334.58 31.022 -8
v 335.382 29.582 8
v 335.382 29.582 -8
v 335.382 29.582 8
v 335.382 29.582 -8
v 335.918 27.964 8
v 335.918 27.964 -8
v 335.918 27.964 8
v 335.918 27.964 -8
v 336.188 26.169 8
v 336.188 26.169 -8
v 336.188 26.169 8
v 336.188 26.169 -8
v 336.192 24.196 8
v 336.192 24.196 -8
v 336.192 24.196 8
v 336.192 24.196 -8
v 335.93 22.044 8
v 335.93 22.044 -8
v 335.93 22.044 8
v 335.93 22.044 -8
v 332.608 3.2 8
v 332.608 3.2 -8
v 332.608 3.2 8
v 332.608 3.2 -8
v 331.939 1.422 8
v 331.939 1.422 -8
v 331.939 1.422 8
v 331.939 1.422 -8
v 330.684 0.356 8
v 330.684 0.356 -8
v 330.684 0.356 8
v 330.684 0.356 -8
v 328.843 0 8
v 328.843 0 -8
v 328.843 0 8
v 328.843 0 -8
v 315.066 0 8
v 315.066 0 -8
v 315.066 0 8
v 315.066 0 -8
v 313.351 0.356 8
v 313.351 0.356 -8
v 313.351 0.356 8
v 313.351 0.356 -8
v 312.472 1.422 8
v 312.472 1.422 -8
v 312.472 1.422 8
v 312.472 1.422 -8
v 312.43 3.2 8
v 312.43 3.2 -8
v 312.43 3.2 8
v 312.43 3.2 -8
v 314.828 16.8 8
v 314.828 16.8 -8
v 314.828 16.8 8
v 314.828 16.8 -8
v 314.949 18.556 8
v 314.949 18.556 -8
v 314.949 18.556 8
v 314.949 18.556 -8
v 314.59 19.733 8
v 314.59 19.733 -8
v 314.59 19.733 8
v 314.59 19.733 -8
v 313.674 20.4 8
v 313.674 20.4 -8
v 313.674 20.4 8
v 313.674 20.4 -8
v 312.124 20.622 8
v 312.124 20.622 -8
v 312.124 20.622 8
v 312.124 20.622 -8
v 299.68 20.622 8
v 299.68 20.622 -8
v 299.68 20.622 8
v 299.68 20.622 -8
v 296.608 3.2 8
v 296.608 3.2 -8
v 296.608 3.2 8
v 296.608 3.2 -8
v 295.939 1.422 8
v 295.939 1.422 -8
v 295.939 1.422 8
v 295.939 1.422 -8
v 294.684 0.356 8
v 294.684 0.356 -8
v 294.684 0.356 8
v 294.684 0.356 -8
v 292.843 0 8
v 292.843 0 -8
v 292.843 0 8
v 292.843 0 -8
v 279.154 0 8
v 279.154 0 -8
v -318.4717 0.35556 11
v -317.21696 1.42222 11
v -316.54793 3.2 11
v -311.03086 34.48889 11
v -307.49482 24.8 11
v -306.5784 23.21975 11
v -305.17522 22.2716 11
v -303.28526 21.95556 11
v -299.72971 21.95556 11
v -297.7283 22.2716 11
v -295.99075 23.21975 11
v -294.51705 24.8 11
v -287.56419 34.48889 11
v -293.08126 3.2 11
v -293.03918 1.42222 11
v -292.16059 0.35556 11
v -290.44551 0 11
v -276.75662 0 11
v -274.91615 0.35556 11
v -273.6614 1.42222 11
v -272.99237 3.2 11
v -262.83594 60.8 11
v -262.87803 62.57778 11
v -263.75661 63.64444 11
v -265.47169 64 11
v -279.87169 64 11
v -281.56345 63.7037 11
v -283.08314 62.81481 11
v -284.43079 61.33333 11
v -294.89668 46.84444 11
v -295.42926 46.15556 11
v -295.85599 45.68889 11
v -296.26968 45.42222 11
v -296.76313 45.33333 11
v -297.56313 45.33333 11
v -298.02524 45.42222 11
v -298.34488 45.68889 11
v -298.60704 46.15556 11
v -298.89668 46.84444 11
v -304.3419 61.33333 11
v -305.16709 62.81481 11
v -306.37332 63.7037 11
v -307.96058 64 11
v -322.27169 64 11
v -324.11217 63.64444 11
v -325.36691 62.57778 11
v -326.03594 60.8 11
v -336.19237 3.2 11
v -336.15029 1.42222 11
v -335.2717 0.35556 11
v -333.55662 0 11
v -320.31218 0 11
v -318.4717 0.35556 -8
v -317.21696 1.42222 -8
v -316.54793 3.2 -8
v -311.03086 34.48889 -8
v -307.49482 24.8 -8
v -306.5784 23.21975 -8
v -305.17522 22.2716 -8
v -303.28526 21.95556 -8
v -299.72971 21.95556 -8
v -297.7283 22.2716 -8
v -295.99075 23.21975 -8
v -294.51705 24.8 -8
v -287.56419 34.48889 -8
v -293.08126 3.2 -8
v -293.03918 1.42222 -8
v -292.16059 0.35556 -8
v -290.44551 0 -8
v -276.75662 0 -8
v -274.91615 0.35556 -8
v -273.6614 1.42222 -8
v -272.99237 3.2 -8
v -262.83594 60.8 -8
v -262.87803 62.57778 -8
v -263.75661 63.64444 -8
v -265.47169 64 -8
v -279.87169 64 -8
v -281.56345 63.7037 -8
v -283.08314 62.81481 -8
v -284.43079 61.33333 -8
v -294.89668 46.84444 -8
v -295.42926 46.15556 -8
v -295.85599 45.68889 -8
v -296.26968 45.42222 -8
v -296.76313 45.33333 -8
v -297.56313 45.33333 -8
v -298.02524 45.42222 -8
v -298.34488 45.68889 -8
v -298.60704 46.15556 -8
v -298.89668 46.84444 -8
v -304.3419 61.33333 -8
v -305.16709 62.81481 -8
v -306.37332 63.7037 -8
v -307.96058 64 -8
v -322.27169 64 -8
v -324.11217 63.64444 -8
v -325.36691 62.57778 -8
v -326.03594 60.8 -8
v -336.19237 3.2 -8
v -336.15029 1.42222 -8
v -335.2717 0.35556 -8
v -333.55662 0 -8
v -320.31218 0 -8
v -213.00504 0.35556 11
v -211.75029 1.42222 11
v -211.08126 3.2 11
v -209.24746 13.6 11
v -209.28955 15.37778 11
v -210.16813 16.44444 11
v -211.88322 16.8 11
v -236.41655 16.8 11
v -235.06863 24.44444 11
v -217.73529 24.44444 11
v -215.89482 24.8 11
v -214.64007 25.86667 11
v -213.97105 27.64444 11
v -212.29398 37.15556 11
v -212.33607 38.93333 11
v -213.21465 40 11
v -214.92974 40.35556 11
v -232.26307 40.35556 11
v -231.05621 47.2 11
v -206.52288 47.2 11
v -204.6824 47.55556 11
v -203.42766 48.62222 11
v -202.75863 50.4 11
v -200.92483 60.8 11
v -200.96691 62.57778 11
v -201.8455 63.64444 11
v -203.56058 64 11
v -244.80503 64 11
v -246.6455 63.64444 11
v -247.90025 62.57778 11
v -248.56927 60.8 11
v -258.72571 3.2 11
v -258.68362 1.42222 11
v -257.80504 0.35556 11
v -256.08995 0 11
v -214.84551 0 11
v -213.00504 0.35556 -8
v -211.75029 1.42222 -8
v -211.08126 3.2 -8
v -209.24746 13.6 -8
v -209.28955 15.37778 -8
v -210.16813 16.44444 -8
v -211.88322 16.8 -8
v -236.41655 16.8 -8
v -235.06863 24.44444 -8
v -217.73529 24.44444 -8
v -215.89482 24.8 -8
v -214.64007 25.86667 -8
v -213.97105 27.64444 -8
v -212.29398 37.15556 -8
v -212.33607 38.93333 -8
v -213.21465 40 -8
v -214.92974 40.35556 -8
v -232.26307 40.35556 -8
v -231.05621 47.2 -8
v -206.52288 47.2 -8
v -204.6824 47.55556 -8
v -203.42766 48.62222 -8
v -202.75863 50.4 -8
v -200.92483 60.8 -8
v -200.96691 62.57778 -8
v -201.8455 63.64444 -8
v -203.56058 64 -8
v -244.80503 64 -8
v -246.6455 63.64444 -8
v -247.90025 62.57778 -8
v -248.56927 60.8 -8
v -258.72571 3.2 -8
v -258.68362 1.42222 -8
v -257.80504 0.35556 -8
v -256.08995 0 -8
v -214.84551 0 -8
v -148.8717 0.35556 11
v -147.61696 1.42222 11
v -146.94793 3.2 11
v -142.01077 31.2 11
v -142.05286 32.97778 11
v -142.93144 34.04444 11
v -144.64653 34.4 11
v -157.53542 34.4 11
v -159.37589 34.04444 11
v -160.63064 32.97778 11
v -161.29966 31.2 11
v -163.83877 16.8 11
v -176.01655 16.8 11
v -168.25816 60.8 11
v -168.30025 62.57778 11
v -169.17883 63.64444 11
v -170.89392 64 11
v -184.67169 64 11
v -186.51217 63.64444 11
v -187.76691 62.57778 11
v -188.43594 60.8 11
v -198.59237 3.2 11
v -198.55029 1.42222 11
v -197.6717 0.35556 11
v -195.95662 0 11
v -150.71218 0 11
v -148.8717 0.35556 -8
v -147.61696 1.42222 -8
v -146.94793 3.2 -8
v -142.01077 31.2 -8
v -142.05286 32.97778 -8
v -142.93144 34.04444 -8
v -144.64653 34.4 -8
v -157.53542 34.4 -8
v -159.37589 34.04444 -8
v -160.63064 32.97778 -8
v -161.29966 31.2 -8
v -163.83877 16.8 -8
v -176.01655 16.8 -8
v -168.25816 60.8 -8
v -168.30025 62.57778 -8
v -169.17883 63.64444 -8
v -170.89392 64 -8
v -184.67169 64 -8
v -186.51217 63.64444 -8
v -187.76691 62.57778 -8
v -188.43594 60.8 -8
v -198.59237 3.2 -8
v -198.55029 1.42222 -8
v -197.6717 0.35556 -8
v -195.95662 0 -8
v -150.71218 0 -8
v -72.5725 49.10833 11
v -72.46199 51.01111 11
v -72.51813 52.81944 11
v -72.74092 54.53333 11
v -73.17122 56.14167 11
v -73.84987 57.63333 11
v -74.77686 59.00833 11
v -75.9522 60.26667 11
v -77.09356 61.184 11
v -78.43842 62.016 11
v -79.98676 62.76267 11
v -81.73859 63.424 11
v -83.69392 64 11
v -85.22882 64.35374 11
v -86.89486 64.65306 11
v -88.69204 64.89796 11
v -90.62036 65.08844 11
v -92.67982 65.22449 11
v -94.87041 65.30612 11
v -97.19215 65.33333 11
v -99.52348 65.30612 11
v -101.74286 65.22449 11
v -103.8503 65.08844 11
v -105.84579 64.89796 11
v -107.72933 64.65306 11
v -109.50093 64.35374 11
v -111.16058 64 11
v -113.31904 63.424 11
v -115.30409 62.76267 11
v -117.11575 62.016 11
v -118.75401 61.184 11
v -120.21887 60.26667 11
v -121.84075 59.00833 11
v -123.26098 57.63333 11
v -124.47955 56.14167 11
v -125.49648 54.53333 11
v -126.34313 52.81944 11
v -127.05087 51.01111 11
v -127.61972 49.10833 11
v -128.04966 47.11111 11
v -133.39433 16.8 11
v -133.66871 14.80278 11
v -133.77089 12.9 11
v -133.70086 11.09167 11
v -133.45862 9.37778 11
v -133.00888 7.76944 11
v -132.31635 6.27778 11
v -131.38102 4.90278 11
v -130.2029 3.64444 11
v -129.06122 2.72889 11
v -127.71543 1.90222 11
v -126.16552 1.16444 11
v -124.41149 0.51556 11
v -122.45335 -0.04444 11
v -120.91636 -0.38639 11
v -119.24856 -0.67574 11
v -117.44994 -0.91247 11
v -115.5205 -1.0966 11
v -113.46025 -1.22812 11
v -111.26917 -1.30703 11
v -108.94728 -1.33333 11
v -106.61611 -1.30703 11
v -104.39721 -1.22812 11
v -102.29057 -1.0966 11
v -100.2962 -0.91247 11
v -98.41409 -0.67574 11
v -96.64425 -0.38639 11
v -94.98668 -0.04444 11
v -92.83105 0.51556 11
v -90.84819 1.16444 11
v -89.0381 1.90222 11
v -87.40078 2.72889 11
v -85.93623 3.64444 11
v -84.31713 4.90278 11
v -82.90524 6.27778 11
v -81.70055 7.76944 11
v -80.70307 9.37778 11
v -79.87586 11.09167 11
v -79.182 12.9 11
v -78.62149 14.80278 11
v -78.19433 16.8 11
v -72.84966 47.11111 11
v -107.81675 45.53333 11
v -106.58557 46.84444 11
v -105.61309 47.35 11
v -104.23275 47.71111 11
v -102.44455 47.92778 11
v -100.24848 48 11
v -98.04177 47.92778 11
v -96.31053 47.71111 11
v -95.05476 47.35 11
v -94.27446 46.84444 11
v -93.53898 45.53333 11
v -93.5028 43.91111 11
v -97.71897 20 11
v -98.32919 18.36667 11
v -99.53292 17.02222 11
v -100.49494 16.49722 11
v -101.88051 16.12222 11
v -103.68962 15.89722 11
v -105.92229 15.82222 11
v -108.0924 15.89722 11
v -109.80273 16.12222 11
v -111.05327 16.49722 11
v -111.84403 17.02222 11
v -112.60697 18.36667 11
v -112.6523 20 11
v -108.43613 43.91111 11
v -72.5725 49.10833 -8
v -72.46199 51.01111 -8
v -72.51813 52.81944 -8
v -72.74092 54.53333 -8
v -73.17122 56.14167 -8
v -73.84987 57.63333 -8
v -74.77686 59.00833 -8
v -75.9522 60.26667 -8
v -77.09356 61.184 -8
v -78.43842 62.016 -8
v -79.98676 62.76267 -8
v -81.73859 63.424 -8
v -83.69392 64 -8
v -85.22882 64.35374 -8
v -86.89486 64.65306 -8
v -88.69204 64.89796 -8
v -90.62036 65.08844 -8
v -92.67982 65.22449 -8
v -94.87041 65.30612 -8
v -97.19215 65.33333 -8
v -99.52348 65.30612 -8
v -101.74286 65.22449 -8
v -103.8503 65.08844 -8
v -105.84579 64.89796 -8
v -107.72933 64.65306 -8
v -109.50093 64.35374 -8
v -111.16058 64 -8
v -113.31904 63.424 -8
v -115.30409 62.76267 -8
v -117.11575 62.016 -8
v -118.75401 61.184 -8
v -120.21887 60.26667 -8
v -121.84075 59.00833 -8
v -123.26098 57.63333 -8
v -124.47955 56.14167 -8
v -125.49648 54.53333 -8
v -126.34313 52.81944 -8
v -127.05087 51.01111 -8
v -127.61972 49.10833 -8
v -128.04966 47.11111 -8
v -133.39433 16.8 -8
v -133.66871 14.80278 -8
v -133.77089 12.9 -8
v -133.70086 11.09167 -8
v -133.45862 9.37778 -8
v -133.00888 7.76944 -8
v -132.31635 6.27778 -8
v -131.38102 4.90278 -8
v -130.2029 3.64444 -8
v -129.06122 2.72889 -8
v -127.71543 1.90222 -8
v -126.16552 1.16444 -8
v -124.41149 0.51556 -8
v -122.45335 -0.04444 -8
v -120.91636 -0.38639 -8
v -119.24856 -0.67574 -8
v -117.44994 -0.91247 -8
v -115.5205 -1.0966 -8
v -113.46025 -1.22812 -8
v -111.26917 -1.30703 -8
v -108.94728 -1.33333 -8
v -106.61611 -1.30703 -8
v -104.39721 -1.22812 -8
v -102.29057 -1.0966 -8
v -100.2962 -0.91247 -8
v -98.41409 -0.67574 -8
v -96.64425 -0.38639 -8
v -94.98668 -0.04444 -8
v -92.83105 0.51556 -8
v -90.84819 1.16444 -8
v -89.0381 1.90222 -8
v -87.40078 2.72889 -8
v -85.93623 3.64444 -8
v -84.31713 4.90278 -8
v -82.90524 6.27778 -8
v -81.70055 7.76944 -8
v -80.70307 9.37778 -8
v -79.87586 11.09167 -8
v -79.182 12.9 -8
v -78.62149 14.80278 -8
v -78.19433 16.8 -8
v -72.84966 47.11111 -8
v -107.81675 45.53333 -8
v -106.58557 46.84444 -8
v -105.61309 47.35 -8
v -104.23275 47.71111 -8
v -102.44455 47.92778 -8
v -100.24848 48 -8
v -98.04177 47.92778 -8
v -96.31053 47.71111 -8
v -95.05476 47.35 -8
v -94.27446 46.84444 -8
v -93.53898 45.53333 -8
v -93.5028 43.91111 -8
v -97.71897 20 -8
v -98.32919 18.36667 -8
v -99.53292 17.02222 -8
v -100.49494 16.49722 -8
v -101.88051 16.12222 -8
v -103.68962 15.89722 -8
v -105.92229 15.82222 -8
v -108.0924 15.89722 -8
v -109.80273 16.12222 -8
v -111.05327 16.49722 -8
v -111.84403 17.02222 -8
v -112.60697 18.36667 -8
v -112.6523 20 -8
v -108.43613 43.91111 -8
v -49.49393 0.35556 11
v -48.23918 1.42222 11
v -47.57015 3.2 11
v -42.39789 32.53333 11
v -30.44231 14.13333 11
v -32.37015 3.2 11
v -32.32807 1.42222 11
v -31.44948 0.35556 11
v -29.7344 0 11
v -16.40107 0 11
v -14.56059 0.35556 11
v -13.30584 1.42222 11
v -12.63682 3.2 11
v -2.48039 60.8 11
v -2.52247 62.57778 11
v -3.40106 63.64444 11
v -5.11614 64 11
v -18.44947 64 11
v -20.28994 63.64444 11
v -21.54469 62.57778 11
v -22.21372 60.8 11
v -25.55218 41.86667 11
v -39.3171 61.6 11
v -40.57336 62.93333 11
v -42.18044 63.73333 11
v -44.13836 64 11
v -53.38281 64 11
v -55.22328 63.64444 11
v -56.47803 62.57778 11
v -57.14705 60.8 11
v -67.30349 3.2 11
v -67.2614 1.42222 11
v -66.38282 0.35556 11
v -64.66773 0 11
v -51.3344 0 11
v -49.49393 0.35556 -8
v -48.23918 1.42222 -8
v -47.57015 3.2 -8
v -42.39789 32.53333 -8
v -30.44231 14.13333 -8
v -32.37015 3.2 -8
v -32.32807 1.42222 -8
v -31.44948 0.35556 -8
v -29.7344 0 -8
v -16.40107 0 -8
v -14.56059 0.35556 -8
v -13.30584 1.42222 -8
v -12.63682 3.2 -8
v -2.48039 60.8 -8
v -2.52247 62.57778 -8
v -3.40106 63.64444 -8
v -5.11614 64 -8
v -18.44947 64 -8
v -20.28994 63.64444 -8
v -21.54469 62.57778 -8
v -22.21372 60.8 -8
v -25.55218 41.86667 -8
v -39.3171 61.6 -8
v -40.57336 62.93333 -8
v -42.18044 63.73333 -8
v -44.13836 64 -8
v -53.38281 64 -8
v -55.22328 63.64444 -8
v -56.47803 62.57778 -8
v -57.14705 60.8 -8
v -67.30349 3.2 -8
v -67.2614 1.42222 -8
v -66.38282 0.35556 -8
v -64.66773 0 -8
v -51.3344 0 -8
v 41.79496 0.35556 11
v 43.04971 1.42222 11
v 43.71874 3.2 11
v 46.79074 20.62222 11
v 59.23519 20.62222 11
v 60.78489 20.4 11
v 61.70068 19.73333 11
v 62.05967 18.55556 11
v 61.93901 16.8 11
v 59.54096 3.2 11
v 59.58304 1.42222 11
v 60.46163 0.35556 11
v 62.17671 0 11
v 75.95449 0 11
v 77.79496 0.35556 11
v 79.04971 1.42222 11
v 79.71874 3.2 11
v 83.04152 22.04444 11
v 83.30349 24.19556 11
v 83.29944 26.16889 11
v 83.02938 27.96444 11
v 82.4933 29.58222 11
v 81.69121 31.02222 11
v 80.65783 32.25956 11
v 79.42788 33.26933 11
v 78.00136 34.05156 11
v 76.37828 34.60622 11
v 74.55862 34.93333 11
v 76.4298 35.91111 11
v 77.95815 37.18519 11
v 79.1437 38.75556 11
v 79.85036 40.11667 11
v 80.44917 41.62222 11
v 80.94011 43.27222 11
v 81.32318 45.06667 11
v 82.04416 49.15556 11
v 82.32376 51.30833 11
v 82.37886 53.32222 11
v 82.20947 55.19722 11
v 81.81559 56.93333 11
v 81.15442 58.50833 11
v 80.18314 59.9 11
v 78.90176 61.10833 11
v 77.31027 62.13333 11
v 76.05776 62.7037 11
v 74.62893 63.17037 11
v 73.0238 63.53333 11
v 71.24235 63.79259 11
v 69.28459 63.94815 11
v 67.15053 64 11
v 37.55053 64 11
v 35.71006 63.64444 11
v 34.45531 62.57778 11
v 33.78628 60.8 11
v 23.62985 3.2 11
v 23.67193 1.42222 11
v 24.55052 0.35556 11
v 26.2656 0 11
v 39.95449 0 11
v 60.16529 47.7 11
v 61.18437 46.8 11
v 61.54731 45.45556 11
v 61.45931 43.82222 11
v 60.92641 40.8 11
v 60.43841 39.16667 11
v 59.60135 37.82222 11
v 58.26487 36.92222 11
v 56.27864 36.62222 11
v 49.61198 36.62222 11
v 51.61819 48 11
v 58.28485 48 11
v 41.79496 0.35556 -8
v 43.04971 1.42222 -8
v 43.71874 3.2 -8
v 46.79074 20.62222 -8
v 59.23519 20.62222 -8
v 60.78489 20.4 -8
v 61.70068 19.73333 -8
v 62.05967 18.55556 -8
v 61.93901 16.8 -8
v 59.54096 3.2 -8
v 59.58304 1.42222 -8
v 60.46163 0.35556 -8
v 62.17671 0 -8
v 75.95449 0 -8
v 77.79496 0.35556 -8
v 79.04971 1.42222 -8
v 79.71874 3.2 -8
v 83.04152 22.04444 -8
v 83.30349 24.19556 -8
v 83.29944 26.16889 -8
v 83.02938 27.96444 -8
v 82.4933 29.58222 -8
v 81.69121 31.02222 -8
v 80.65783 32.25956 -8
v 79.42788 33.26933 -8
v 78.00136 34.05156 -8
v 76.37828 34.60622 -8
v 74.55862 34.93333 -8
v 76.4298 35.91111 -8
v 77.95815 37.18519 -8
v 79.1437 38.75556 -8
v 79.85036 40.11667 -8
v 80.44917 41.62222 -8
v 80.94011 43.27222 -8
v 81.32318 45.06667 -8
v 82.04416 49.15556 -8
v 82.32376 51.30833 -8
v 82.37886 53.32222 -8
v 82.20947 55.19722 -8
v 81.81559 56.93333 -8
v 81.15442 58.50833 -8
v 80.18314 59.9 -8
v 78.90176 61.10833 -8
v 77.31027 62.13333 -8
v 76.05776 62.7037 -8
v 74.62893 63.17037 -8
v 73.0238 63.53333 -8
v 71.24235 63.79259 -8
v 69.28459 63.94815 -8
v 67.15053 64 -8
v 37.55053 64 -8
v 35.71006 63.64444 -8
v 34.45531 62.57778 -8
v 33.78628 60.8 -8
v 23.62985 3.2 -8
v 23.67193 1.42222 -8
v 24.55052 0.35556 -8
v 26.2656 0 -8
v 39.95449 0 -8
v 60.16529 47.7 -8
v 61.18437 46.8 -8
v 61.54731 45.45556 -8
v 61.45931 43.82222 -8
v 60.92641 40.8 -8
v 60.43841 39.16667 -8
v 59.60135 37.82222 -8
v 58.26487 36.92222 -8
v 56.27864 36.62222 -8
v 49.61198 36.62222 -8
v 51.61819 48 -8
v 58.28485 48 -8
v 127.73525 15.64444 11
v 125.54096 3.2 11
v 125.61267 1.42222 11
v 126.58015 0.35556 11
v 128.44338 0 11
v 141.8656 0 11
v 143.70607 0.35556 11
v 144.96082 1.42222 11
v 145.62985 3.2 11
v 149.76765 26.66667 11
v 149.9588 28.05 11
v 150.06201 29.53333 11
v 150.07731 31.11667 11
v 150.00468 32.8 11
v 149.88223 34.23289 11
v 149.70141 35.75822 11
v 149.46222 37.376 11
v 149.16467 39.08622 11
v 148.80875 40.88889 11
v 144.6333 61.06667 11
v 143.99225 62.6963 11
v 142.68318 63.67407 11
v 140.70608 64 11
v 116.79497 64 11
v 114.65355 63.67407 11
v 112.97003 62.6963 11
v 111.74441 61.06667 11
v 100.45319 40.88889 11
v 99.46156 39.08622 11
v 98.56089 37.376 11
v 97.75118 35.75822 11
v 97.03245 34.23289 11
v 96.40468 32.8 11
v 95.73842 31.11667 11
v 95.19535 29.53333 11
v 94.77546 28.05 11
v 94.47877 26.66667 11
v 90.34096 3.2 11
v 90.38304 1.42222 11
v 91.26163 0.35556 11
v 92.97671 0 11
v 106.04338 0 11
v 107.88385 0.35556 11
v 109.1386 1.42222 11
v 109.80763 3.2 11
v 112.00192 15.64444 11
v 123.23671 46.46667 11
v 124.25887 46.84444 11
v 126.4811 46.84444 11
v 127.37004 46.46667 11
v 127.90354 45.33333 11
v 129.69894 31.82222 11
v 115.74338 31.82222 11
v 122.30354 45.33333 11
v 127.73525 15.64444 -8
v 125.54096 3.2 -8
v 125.61267 1.42222 -8
v 126.58015 0.35556 -8
v 128.44338 0 -8
v 141.8656 0 -8
v 143.70607 0.35556 -8
v 144.96082 1.42222 -8
v 145.62985 3.2 -8
v 149.76765 26.66667 -8
v 149.9588 28.05 -8
v 150.06201 29.53333 -8
v 150.07731 31.11667 -8
v 150.00468 32.8 -8
v 149.88223 34.23289 -8
v 149.70141 35.75822 -8
v 149.46222 37.376 -8
v 149.16467 39.08622 -8
v 148.80875 40.88889 -8
v 144.6333 61.06667 -8
v 143.99225 62.6963 -8
v 142.68318 63.67407 -8
v 140.70608 64 -8
v 116.79497 64 -8
v 114.65355 63.67407 -8
v 112.97003 62.6963 -8
v 111.74441 61.06667 -8
v 100.45319 40.88889 -8
v 99.46156 39.08622 -8
v 98.56089 37.376 -8
v 97.75118 35.75822 -8
v 97.03245 34.23289 -8
v 96.40468 32.8 -8
v 95.73842 31.11667 -8
v 95.19535 29.53333 -8
v 94.77546 28.05 -8
v 94.47877 26.66667 -8
v 90.34096 3.2 -8
v 90.38304 1.42222 -8
v 91.26163 0.35556 -8
v 92.97671 0 -8
v 106.04338 0 -8
v 107.88385 0.35556 -8
v 109.1386 1.42222 -8
v 109.80763 3.2 -8
v 112.00192 15.64444 -8
v 123.23671 46.46667 -8
v 124.25887 46.84444 -8
v 126.4811 46.84444 -8
v 127.37004 46.46667 -8
v 127.90354 45.33333 -8
v 129.69894 31.82222 -8
v 115.74338 31.82222 -8
v 122.30354 45.33333 -8
v 202.41718 0.35556 11
v 203.67193 1.42222 11
v 204.34096 3.2 11
v 206.20611 13.77778 11
v 206.16402 15.55556 11
v 205.28544 16.62222 11
v 203.57035 16.97778 11
v 185.70369 16.97778 11
v 183.37848 17.24444 11
v 181.8251 18.04444 11
v 181.04354 19.37778 11
v 181.03379 21.24444 11
v 184.76409 42.4 11
v 185.44583 44.34444 11
v 186.7074 45.73333 11
v 188.54878 46.56667 11
v 190.96998 46.84444 11
v 208.83665 46.84444 11
v 210.67712 47.2 11
v 211.93187 48.26667 11
v 212.6009 50.04444 11
v 214.49739 60.8 11
v 214.45531 62.57778 11
v 213.57672 63.64444 11
v 211.86164 64 11
v 190.17275 64 11
v 187.74661 63.94513 11
v 185.44598 63.78052 11
v 183.27086 63.50617 11
v 181.22124 63.12209 11
v 179.29713 62.62826 11
v 177.49852 62.02469 11
v 175.82542 61.31139 11
v 174.27783 60.48834 11
v 172.85574 59.55556 11
v 171.39635 58.36806 11
v 170.07669 57.02778 11
v 168.89676 55.53472 11
v 167.85656 53.88889 11
v 166.95608 52.09028 11
v 166.19533 50.13889 11
v 165.57431 48.03472 11
v 165.09301 45.77778 11
v 160.21855 18.13333 11
v 159.9076 15.89722 11
v 159.78976 13.81111 11
v 159.86504 11.875 11
v 160.13343 10.08889 11
v 160.59494 8.45278 11
v 161.24957 6.96667 11
v 162.09731 5.63056 11
v 163.13817 4.44444 11
v 164.2313 3.51166 11
v 165.48865 2.68861 11
v 166.9102 1.97531 11
v 168.49595 1.37174 11
v 170.24592 0.87791 11
v 172.16008 0.49383 11
v 174.23846 0.21948 11
v 176.48104 0.05487 11
v 178.88782 0 11
v 200.57671 0 11
v 202.41718 0.35556 -8
v 203.67193 1.42222 -8
v 204.34096 3.2 -8
v 206.20611 13.77778 -8
v 206.16402 15.55556 -8
v 205.28544 16.62222 -8
v 203.57035 16.97778 -8
v 185.70369 16.97778 -8
v 183.37848 17.24444 -8
v 181.8251 18.04444 -8
v 181.04354 19.37778 -8
v 181.03379 21.24444 -8
v 184.76409 42.4 -8
v 185.44583 44.34444 -8
v 186.7074 45.73333 -8
v 188.54878 46.56667 -8
v 190.96998 46.84444 -8
v 208.83665 46.84444 -8
v 210.67712 47.2 -8
v 211.93187 48.26667 -8
v 212.6009 50.04444 -8
v 214.49739 60.8 -8
v 214.45531 62.57778 -8
v 213.57672 63.64444 -8
v 211.86164 64 -8
v 190.17275 64 -8
v 187.74661 63.94513 -8
v 185.44598 63.78052 -8
v 183.27086 63.50617 -8
v 181.22124 63.12209 -8
v 179.29713 62.62826 -8
v 177.49852 62.02469 -8
v 175.82542 61.31139 -8
v 174.27783 60.48834 -8
v 172.85574 59.55556 -8
v 171.39635 58.36806 -8
v 170.07669 57.02778 -8
v 168.89676 55.53472 -8
v 167.85656 53.88889 -8
v 166.95608 52.09028 -8
v 166.19533 50.13889 -8
v 165.57431 48.03472 -8
v 165.09301 45.77778 -8
v 160.21855 18.13333 -8
v 159.9076 15.89722 -8
v 159.78976 13.81111 -8
v 159.86504 11.875 -8
v 160.13343 10.08889 -8
v 160.59494 8.45278 -8
v 161.24957 6.96667 -8
v 162.09731 5.63056 -8
v 163.13817 4.44444 -8
v 164.2313 3.51166 -8
v 165.48865 2.68861 -8
v 166.9102 1.97531 -8
v 168.49595 1.37174 -8
v 170.24592 0.87791 -8
v 172.16008 0.49383 -8
v 174.23846 0.21948 -8
v 176.48104 0.05487 -8
v 178.88782 0 -8
v 200.57671 0 -8
v 262.10607 0.35556 11
v 263.36082 1.42222 11
v 264.02985 3.2 11
v 265.86365 13.6 11
v 265.82156 15.37778 11
v 264.94298 16.44444 11
v 263.22789 16.8 11
v 238.69456 16.8 11
v 240.04248 24.44444 11
v 257.37582 24.44444 11
v 259.21629 24.8 11
v 260.47104 25.86667 11
v 261.14006 27.64444 11
v 262.81713 37.15556 11
v 262.77504 38.93333 11
v 261.89646 40 11
v 260.18137 40.35556 11
v 242.84804 40.35556 11
v 244.0549 47.2 11
v 268.58823 47.2 11
v 270.42871 47.55556 11
v 271.68346 48.62222 11
v 272.35248 50.4 11
v 274.18628 60.8 11
v 274.1442 62.57778 11
v 273.26561 63.64444 11
v 271.55053 64 11
v 230.30608 64 11
v 228.46561 63.64444 11
v 227.21086 62.57778 11
v 226.54184 60.8 11
v 216.3854 3.2 11
v 216.42749 1.42222 11
v 217.30607 0.35556 11
v 219.02116 0 11
v 260.2656 0 11
v 262.10607 0.35556 -8
v 263.36082 1.42222 -8
v 264.02985 3.2 -8
v 265.86365 13.6 -8
v 265.82156 15.37778 -8
v 264.94298 16.44444 -8
v 263.22789 16.8 -8
v 238.69456 16.8 -8
v 240.04248 24.44444 -8
v 257.37582 24.44444 -8
v 259.21629 24.8 -8
v 260.47104 25.86667 -8
v 261.14006 27.64444 -8
v 262.81713 37.15556 -8
v 262.77504 38.93333 -8
v 261.89646 40 -8
v 260.18137 40.35556 -8
v 242.84804 40.35556 -8
v 244.0549 47.2 -8
v 268.58823 47.2 -8
v 270.42871 47.55556 -8
v 271.68346 48.62222 -8
v 272.35248 50.4 -8
v 274.18628 60.8 -8
v 274.1442 62.57778 -8
v 273.26561 63.64444 -8
v 271.55053 64 -8
v 230.30608 64 -8
v 228.46561 63.64444 -8
v 227.21086 62.57778 -8
v 226.54184 60.8 -8
v 216.3854 3.2 -8
v 216.42749 1.42222 -8
v 217.30607 0.35556 -8
v 219.02116 0 -8
v 260.2656 0 -8
v 294.68385 0.35556 11
v 295.9386 1.42222 11
v 296.60763 3.2 11
v 299.67963 20.62222 11
v 312.12408 20.62222 11
v 313.67378 20.4 11
v 314.58956 19.73333 11
v 314.94856 18.55556 11
v 314.82789 16.8 11
v 312.42985 3.2 11
v 312.47193 1.42222 11
v 313.35052 0.35556 11
v 315.0656 0 11
v 328.84338 0 11
v 330.68385 0.35556 11
v 331.9386 1.42222 11
v 332.60763 3.2 11
v 335.93041 22.04444 11
v 336.19237 24.19556 11
v 336.18833 26.16889 11
v 335.91826 27.96444 11
v 335.38219 29.58222 11
v 334.5801 31.02222 11
v 333.54672 32.25956 11
v 332.31677 33.26933 11
v 330.89025 34.05156 11
v 329.26717 34.60622 11
v 327.44751 34.93333 11
v 329.31869 35.91111 11
v 330.84704 37.18519 11
v 332.03258 38.75556 11
v 332.73925 40.11667 11
v 333.33806 41.62222 11
v 333.82899 43.27222 11
v 334.21207 45.06667 11
v 334.93305 49.15556 11
v 335.21264 51.30833 11
v 335.26775 53.32222 11
v 335.09836 55.19722 11
v 334.70448 56.93333 11
v 334.04331 58.50833 11
v 333.07203 59.9 11
v 331.79065 61.10833 11
v 330.19916 62.13333 11
v 328.94665 62.7037 11
v 327.51782 63.17037 11
v 325.91269 63.53333 11
v 324.13124 63.79259 11
v 322.17348 63.94815 11
v 320.03942 64 11
v 290.43942 64 11
v 288.59894 63.64444 11
v 287.3442 62.57778 11
v 286.67517 60.8 11
v 276.51874 3.2 11
v 276.56082 1.42222 11
v 277.43941 0.35556 11
v 279.15449 0 11
v 292.84338 0 11
v 313.05418 47.7 11
v 314.07326 46.8 11
v 314.4362 45.45556 11
v 314.3482 43.82222 11
v 313.8153 40.8 11
v 313.3273 39.16667 11
v 312.49023 37.82222 11
v 311.15376 36.92222 11
v 309.16753 36.62222 11
v 302.50086 36.62222 11
v 304.50707 48 11
v 311.17374 48 11
v 294.68385 0.35556 -8
v 295.9386 1.42222 -8
v 296.60763 3.2 -8
v 299.67963 20.62222 -8
v 312.12408 20.62222 -8
v 313.67378 20.4 -8
v 314.58956 19.73333 -8
v 314.94856 18.55556 -8
v 314.82789 16.8 -8
v 312.42985 3.2 -8
v 312.47193 1.42222 -8
v 313.35052 0.35556 -8
v 315.0656 0 -8
v 328.84338 0 -8
v 330.68385 0.35556 -8
v 331.9386 1.42222 -8
v 332.60763 3.2 -8
v 335.93041 22.04444 -8
v 336.19237 24.19556 -8
v 336.18833 26.16889 -8
v 335.91826 27.96444 -8
v 335.38219 29.58222 -8
v 334.5801 31.02222 -8
v 333.54672 32.25956 -8
v 332.31677 33.26933 -8
v 330.89025 34.05156 -8
v 329.26717 34.60622 -8
v 327.44751 34.93333 -8
v 329.31869 35.91111 -8
v 330.84704 37.18519 -8
v 332.03258 38.75556 -8
v 332.73925 40.11667 -8
v 333.33806 41.62222 -8
v 333.82899 43.27222 -8
v 334.21207 45.06667 -8
v 334.93305 49.15556 -8
v 335.21264 51.30833 -8
v 335.26775 53.32222 -8
v 335.09836 55.19722 -8
v 334.70448 56.93333 -8
v 334.04331 58.50833 -8
v 333.07203 59.9 -8
v 331.79065 61.10833 -8
v 330.19916 62.13333 -8
v 328.94665 62.7037 -8
v 327.51782 63.17037 -8
v 325.91269 63.53333 -8
v 324.13124 63.79259 -8
v 322.17348 63.94815 -8
v 320.03942 64 -8
v 290.43942 64 -8
v 288.59894 63.64444 -8
v 287.3442 62.57778 -8
v 286.67517 60.8 -8
v 276.51874 3.2 -8
v 276.56082 1.42222 -8
v 277.43941 0.35556 -8
v 279.15449 0 -8
v 292.84338 0 -8
v 313.05418 47.7 -8
v 314.07326 46.8 -8
v 314.4362 45.45556 -8
v 314.3482 43.82222 -8
v 313.8153 40.8 -8
v 313.3273 39.16667 -8
v 312.49023 37.82222 -8
v 311.15376 36.92222 -8
v 309.16753 36.62222 -8
v 302.50086 36.62222 -8
v 304.50707 48 -8
v 311.17374 48 -8
v -318.4717 0.35556 11
v -318.4717 0.35556 -8
v -317.21696 1.42222 11
v -317.21696 1.42222 -8
v -317.21696 1.42222 11
v -317.21696 1.42222 -8
v -316.54793 3.2 11
v -316.54793 3.2 -8
v -316.54793 3.2 11
v -316.54793 3.2 -8
v -311.03086 34.48889 11
v -311.03086 34.48889 -8
v -311.03086 34.48889 11
v -311.03086 34.48889 -8
v -307.49482 24.8 11
v -307.49482 24.8 -8
v -307.49482 24.8 11
v -307.49482 24.8 -8
v -306.5784 23.21975 11
v -306.5784 23.21975 -8
v -306.5784 23.21975 11
v -306.5784 23.21975 -8
v -305.17522 22.2716 11
v -305.17522 22.2716 -8
v -305.17522 22.2716 11
v -305.17522 22.2716 -8
v -303.28526 21.95556 11
v -303.28526 21.95556 -8
v -303.28526 21.95556 11
v -303.28526 21.95556 -8
v -299.72971 21.95556 11
v -299.72971 21.95556 -8
v -299.72971 21.95556 11
v -299.72971 21.95556 -8
v -297.7283 22.2716 11
v -297.7283 22.2716 -8
v -297.7283 22.2716 11
v -297.7283 22.2716 -8
v -295.99075 23.21975 11
v -295.99075 23.21975 -8
v -295.99075 23.21975 11
v -295.99075 23.21975 -8
v -294.51705 24.8 11
v -294.51705 24.8 -8
v -294.51705 24.8 11
v -294.51705 24.8 -8
v -287.56419 34.48889 11
v -287.56419 34.48889 -8
v -287.56419 34.48889 11
v -287.56419 34.48889 -8
v -293.08126 3.2 11
v -293.08126 3.2 -8
v -293.08126 3.2 11
v -293.08126 3.2 -8
v -293.03918 1.42222 11
v -293.03918 1.42222 -8
v -293.03918 1.42222 11
v -293.03918 1.42222 -8
v -292.16059 0.35556 11
v -292.16059 0.35556 -8
v -292.16059 0.35556 11
v -292.16059 0.35556 -8
v -290.44551 0 11
v -290.44551 0 -8
v -290.44551 0 11
v -290.44551 0 -8
v -276.75662 0 11
v -276.75662 0 -8
v -276.75662 0 11
v -276.75662 0 -8
v -274.91615 0.35556 11
v -274.91615 0.35556 -8
v -274.91615 0.35556 11
v -274.91615 0.35556 -8
v -273.6614 1.42222 11
v -273.6614 1.42222 -8
v -273.6614 1.42222 11
v -273.6614 1.42222 -8
v -272.99237 3.2 11
v -272.99237 3.2 -8
v -272.99237 3.2 11
v -272.99237 3.2 -8
v -262.83594 60.8 11
v -262.83594 60.8 -8
v -262.83594 60.8 11
v -262.83594 60.8 -8
v -262.87803 62.57778 11
v -262.87803 62.57778 -8
v -262.87803 62.57778 11
v -262.87803 62.57778 -8
v -263.75661 63.64444 11
v -263.75661 63.64444 -8
v -263.75661 63.64444 11
v -263.75661 63.64444 -8
v -265.47169 64 11
v -265.47169 64 -8
v -265.47169 64 11
v -265.47169 64 -8
v -279.87169 64 11
v -279.87169 64 -8
v -279.87169 64 11
v -279.87169 64 -8
v -281.56345 63.7037 11
v -281.56345 63.7037 -8
v -281.56345 63.7037 11
v -281.56345 63.7037 -8
v -283.08314 62.81481 11
v -283.08314 62.81481 -8
v -283.08314 62.81481 11
v -283.08314 62.81481 -8
v -284.43079 61.33333 11
v -284.43079 61.33333 -8
v -284.43079 61.33333 11
v -284.43079 61.33333 -8
v -294.89668 46.84444 11
v -294.89668 46.84444 -8
v -294.89668 46.84444 11
v -294.89668 46.84444 -8
v -295.42926 46.15556 11
v -295.42926 46.15556 -8
v -295.42926 46.15556 11
v -295.42926 46.15556 -8
v -295.85599 45.68889 11
v -295.85599 45.68889 -8
v -295.85599 45.68889 11
v -295.85599 45.68889 -8
v -296.26968 45.42222 11
v -296.26968 45.42222 -8
v -296.26968 45.42222 11
v -296.26968 45.42222 -8
v -296.76313 45.33333 11
v -296.76313 45.33333 -8
v -296.76313 45.33333 11
v -296.76313 45.33333 -8
v -297.56313 45.33333 11
v -297.56313 45.33333 -8
v -297.56313 45.33333 11
v -297.56313 45.33333 -8
v -298.02524 45.42222 11
v -298.02524 45.42222 -8
v -298.02524 45.42222 11
v -298.02524 45.42222 -8
v -298.34488 45.68889 11
v -298.34488 45.68889 -8
v -298.34488 45.68889 11
v -298.34488 45.68889 -8
v -298.60704 46.15556 11
v -298.60704 46.15556 -8
v -298.60704 46.15556 11
v -298.60704 46.15556 -8
v -298.89668 46.84444 11
v -298.89668 46.84444 -8
v -298.89668 46.84444 11
v -298.89668 46.84444 -8
v -304.3419 61.33333 11
v -304.3419 61.33333 -8
v -304.3419 61.33333 11
v -304.3419 61.33333 -8
v -305.16709 62.81481 11
v -305.16709 62.81481 -8
v -305.16709 62.81481 11
v -305.16709 62.81481 -8
v -306.37332 63.7037 11
v -306.37332 63.7037 -8
v -306.37332 63.7037 11
v -306.37332 63.7037 -8
v -307.96058 64 11
v -307.96058 64 -8
v -307.96058 64 11
v -307.96058 64 -8
v -322.27169 64 11
v -322.27169 64 -8
v -322.27169 64 11
v -322.27169 64 -8
v -324.11217 63.64444 11
v -324.11217 63.64444 -8
v -324.11217 63.64444 11
v -324.11217 63.64444 -8
v -325.36691 62.57778 11
v -325.36691 62.57778 -8
v -325.36691 62.57778 11
v -325.36691 62.57778 -8
v -326.03594 60.8 11
v -326.03594 60.8 -8
v -326.03594 60.8 11
v -326.03594 60.8 -8
v -336.19237 3.2 11
v -336.19237 3.2 -8
v -336.19237 3.2 11
v -336.19237 3.2 -8
v -336.15029 1.42222 11
v -336.15029 1.42222 -8
v -336.15029 1.42222 11
v -336.15029 1.42222 -8
v -335.2717 0.35556 11
v -335.2717 0.35556 -8
v -335.2717 0.35556 11
v -335.2717 0.35556 -8
v -333.55662 0 11
v -333.55662 0 -8
v -333.55662 0 11
v -333.55662 0 -8
v -320.31218 0 11
v -320.31218 0 -8
v -320.31218 0 11
v -320.31218 0 -8
v -318.4717 0.35556 11
v -318.4717 0.35556 -8
v -213.00504 0.35556 11
v -213.00504 0.35556 -8
v -211.75029 1.42222 11
v -211.75029 1.42222 -8
v -211.75029 1.42222 11
v -211.75029 1.42222 -8
v -211.08126 3.2 11
v -211.08126 3.2 -8
v -211.08126 3.2 11
v -211.08126 3.2 -8
v -209.24746 13.6 11
v -209.24746 13.6 -8
v -209.24746 13.6 11
v -209.24746 13.6 -8
v -209.28955 15.37778 11
v -209.28955 15.37778 -8
v -209.28955 15.37778 11
v -209.28955 15.37778 -8
v -210.16813 16.44444 11
v -210.16813 16.44444 -8
v -210.16813 16.44444 11
v -210.16813 16.44444 -8
v -211.88322 16.8 11
v -211.88322 16.8 -8
v -211.88322 16.8 11
v -211.88322 16.8 -8
v -236.41655 16.8 11
v -236.41655 16.8 -8
v -236.41655 16.8 11
v -236.41655 16.8 -8
v -235.06863 24.44444 11
v -235.06863 24.44444 -8
v -235.06863 24.44444 11
v -235.06863 24.44444 -8
v -217.73529 24.44444 11
v -217.73529 24.44444 -8
v -217.73529 24.44444 11
v -217.73529 24.44444 -8
v -215.89482 24.8 11
v -215.89482 24.8 -8
v -215.89482 24.8 11
v -215.89482 24.8 -8
v -214.64007 25.86667 11
v -214.64007 25.86667 -8
v -214.64007 25.86667 11
v -214.64007 25.86667 -8
v -213.97105 27.64444 11
v -213.97105 27.64444 -8
v -213.97105 27.64444 11
v -213.97105 27.64444 -8
v -212.29398 37.15556 11
v -212.29398 37.15556 -8
v -212.29398 37.15556 11
v -212.29398 37.15556 -8
v -212.33607 38.93333 11
v -212.33607 38.93333 -8
v -212.33607 38.93333 11
v -212.33607 38.93333 -8
v -213.21465 40 11
v -213.21465 40 -8
v -213.21465 40 11
v -213.21465 40 -8
v -214.92974 40.35556 11
v -214.92974 40.35556 -8
v -214.92974 40.35556 11
v -214.92974 40.35556 -8
v -232.26307 40.35556 11
v -232.26307 40.35556 -8
v -232.26307 40.35556 11
v -232.26307 40.35556 -8
v -231.05621 47.2 11
v -231.05621 47.2 -8
v -231.05621 47.2 11
v -231.05621 47.2 -8
v -206.52288 47.2 11
v -206.52288 47.2 -8
v -206.52288 47.2 11
v -206.52288 47.2 -8
v -204.6824 47.55556 11
v -204.6824 47.55556 -8
v -204.6824 47.55556 11
v -204.6824 47.55556 -8
v -203.42766 48.62222 11
v -203.42766 48.62222 -8
v -203.42766 48.62222 11
v -203.42766 48.62222 -8
v -202.75863 50.4 11
v -202.75863 50.4 -8
v -202.75863 50.4 11
v -202.75863 50.4 -8
v -200.92483 60.8 11
v -200.92483 60.8 -8
v -200.92483 60.8 11
v -200.92483 60.8 -8
v -200.96691 62.57778 11
v -200.96691 62.57778 -8
v -200.96691 62.57778 11
v -200.96691 62.57778 -8
v -201.8455 63.64444 11
v -201.8455 63.64444 -8
v -201.8455 63.64444 11
v -201.8455 63.64444 -8
v -203.56058 64 11
v -203.56058 64 -8
v -203.56058 64 11
v -203.56058 64 -8
v -244.80503 64 11
v -244.80503 64 -8
v -244.80503 64 11
v -244.80503 64 -8
v -246.6455 63.64444 11
v -246.6455 63.64444 -8
v -246.6455 63.64444 11
v -246.6455 63.64444 -8
v -247.90025 62.57778 11
v -247.90025 62.57778 -8
v -247.90025 62.57778 11
v -247.90025 62.57778 -8
v -248.56927 60.8 11
v -248.56927 60.8 -8
v -248.56927 60.8 11
v -248.56927 60.8 -8
v -258.72571 3.2 11
v -258.72571 3.2 -8
v -258.72571 3.2 11
v -258.72571 3.2 -8
v -258.68362 1.42222 11
v -258.68362 1.42222 -8
v -258.68362 1.42222 11
v -258.68362 1.42222 -8
v -257.80504 0.35556 11
v -257.80504 0.35556 -8
v -257.80504 0.35556 11
v -257.80504 0.35556 -8
v -256.08995 0 11
v -256.08995 0 -8
v -256.08995 0 11
v -256.08995 0 -8
v -214.84551 0 11
v -214.84551 0 -8
v -214.84551 0 11
v -214.84551 0 -8
v -213.00504 0.35556 11
v -213.00504 0.35556 -8
v -148.8717 0.35556 11
v -148.8717 0.35556 -8
v -147.61696 1.42222 11
v -147.61696 1.42222 -8
v -147.61696 1.42222 11
v -147.61696 1.42222 -8
v -146.94793 3.2 11
v -146.94793 3.2 -8
v -146.94793 3.2 11
v -146.94793 3.2 -8
v -142.01077 31.2 11
v -142.01077 31.2 -8
v -142.01077 31.2 11
v -142.01077 31.2 -8
v -142.05286 32.97778 11
v -142.05286 32.97778 -8
v -142.05286 32.97778 11
v -142.05286 32.97778 -8
v -142.93144 34.04444 11
v -142.93144 34.04444 -8
v -142.93144 34.04444 11
v -142.93144 34.04444 -8
v -144.64653 34.4 11
v -144.64653 34.4 -8
v -144.64653 34.4 11
v -144.64653 34.4 -8
v -157.53542 34.4 11
v -157.53542 34.4 -8
v -157.53542 34.4 11
v -157.53542 34.4 -8
v -159.37589 34.04444 11
v -159.37589 34.04444 -8
v -159.37589 34.04444 11
v -159.37589 34.04444 -8
v -160.63064 32.97778 11
v -160.63064 32.97778 -8
v -160.63064 32.97778 11
v -160.63064 32.97778 -8
v -161.29966 31.2 11
v -161.29966 31.2 -8
v -161.29966 31.2 11
v -161.29966 31.2 -8
v -163.83877 16.8 11
v -163.83877 16.8 -8
v -163.83877 16.8 11
v -163.83877 16.8 -8
v -176.01655 16.8 11
v -176.01655 16.8 -8
v -176.01655 16.8 11
v -176.01655 16.8 -8
v -168.25816 60.8 11
v -168.25816 60.8 -8
v -168.25816 60.8 11
v -168.25816 60.8 -8
v -168.30025 62.57778 11
v -168.30025 62.57778 -8
v -168.30025 62.57778 11
v -168.30025 62.57778 -8
v -169.17883 63.64444 11
v -169.17883 63.64444 -8
v -169.17883 63.64444 11
v -169.17883 63.64444 -8
v -170.89392 64 11
v -170.89392 64 -8
v -170.89392 64 11
v -170.89392 64 -8
v -184.67169 64 11
v -184.67169 64 -8
v -184.67169 64 11
v -184.67169 64 -8
v -186.51217 63.64444 11
v -186.51217 63.64444 -8
v -186.51217 63.64444 11
v -186.51217 63.64444 -8
v -187.76691 62.57778 11
v -187.76691 62.57778 -8
v -187.76691 62.57778 11
v -187.76691 62.57778 -8
v -188.43594 60.8 11
v -188.43594 60.8 -8
v -188.43594 60.8 11
v -188.43594 60.8 -8
v -198.59237 3.2 11
v -198.59237 3.2 -8
v -198.59237 3.2 11
v -198.59237 3.2 -8
v -198.55029 1.42222 11
v -198.55029 1.42222 -8
v -198.55029 1.42222 11
v -198.55029 1.42222 -8
v -197.6717 0.35556 11
v -197.6717 0.35556 -8
v -197.6717 0.35556 11
v -197.6717 0.35556 -8
v -195.95662 0 11
v -195.95662 0 -8
v -195.95662 0 11
v -195.95662 0 -8
v -150.71218 0 11
v -150.71218 0 -8
v -150.71218 0 11
v -150.71218 0 -8
v -148.8717 0.35556 11
v -148.8717 0.35556 -8
v -72.5725 49.10833 11
v -72.5725 49.10833 -8
v -72.46199 51.01111 11
v -72.46199 51.01111 -8
v -72.46199 51.01111 11
v -72.46199 51.01111 -8
v -72.51813 52.81944 11
v -72.51813 52.81944 -8
v -72.51813 52.81944 11
v -72.51813 52.81944 -8
v -72.74092 54.53333 11
v -72.74092 54.53333 -8
v -72.74092 54.53333 11
v -72.74092 54.53333 -8
v -73.17122 56.14167 11
v -73.17122 56.14167 -8
v -73.17122 56.14167 11
v -73.17122 56.14167 -8
v -73.84987 57.63333 11
v -73.84987 57.63333 -8
v -73.84987 57.63333 11
v -73.84987 57.63333 -8
v -74.77686 59.00833 11
v -74.77686 59.00833 -8
v -74.77686 59.00833 11
v -74.77686 59.00833 -8
v -75.9522 60.26667 11
v -75.9522 60.26667 -8
v -75.9522 60.26667 11
v -75.9522 60.26667 -8
v -77.09356 61.184 11
v -77.09356 61.184 -8
v -77.09356 61.184 11
v -77.09356 61.184 -8
v -78.43842 62.016 11
v -78.43842 62.016 -8
v -78.43842 62.016 11
v -78.43842 62.016 -8
v -79.98676 62.76267 11
v -79.98676 62.76267 -8
v -79.98676 62.76267 11
v -79.98676 62.76267 -8
v -81.73859 63.424 11
v -81.73859 63.424 -8
v -81.73859 63.424 11
v -81.73859 63.424 -8
v -83.69392 64 11
v -83.69392 64 -8
v -83.69392 64 11
v -83.69392 64 -8
v -85.22882 64.35374 11
v -85.22882 64.35374 -8
v -85.22882 64.35374 11
v -85.22882 64.35374 -8
v -86.89486 64.65306 11
v -86.89486 64.65306 -8
v -86.89486 64.65306 11
v -86.89486 64.65306 -8
v -88.69204 64.89796 11
v -88.69204 64.89796 -8
v -88.69204 64.89796 11
v -88.69204 64.89796 -8
v -90.62036 65.08844 11
v -90.62036 65.08844 -8
v -90.62036 65.08844 11
v -90.62036 65.08844 -8
v -92.67982 65.22449 11
v -92.67982 65.22449 -8
v -92.67982 65.22449 11
v -92.67982 65.22449 -8
v -94.87041 65.30612 11
v -94.87041 65.30612 -8
v -94.87041 65.30612 11
v -94.87041 65.30612 -8
v -97.19215 65.33333 11
v -97.19215 65.33333 -8
v -97.19215 65.33333 11
v -97.19215 65.33333 -8
v -99.52348 65.30612 11
v -99.52348 65.30612 -8
v -99.52348 65.30612 11
v -99.52348 65.30612 -8
v -101.74286 65.22449 11
v -101.74286 65.22449 -8
v -101.74286 65.22449 11
v -101.74286 65.22449 -8
v -103.8503 65.08844 11
v -103.8503 65.08844 -8
v -103.8503 65.08844 11
v -103.8503 65.08844 -8
v -105.84579 64.89796 11
v -105.84579 64.89796 -8
v -105.84579 64.89796 11
v -105.84579 64.89796 -8
v -107.72933 64.65306 11
v -107.72933 64.65306 -8
v -107.72933 64.65306 11
v -107.72933 64.65306 -8
v -109.50093 64.35374 11
v -109.50093 64.35374 -8
v -109.50093 64.35374 11
v -109.50093 64.35374 -8
v -111.16058 64 11
v -111.16058 64 -8
v -111.16058 64 11
v -111.16058 64 -8
v -113.31904 63.424 11
v -113.31904 63.424 -8
v -113.31904 63.424 11
v -113.31904 63.424 -8
v -115.30409 62.76267 11
v -115.30409 62.76267 -8
v -115.30409 62.76267 11
v -115.30409 62.76267 -8
v -117.11575 62.016 11
v -117.11575 62.016 -8
v -117.11575 62.016 11
v -117.11575 62.016 -8
v -118.75401 61.184 11
v -118.75401 61.184 -8
v -118.75401 61.184 11
v -118.75401 61.184 -8
v -120.21887 60.26667 11
v -120.21887 60.26667 -8
v -120.21887 60.26667 11
v -120.21887 60.26667 -8
v -121.84075 59.00833 11
v -121.84075 59.00833 -8
v -121.84075 59.00833 11
v -121.84075 59.00833 -8
v -123.26098 57.63333 11
v -123.26098 57.63333 -8
v -123.26098 57.63333 11
v -123.26098 57.63333 -8
v -124.47955 56.14167 11
v -124.47955 56.14167 -8
v -124.47955 56.14167 11
v -124.47955 56.14167 -8
v -125.49648 54.53333 11
v -125.49648 54.53333 -8
v -125.49648 54.53333 11
v -125.49648 54.53333 -8
v -126.34313 52.81944 11
v -126.34313 52.81944 -8
v -126.34313 52.81944 11
v -126.34313 52.81944 -8
v -127.05087 51.01111 11
v -127.05087 51.01111 -8
v -127.05087 51.01111 11
v -127.05087 51.01111 -8
v -127.61972 49.10833 11
v -127.61972 49.10833 -8
v -127.61972 49.10833 11
v -127.61972 49.10833 -8
v -128.04966 47.11111 11
v -128.04966 47.11111 -8
v -128.04966 47.11111 11
v -128.04966 47.11111 -8
v -133.39433 16.8 11
v -133.39433 16.8 -8
v -133.39433 16.8 11
v -133.39433 16.8 -8
v -133.66871 14.80278 11
v -133.66871 14.80278 -8
v -133.66871 14.80278 11
v -133.66871 14.80278 -8
v -133.77089 12.9 11
v -133.77089 12.9 -8
v -133.77089 12.9 11
v -133.77089 12.9 -8
v -133.70086 11.09167 11
v -133.70086 11.09167 -8
v -133.70086 11.09167 11
v -133.70086 11.09167 -8
v -133.45862 9.37778 11
v -133.45862 9.37778 -8
v -133.45862 9.37778 11
v -133.45862 9.37778 -8
v -133.00888 7.76944 11
v -133.00888 7.76944 -8
v -133.00888 7.76944 11
v -133.00888 7.76944 -8
v -132.31635 6.27778 11
v -132.31635 6.27778 -8
v -132.31635 6.27778 11
v -132.31635 6.27778 -8
v -131.38102 4.90278 11
v -131.38102 4.90278 -8
v -131.38102 4.90278 11
v -131.38102 4.90278 -8
v -130.2029 3.64444 11
v -130.2029 3.64444 -8
v -130.2029 3.64444 11
v -130.2029 3.64444 -8
v -129.06122 2.72889 11
v -129.06122 2.72889 -8
v -129.06122 2.72889 11
v -129.06122 2.72889 -8
v -127.71543 1.90222 11
v -127.71543 1.90222 -8
v -127.71543 1.90222 11
v -127.71543 1.90222 -8
v -126.16552 1.16444 11
v -126.16552 1.16444 -8
v -126.16552 1.16444 11
v -126.16552 1.16444 -8
v -124.41149 0.51556 11
v -124.41149 0.51556 -8
v -124.41149 0.51556 11
v -124.41149 0.51556 -8
v -122.45335 -0.04444 11
v -122.45335 -0.04444 -8
v -122.45335 -0.04444 11
v -122.45335 -0.04444 -8
v -120.91636 -0.38639 11
v -120.91636 -0.38639 -8
v -120.91636 -0.38639 11
v -120.91636 -0.38639 -8
v -119.24856 -0.67574 11
v -119.24856 -0.67574 -8
v -119.24856 -0.67574 11
v -119.24856 -0.67574 -8
v -117.44994 -0.91247 11
v -117.44994 -0.91247 -8
v -117.44994 -0.91247 11
v -117.44994 -0.91247 -8
v -115.5205 -1.0966 11
v -115.5205 -1.0966 -8
v -115.5205 -1.0966 11
v -115.5205 -1.0966 -8
v -113.46025 -1.22812 11
v -113.46025 -1.22812 -8
v -113.46025 -1.22812 11
v -113.46025 -1.22812 -8
v -111.26917 -1.30703 11
v -111.26917 -1.30703 -8
v -111.26917 -1.30703 11
v -111.26917 -1.30703 -8
v -108.94728 -1.33333 11
v -108.94728 -1.33333 -8
v -108.94728 -1.33333 11
v -108.94728 -1.33333 -8
v -106.61611 -1.30703 11
v -106.61611 -1.30703 -8
v -106.61611 -1.30703 11
v -106.61611 -1.30703 -8
v -104.39721 -1.22812 11
v -104.39721 -1.22812 -8
v -104.39721 -1.22812 11
v -104.39721 -1.22812 -8
v -102.29057 -1.0966 11
v -102.29057 -1.0966 -8
v -102.29057 -1.0966 11
v -102.29057 -1.0966 -8
v -100.2962 -0.91247 11
v -100.2962 -0.91247 -8
v -100.2962 -0.91247 11
v -100.2962 -0.91247 -8
v -98.41409 -0.67574 11
v -98.41409 -0.67574 -8
v -98.41409 -0.67574 11
v -98.41409 -0.67574 -8
v -96.64425 -0.38639 11
v -96.64425 -0.38639 -8
v -96.64425 -0.38639 11
v -96.64425 -0.38639 -8
v -94.98668 -0.04444 11
v -94.98668 -0.04444 -8
v -94.98668 -0.04444 11
v -94.98668 -0.04444 -8
v -92.83105 0.51556 11
v -92.83105 0.51556 -8
v -92.83105 0.51556 11
v -92.83105 0.51556 -8
v -90.84819 1.16444 11
v -90.84819 1.16444 -8
v -90.84819 1.16444 11
v -90.84819 1.16444 -8
v -89.0381 1.90222 11
v -89.0381 1.90222 -8
v -89.0381 1.90222 11
v -89.0381 1.90222 -8
v -87.40078 2.72889 11
v -87.40078 2.72889 -8
v -87.40078 2.72889 11
v -87.40078 2.72889 -8
v -85.93623 3.64444 11
v -85.93623 3.64444 -8
v -85.93623 3.64444 11
v -85.93623 3.64444 -8
v -84.31713 4.90278 11
v -84.31713 4.90278 -8
v -84.31713 4.90278 11
v -84.31713 4.90278 -8
v -82.90524 6.27778 11
v -82.90524 6.27778 -8
v -82.90524 6.27778 11
v -82.90524 6.27778 -8
v -81.70055 7.76944 11
v -81.70055 7.76944 -8
v -81.70055 7.76944 11
v -81.70055 7.76944 -8
v -80.70307 9.37778 11
v -80.70307 9.37778 -8
v -80.70307 9.37778 11
v -80.70307 9.37778 -8
v -79.87586 11.09167 11
v -79.87586 11.09167 -8
v -79.87586 11.09167 11
v -79.87586 11.09167 -8
v -79.182 12.9 11
v -79.182 12.9 -8
v -79.182 12.9 11
v -79.182 12.9 -8
v -78.62149 14.80278 11
v -78.62149 14.80278 -8
v -78.62149 14.80278 11
v -78.62149 14.80278 -8
v -78.19433 16.8 11
v -78.19433 16.8 -8
v -78.19433 16.8 11
v -78.19433 16.8 -8
v -72.84966 47.11111 11
v -72.84966 47.11111 -8
v -72.84966 47.11111 11
v -72.84966 47.11111 -8
v -72.5725 49.10833 11
v -72.5725 49.10833 -8
v -107.81675 45.53333 11
v -107.81675 45.53333 -8
v -106.58557 46.84444 11
v -106.58557 46.84444 -8
v -106.58557 46.84444 11
v -106.58557 46.84444 -8
v -105.61309 47.35 11
v -105.61309 47.35 -8
v -105.61309 47.35 11
v -105.61309 47.35 -8
v -104.23275 47.71111 11
v -104.23275 47.71111 -8
v -104.23275 47.71111 11
v -104.23275 47.71111 -8
v -102.44455 47.92778 11
v -102.44455 47.92778 -8
v -102.44455 47.92778 11
v -102.44455 47.92778 -8
v -100.24848 48 11
v -100.24848 48 -8
v -100.24848 48 11
v -100.24848 48 -8
v -98.04177 47.92778 11
v -98.04177 47.92778 -8
v -98.04177 47.92778 11
v -98.04177 47.92778 -8
v -96.31053 47.71111 11
v -96.31053 47.71111 -8
v -96.31053 47.71111 11
v -96.31053 47.71111 -8
v -95.05476 47.35 11
v -95.05476 47.35 -8
v -95.05476 47.35 11
v -95.05476 47.35 -8
v -94.27446 46.84444 11
v -94.27446 46.84444 -8
v -94.27446 46.84444 11
v -94.27446 46.84444 -8
v -93.53898 45.53333 11
v -93.53898 45.53333 -8
v -93.53898 45.53333 11
v -93.53898 45.53333 -8
v -93.5028 43.91111 11
v -93.5028 43.91111 -8
v -93.5028 43.91111 11
v -93.5028 43.91111 -8
v -97.71897 20 11
v -97.71897 20 -8
v -97.71897 20 11
v -97.71897 20 -8
v -98.32919 18.36667 11
v -98.32919 18.36667 -8
v -98.32919 18.36667 11
v -98.32919 18.36667 -8
v -99.53292 17.02222 11
v -99.53292 17.02222 -8
v -99.53292 17.02222 11
v -99.53292 17.02222 -8
v -100.49494 16.49722 11
v -100.49494 16.49722 -8
v -100.49494 16.49722 11
v -100.49494 16.49722 -8
v -101.88051 16.12222 11
v -101.88051 16.12222 -8
v -101.88051 16.12222 11
v -101.88051 16.12222 -8
v -103.68962 15.89722 11
v -103.68962 15.89722 -8
v -103.68962 15.89722 11
v -103.68962 15.89722 -8
v -105.92229 15.82222 11
v -105.92229 15.82222 -8
v -105.92229 15.82222 11
v -105.92229 15.82222 -8
v -108.0924 15.89722 11
v -108.0924 15.89722 -8
v -108.0924 15.89722 11
v -108.0924 15.89722 -8
v -109.80273 16.12222 11
v -109.80273 16.12222 -8
v -109.80273 16.12222 11
v -109.80273 16.12222 -8
v -111.05327 16.49722 11
v -111.05327 16.49722 -8
v -111.05327 16.49722 11
v -111.05327 16.49722 -8
v -111.84403 17.02222 11
v -111.84403 17.02222 -8
v -111.84403 17.02222 11
v -111.84403 17.02222 -8
v -112.60697 18.36667 11
v -112.60697 18.36667 -8
v -112.60697 18.36667 11
v -112.60697 18.36667 -8
v -112.6523 20 11
v -112.6523 20 -8
v -112.6523 20 11
v -112.6523 20 -8
v -108.43613 43.91111 11
v -108.43613 43.91111 -8
v -108.43613 43.91111 11
v -108.43613 43.91111 -8
v -107.81675 45.53333 11
v -107.81675 45.53333 -8
v -49.49393 0.35556 11
v -49.49393 0.35556 -8
v -48.23918 1.42222 11
v -48.23918 1.42222 -8
v -48.23918 1.42222 11
v -48.23918 1.42222 -8
v -47.57015 3.2 11
v -47.57015 3.2 -8
v -47.57015 3.2 11
v -47.57015 3.2 -8
v -42.39789 32.53333 11
v -42.39789 32.53333 -8
v -42.39789 32.53333 11
v -42.39789 32.53333 -8
v -30.44231 14.13333 11
v -30.44231 14.13333 -8
v -30.44231 14.13333 11
v -30.44231 14.13333 -8
v -32.37015 3.2 11
v -32.37015 3.2 -8
v -32.37015 3.2 11
v -32.37015 3.2 -8
v -32.32807 1.42222 11
v -32.32807 1.42222 -8
v -32.32807 1.42222 11
v -32.32807 1.42222 -8
v -31.44948 0.35556 11
v -31.44948 0.35556 -8
v -31.44948 0.35556 11
v -31.44948 0.35556 -8
v -29.7344 0 11
v -29.7344 0 -8
v -29.7344 0 11
v -29.7344 0 -8
v -16.40107 0 11
v -16.40107 0 -8
v -16.40107 0 11
v -16.40107 0 -8
v -14.56059 0.35556 11
v -14.56059 0.35556 -8
v -14.56059 0.35556 11
v -14.56059 0.35556 -8
v -13.30584 1.42222 11
v -13.30584 1.42222 -8
v -13.30584 1.42222 11
v -13.30584 1.42222 -8
v -12.63682 3.2 11
v -12.63682 3.2 -8
v -12.63682 3.2 11
v -12.63682 3.2 -8
v -2.48039 60.8 11
v -2.48039 60.8 -8
v -2.48039 60.8 11
v -2.48039 60.8 -8
v -2.52247 62.57778 11
v -2.52247 62.57778 -8
v -2.52247 62.57778 11
v -2.52247 62.57778 -8
v -3.40106 63.64444 11
v -3.40106 63.64444 -8
v -3.40106 63.64444 11
v -3.40106 63.64444 -8
v -5.11614 64 11
v -5.11614 64 -8
v -5.11614 64 11
v -5.11614 64 -8
v -18.44947 64 11
v -18.44947 64 -8
v -18.44947 64 11
v -18.44947 64 -8
v -20.28994 63.64444 11
v -20.28994 63.64444 -8
v -20.28994 63.64444 11
v -20.28994 63.64444 -8
v -21.54469 62.57778 11
v -21.54469 62.57778 -8
v -21.54469 62.57778 11
v -21.54469 62.57778 -8
v -22.21372 60.8 11
v -22.21372 60.8 -8
v -22.21372 60.8 11
v -22.21372 60.8 -8
v -25.55218 41.86667 11
v -25.55218 41.86667 -8
v -25.55218 41.86667 11
v -25.55218 41.86667 -8
v -39.3171 61.6 11
v -39.3171 61.6 -8
v -39.3171 61.6 11
v -39.3171 61.6 -8
v -40.57336 62.93333 11
v -40.57336 62.93333 -8
v -40.57336 62.93333 11
v -40.57336 62.93333 -8
v -42.18044 63.73333 11
v -42.18044 63.73333 -8
v -42.18044 63.73333 11
v -42.18044 63.73333 -8
v -44.13836 64 11
v -44.13836 64 -8
v -44.13836 64 11
v -44.13836 64 -8
v -53.38281 64 11
v -53.38281 64 -8
v -53.38281 64 11
v -53.38281 64 -8
v -55.22328 63.64444 11
v -55.22328 63.64444 -8
v -55.22328 63.64444 11
v -55.22328 63.64444 -8
v -56.47803 62.57778 11
v -56.47803 62.57778 -8
v -56.47803 62.57778 11
v -56.47803 62.57778 -8
v -57.14705 60.8 11
v -57.14705 60.8 -8
v -57.14705 60.8 11
v -57.14705 60.8 -8
v -67.30349 3.2 11
v -67.30349 3.2 -8
v -67.30349 3.2 11
v -67.30349 3.2 -8
v -67.2614 1.42222 11
v -67.2614 1.42222 -8
v -67.2614 1.42222 11
v -67.2614 1.42222 -8
v -66.38282 0.35556 11
v -66.38282 0.35556 -8
v -66.38282 0.35556 11
v -66.38282 0.35556 -8
v -64.66773 0 11
v -64.66773 0 -8
v -64.66773 0 11
v -64.66773 0 -8
v -51.3344 0 11
v -51.3344 0 -8
v -51.3344 0 11
v -51.3344 0 -8
v -49.49393 0.35556 11
v -49.49393 0.35556 -8
v 41.79496 0.35556 11
v 41.79496 0.35556 -8
v 43.04971 1.42222 11
v 43.04971 1.42222 -8
v 43.04971 1.42222 11
v 43.04971 1.42222 -8
v 43.71874 3.2 11
v 43.71874 3.2 -8
v 43.71874 3.2 11
v 43.71874 3.2 -8
v 46.79074 20.62222 11
v 46.79074 20.62222 -8
v 46.79074 20.62222 11
v 46.79074 20.62222 -8
v 59.23519 20.62222 11
v 59.23519 20.62222 -8
v 59.23519 20.62222 11
v 59.23519 20.62222 -8
v 60.78489 20.4 11
v 60.78489 20.4 -8
v 60.78489 20.4 11
v 60.78489 20.4 -8
v 61.70068 19.73333 11
v 61.70068 19.73333 -8
v 61.70068 19.73333 11
v 61.70068 19.73333 -8
v 62.05967 18.55556 11
v 62.05967 18.55556 -8
v 62.05967 18.55556 11
v 62.05967 18.55556 -8
v 61.93901 16.8 11
v 61.93901 16.8 -8
v 61.93901 16.8 11
v 61.93901 16.8 -8
v 59.54096 3.2 11
v 59.54096 3.2 -8
v 59.54096 3.2 11
v 59.54096 3.2 -8
v 59.58304 1.42222 11
v 59.58304 1.42222 -8
v 59.58304 1.42222 11
v 59.58304 1.42222 -8
v 60.46163 0.35556 11
v 60.46163 0.35556 -8
v 60.46163 0.35556 11
v 60.46163 0.35556 -8
v 62.17671 0 11
v 62.17671 0 -8
v 62.17671 0 11
v 62.17671 0 -8
v 75.95449 0 11
v 75.95449 0 -8
v 75.95449 0 11
v 75.95449 0 -8
v 77.79496 0.35556 11
v 77.79496 0.35556 -8
v 77.79496 0.35556 11
v 77.79496 0.35556 -8
v 79.04971 1.42222 11
v 79.04971 1.42222 -8
v 79.04971 1.42222 11
v 79.04971 1.42222 -8
v 79.71874 3.2 11
v 79.71874 3.2 -8
v 79.71874 3.2 11
v 79.71874 3.2 -8
v 83.04152 22.04444 11
v 83.04152 22.04444 -8
v 83.04152 22.04444 11
v 83.04152 22.04444 -8
v 83.30349 24.19556 11
v 83.30349 24.19556 -8
v 83.30349 24.19556 11
v 83.30349 24.19556 -8
v 83.29944 26.16889 11
v 83.29944 26.16889 -8
v 83.29944 26.16889 11
v 83.29944 26.16889 -8
v 83.02938 27.96444 11
v 83.02938 27.96444 -8
v 83.02938 27.96444 11
v 83.02938 27.96444 -8
v 82.4933 29.58222 11
v 82.4933 29.58222 -8
v 82.4933 29.58222 11
v 82.4933 29.58222 -8
v 81.69121 31.02222 11
v 81.69121 31.02222 -8
v 81.69121 31.02222 11
v 81.69121 31.02222 -8
v 80.65783 32.25956 11
v 80.65783 32.25956 -8
v 80.65783 32.25956 11
v 80.65783 32.25956 -8
v 79.42788 33.26933 11
v 79.42788 33.26933 -8
v 79.42788 33.26933 11
v 79.42788 33.26933 -8
v 78.00136 34.05156 11
v 78.00136 34.05156 -8
v 78.00136 34.05156 11
v 78.00136 34.05156 -8
v 76.37828 34.60622 11
v 76.37828 34.60622 -8
v 76.37828 34.60622 11
v 76.37828 34.60622 -8
v 74.55862 34.93333 11
v 74.55862 34.93333 -8
v 74.55862 34.93333 11
v 74.55862 34.93333 -8
v 76.4298 35.91111 11
v 76.4298 35.91111 -8
v 76.4298 35.91111 11
v 76.4298 35.91111 -8
v 77.95815 37.18519 11
v 77.95815 37.18519 -8
v 77.95815 37.18519 11
v 77.95815 37.18519 -8
v 79.1437 38.75556 11
v 79.1437 38.75556 -8
v 79.1437 38.75556 11
v 79.1437 38.75556 -8
v 79.85036 40.11667 11
v 79.85036 40.11667 -8
v 79.85036 40.11667 11
v 79.85036 40.11667 -8
v 80.44917 41.62222 11
v 80.44917 41.62222 -8
v 80.44917 41.62222 11
v 80.44917 41.62222 -8
v 80.94011 43.27222 11
v 80.94011 43.27222 -8
v 80.94011 43.27222 11
v 80.94011 43.27222 -8
v 81.32318 45.06667 11
v 81.32318 45.06667 -8
v 81.32318 45.06667 11
v 81.32318 45.06667 -8
v 82.04416 49.15556 11
v 82.04416 49.15556 -8
v 82.04416 49.15556 11
v 82.04416 49.15556 -8
v 82.32376 51.30833 11
v 82.32376 51.30833 -8
v 82.32376 51.30833 11
v 82.32376 51.30833 -8
v 82.37886 53.32222 11
v 82.37886 53.32222 -8
v 82.37886 53.32222 11
v 82.37886 53.32222 -8
v 82.20947 55.19722 11
v 82.20947 55.19722 -8
v 82.20947 55.19722 11
v 82.20947 55.19722 -8
v 81.81559 56.93333 11
v 81.81559 56.93333 -8
v 81.81559 56.93333 11
v 81.81559 56.93333 -8
v 81.15442 58.50833 11
v 81.15442 58.50833 -8
v 81.15442 58.50833 11
v 81.15442 58.50833 -8
v 80.18314 59.9 11
v 80.18314 59.9 -8
v 80.18314 59.9 11
v 80.18314 59.9 -8
v 78.90176 61.10833 11
v 78.90176 61.10833 -8
v 78.90176 61.10833 11
v 78.90176 61.10833 -8
v 77.31027 62.13333 11
v 77.31027 62.13333 -8
v 77.31027 62.13333 11
v 77.31027 62.13333 -8
v 76.05776 62.7037 11
v 76.05776 62.7037 -8
v 76.05776 62.7037 11
v 76.05776 62.7037 -8
v 74.62893 63.17037 11
v 74.62893 63.17037 -8
v 74.62893 63.17037 11
v 74.62893 63.17037 -8
v 73.0238 63.53333 11
v 73.0238 63.53333 -8
v 73.0238 63.53333 11
v 73.0238 63.53333 -8
v 71.24235 63.79259 11
v 71.24235 63.79259 -8
v 71.24235 63.79259 11
v 71.24235 63.79259 -8
v 69.28459 63.94815 11
v 69.28459 63.94815 -8
v 69.28459 63.94815 11
v 69.28459 63.94815 -8
v 67.15053 64 11
v 67.15053 64 -8
v 67.15053 64 11
v 67.15053 64 -8
v 37.55053 64 11
v 37.55053 64 -8
v 37.55053 64 11
v 37.55053 64 -8
v 35.71006 63.64444 11
v 35.71006 63.64444 -8
v 35.71006 63.64444 11
v 35.71006 63.64444 -8
v 34.45531 62.57778 11
v 34.45531 62.57778 -8
v 34.45531 62.57778 11
v 34.45531 62.57778 -8
v 33.78628 60.8 11
v 33.78628 60.8 -8
v 33.78628 60.8 11
v 33.78628 60.8 -8
v 23.62985 3.2 11
v 23.62985 3.2 -8
v 23.62985 3.2 11
v 23.62985 3.2 -8
v 23.67193 1.42222 11
v 23.67193 1.42222 -8
v 23.67193 1.42222 11
v 23.67193 1.42222 -8
v 24.55052 0.35556 11
v 24.55052 0.35556 -8
v 24.55052 0.35556 11
v 24.55052 0.35556 -8
v 26.2656 0 11
v 26.2656 0 -8
v 26.2656 0 11
v 26.2656 0 -8
v 39.95449 0 11
v 39.95449 0 -8
v 39.95449 0 11
v 39.95449 0 -8
v 41.79496 0.35556 11
v 41.79496 0.35556 -8
v 60.16529 47.7 11
v 60.16529 47.7 -8
v 61.18437 46.8 11
v 61.18437 46.8 -8
v 61.18437 46.8 11
v 61.18437 46.8 -8
v 61.54731 45.45556 11
v 61.54731 45.45556 -8
v 61.54731 45.45556 11
v 61.54731 45.45556 -8
v 61.45931 43.82222 11
v 61.45931 43.82222 -8
v 61.45931 43.82222 11
v 61.45931 43.82222 -8
v 60.92641 40.8 11
v 60.92641 40.8 -8
v 60.92641 40.8 11
v 60.92641 40.8 -8
v 60.43841 39.16667 11
v 60.43841 39.16667 -8
v 60.43841 39.16667 11
v 60.43841 39.16667 -8
v 59.60135 37.82222 11
v 59.60135 37.82222 -8
v 59.60135 37.82222 11
v 59.60135 37.82222 -8
v 58.26487 36.92222 11
v 58.26487 36.92222 -8
v 58.26487 36.92222 11
v 58.26487 36.92222 -8
v 56.27864 36.62222 11
v 56.27864 36.62222 -8
v 56.27864 36.62222 11
v 56.27864 36.62222 -8
v 49.61198 36.62222 11
v 49.61198 36.62222 -8
v 49.61198 36.62222 11
v 49.61198 36.62222 -8
v 51.61819 48 11
v 51.61819 48 -8
v 51.61819 48 11
v 51.61819 48 -8
v 58.28485 48 11
v 58.28485 48 -8
v 58.28485 48 11
v 58.28485 48 -8
v 60.16529 47.7 11
v 60.16529 47.7 -8
v 127.73525 15.64444 11
v 127.73525 15.64444 -8
v 125.54096 3.2 11
v 125.54096 3.2 -8
v 125.54096 3.2 11
v 125.54096 3.2 -8
v 125.61267 1.42222 11
v 125.61267 1.42222 -8
v 125.61267 1.42222 11
v 125.61267 1.42222 -8
v 126.58015 0.35556 11
v 126.58015 0.35556 -8
v 126.58015 0.35556 11
v 126.58015 0.35556 -8
v 128.44338 0 11
v 128.44338 0 -8
v 128.44338 0 11
v 128.44338 0 -8
v 141.8656 0 11
v 141.8656 0 -8
v 141.8656 0 11
v 141.8656 0 -8
v 143.70607 0.35556 11
v 143.70607 0.35556 -8
v 143.70607 0.35556 11
v 143.70607 0.35556 -8
v 144.96082 1.42222 11
v 144.96082 1.42222 -8
v 144.96082 1.42222 11
v 144.96082 1.42222 -8
v 145.62985 3.2 11
v 145.62985 3.2 -8
v 145.62985 3.2 11
v 145.62985 3.2 -8
v 149.76765 26.66667 11
v 149.76765 26.66667 -8
v 149.76765 26.66667 11
v 149.76765 26.66667 -8
v 149.9588 28.05 11
v 149.9588 28.05 -8
v 149.9588 28.05 11
v 149.9588 28.05 -8
v 150.06201 29.53333 11
v 150.06201 29.53333 -8
v 150.06201 29.53333 11
v 150.06201 29.53333 -8
v 150.07731 31.11667 11
v 150.07731 31.11667 -8
v 150.07731 31.11667 11
v 150.07731 31.11667 -8
v 150.00468 32.8 11
v 150.00468 32.8 -8
v 150.00468 32.8 11
v 150.00468 32.8 -8
v 149.88223 34.23289 11
v 149.88223 34.23289 -8
v 149.88223 34.23289 11
v 149.88223 34.23289 -8
v 149.70141 35.75822 11
v 149.70141 35.75822 -8
v 149.70141 35.75822 11
v 149.70141 35.75822 -8
v 149.46222 37.376 11
v 149.46222 37.376 -8
v 149.46222 37.376 11
v 149.46222 37.376 -8
v 149.16467 39.08622 11
v 149.16467 39.08622 -8
v 149.16467 39.08622 11
v 149.16467 39.08622 -8
v 148.80875 40.88889 11
v 148.80875 40.88889 -8
v 148.80875 40.88889 11
v 148.80875 40.88889 -8
v 144.6333 61.06667 11
v 144.6333 61.06667 -8
v 144.6333 61.06667 11
v 144.6333 61.06667 -8
v 143.99225 62.6963 11
v 143.99225 62.6963 -8
v 143.99225 62.6963 11
v 143.99225 62.6963 -8
v 142.68318 63.67407 11
v 142.68318 63.67407 -8
v 142.68318 63.67407 11
v 142.68318 63.67407 -8
v 140.70608 64 11
v 140.70608 64 -8
v 140.70608 64 11
v 140.70608 64 -8
v 116.79497 64 11
v 116.79497 64 -8
v 116.79497 64 11
v 116.79497 64 -8
v 114.65355 63.67407 11
v 114.65355 63.67407 -8
v 114.65355 63.67407 11
v 114.65355 63.67407 -8
v 112.97003 62.6963 11
v 112.97003 62.6963 -8
v 112.97003 62.6963 11
v 112.97003 62.6963 -8
v 111.74441 61.06667 11
v 111.74441 61.06667 -8
v 111.74441 61.06667 11
v 111.74441 61.06667 -8
v 100.45319 40.88889 11
v 100.45319 40.88889 -8
v 100.45319 40.88889 11
v 100.45319 40.88889 -8
v 99.46156 39.08622 11
v 99.46156 39.08622 -8
v 99.46156 39.08622 11
v 99.46156 39.08622 -8
v 98.56089 37.376 11
v 98.56089 37.376 -8
v 98.56089 37.376 11
v 98.56089 37.376 -8
v 97.75118 35.75822 11
v 97.75118 35.75822 -8
v 97.75118 35.75822 11
v 97.75118 35.75822 -8
v 97.03245 34.23289 11
v 97.03245 34.23289 -8
v 97.03245 34.23289 11
v 97.03245 34.23289 -8
v 96.40468 32.8 11
v 96.40468 32.8 -8
v 96.40468 32.8 11
v 96.40468 32.8 -8
v 95.73842 31.11667 11
v 95.73842 31.11667 -8
v 95.73842 31.11667 11
v 95.73842 31.11667 -8
v 95.19535 29.53333 11
v 95.19535 29.53333 -8
v 95.19535 29.53333 11
v 95.19535 29.53333 -8
v 94.77546 28.05 11
v 94.77546 28.05 -8
v 94.77546 28.05 11
v 94.77546 28.05 -8
v 94.47877 26.66667 11
v 94.47877 26.66667 -8
v 94.47877 26.66667 11
v 94.47877 26.66667 -8
v 90.34096 3.2 11
v 90.34096 3.2 -8
v 90.34096 3.2 11
v 90.34096 3.2 -8
v 90.38304 1.42222 11
v 90.38304 1.42222 -8
v 90.38304 1.42222 11
v 90.38304 1.42222 -8
v 91.26163 0.35556 11
v 91.26163 0.35556 -8
v 91.26163 0.35556 11
v 91.26163 0.35556 -8
v 92.97671 0 11
v 92.97671 0 -8
v 92.97671 0 11
v 92.97671 0 -8
v 106.04338 0 11
v 106.04338 0 -8
v 106.04338 0 11
v 106.04338 0 -8
v 107.88385 0.35556 11
v 107.88385 0.35556 -8
v 107.88385 0.35556 11
v 107.88385 0.35556 -8
v 109.1386 1.42222 11
v 109.1386 1.42222 -8
v 109.1386 1.42222 11
v 109.1386 1.42222 -8
v 109.80763 3.2 11
v 109.80763 3.2 -8
v 109.80763 3.2 11
v 109.80763 3.2 -8
v 112.00192 15.64444 11
v 112.00192 15.64444 -8
v 112.00192 15.64444 11
v 112.00192 15.64444 -8
v 127.73525 15.64444 11
v 127.73525 15.64444 -8
v 123.23671 46.46667 11
v 123.23671 46.46667 -8
v 124.25887 46.84444 11
v 124.25887 46.84444 -8
v 124.25887 46.84444 11
v 124.25887 46.84444 -8
v 126.4811 46.84444 11
v 126.4811 46.84444 -8
v 126.4811 46.84444 11
v 126.4811 46.84444 -8
v 127.37004 46.46667 11
v 127.37004 46.46667 -8
v 127.37004 46.46667 11
v 127.37004 46.46667 -8
v 127.90354 45.33333 11
v 127.90354 45.33333 -8
v 127.90354 45.33333 11
v 127.90354 45.33333 -8
v 129.69894 31.82222 11
v 129.69894 31.82222 -8
v 129.69894 31.82222 11
v 129.69894 31.82222 -8
v 115.74338 31.82222 11
v 115.74338 31.82222 -8
v 115.74338 31.82222 11
v 115.74338 31.82222 -8
v 122.30354 45.33333 11
v 122.30354 45.33333 -8
v 122.30354 45.33333 11
v 122.30354 45.33333 -8
v 123.23671 46.46667 11
v 123.23671 46.46667 -8
v 202.41718 0.35556 11
v 202.41718 0.35556 -8
v 203.67193 1.42222 11
v 203.67193 1.42222 -8
v 203.67193 1.42222 11
v 203.67193 1.42222 -8
v 204.34096 3.2 11
v 204.34096 3.2 -8
v 204.34096 3.2 11
v 204.34096 3.2 -8
v 206.20611 13.77778 11
v 206.20611 13.77778 -8
v 206.20611 13.77778 11
v 206.20611 13.77778 -8
v 206.16402 15.55556 11
v 206.16402 15.55556 -8
v 206.16402 15.55556 11
v 206.16402 15.55556 -8
v 205.28544 16.62222 11
v 205.28544 16.62222 -8
v 205.28544 16.62222 11
v 205.28544 16.62222 -8
v 203.57035 16.97778 11
v 203.57035 16.97778 -8
v 203.57035 16.97778 11
v 203.57035 16.97778 -8
v 185.70369 16.97778 11
v 185.70369 16.97778 -8
v 185.70369 16.97778 11
v 185.70369 16.97778 -8
v 183.37848 17.24444 11
v 183.37848 17.24444 -8
v 183.37848 17.24444 11
v 183.37848 17.24444 -8
v 181.8251 18.04444 11
v 181.8251 18.04444 -8
v 181.8251 18.04444 11
v 181.8251 18.04444 -8
v 181.04354 19.37778 11
v 181.04354 19.37778 -8
v 181.04354 19.37778 11
v 181.04354 19.37778 -8
v 181.03379 21.24444 11
v 181.03379 21.24444 -8
v 181.03379 21.24444 11
v 181.03379 21.24444 -8
v 184.76409 42.4 11
v 184.76409 42.4 -8
v 184.76409 42.4 11
v 184.76409 42.4 -8
v 185.44583 44.34444 11
v 185.44583 44.34444 -8
v 185.44583 44.34444 11
v 185.44583 44.34444 -8
v 186.7074 45.73333 11
v 186.7074 45.73333 -8
v 186.7074 45.73333 11
v 186.7074 45.73333 -8
v 188.54878 46.56667 11
v 188.54878 46.56667 -8
v 188.54878 46.56667 11
v 188.54878 46.56667 -8
v 190.96998 46.84444 11
v 190.96998 46.84444 -8
v 190.96998 46.84444 11
v 190.96998 46.84444 -8
v 208.83665 46.84444 11
v 208.83665 46.84444 -8
v 208.83665 46.84444 11
v 208.83665 46.84444 -8
v 210.67712 47.2 11
v 210.67712 47.2 -8
v 210.67712 47.2 11
v 210.67712 47.2 -8
v 211.93187 48.26667 11
v 211.93187 48.26667 -8
v 211.93187 48.26667 11
v 211.93187 48.26667 -8
v 212.6009 50.04444 11
v 212.6009 50.04444 -8
v 212.6009 50.04444 11
v 212.6009 50.04444 -8
v 214.49739 60.8 11
v 214.49739 60.8 -8
v 214.49739 60.8 11
v 214.49739 60.8 -8
v 214.45531 62.57778 11
v 214.45531 62.57778 -8
v 214.45531 62.57778 11
v 214.45531 62.57778 -8
v 213.57672 63.64444 11
v 213.57672 63.64444 -8
v 213.57672 63.64444 11
v 213.57672 63.64444 -8
v 211.86164 64 11
v 211.86164 64 -8
v 211.86164 64 11
v 211.86164 64 -8
v 190.17275 64 11
v 190.17275 64 -8
v 190.17275 64 11
v 190.17275 64 -8
v 187.74661 63.94513 11
v 187.74661 63.94513 -8
v 187.74661 63.94513 11
v 187.74661 63.94513 -8
v 185.44598 63.78052 11
v 185.44598 63.78052 -8
v 185.44598 63.78052 11
v 185.44598 63.78052 -8
v 183.27086 63.50617 11
v 183.27086 63.50617 -8
v 183.27086 63.50617 11
v 183.27086 63.50617 -8
v 181.22124 63.12209 11
v 181.22124 63.12209 -8
v 181.22124 63.12209 11
v 181.22124 63.12209 -8
v 179.29713 62.62826 11
v 179.29713 62.62826 -8
v 179.29713 62.62826 11
v 179.29713 62.62826 -8
v 177.49852 62.02469 11
v 177.49852 62.02469 -8
v 177.49852 62.02469 11
v 177.49852 62.02469 -8
v 175.82542 61.31139 11
v 175.82542 61.31139 -8
v 175.82542 61.31139 11
v 175.82542 61.31139 -8
v 174.27783 60.48834 11
v 174.27783 60.48834 -8
v 174.27783 60.48834 11
v 174.27783 60.48834 -8
v 172.85574 59.55556 11
v 172.85574 59.55556 -8
v 172.85574 59.55556 11
v 172.85574 59.55556 -8
v 171.39635 58.36806 11
v 171.39635 58.36806 -8
v 171.39635 58.36806 11
v 171.39635 58.36806 -8
v 170.07669 57.02778 11
v 170.07669 57.02778 -8
v 170.07669 57.02778 11
v 170.07669 57.02778 -8
v 168.89676 55.53472 11
v 168.89676 55.53472 -8
v 168.89676 55.53472 11
v 168.89676 55.53472 -8
v 167.85656 53.88889 11
v 167.85656 53.88889 -8
v 167.85656 53.88889 11
v 167.85656 53.88889 -8
v 166.95608 52.09028 11
v 166.95608 52.09028 -8
v 166.95608 52.09028 11
v 166.95608 52.09028 -8
v 166.19533 50.13889 11
v 166.19533 50.13889 -8
v 166.19533 50.13889 11
v 166.19533 50.13889 -8
v 165.57431 48.03472 11
v 165.57431 48.03472 -8
v 165.57431 48.03472 11
v 165.57431 48.03472 -8
v 165.09301 45.77778 11
v 165.09301 45.77778 -8
v 165.09301 45.77778 11
v 165.09301 45.77778 -8
v 160.21855 18.13333 11
v 160.21855 18.13333 -8
v 160.21855 18.13333 11
v 160.21855 18.13333 -8
v 159.9076 15.89722 11
v 159.9076 15.89722 -8
v 159.9076 15.89722 11
v 159.9076 15.89722 -8
v 159.78976 13.81111 11
v 159.78976 13.81111 -8
v 159.78976 13.81111 11
v 159.78976 13.81111 -8
v 159.86504 11.875 11
v 159.86504 11.875 -8
v 159.86504 11.875 11
v 159.86504 11.875 -8
v 160.13343 10.08889 11
v 160.13343 10.08889 -8
v 160.13343 10.08889 11
v 160.13343 10.08889 -8
v 160.59494 8.45278 11
v 160.59494 8.45278 -8
v 160.59494 8.45278 11
v 160.59494 8.45278 -8
v 161.24957 6.96667 11
v 161.24957 6.96667 -8
v 161.24957 6.96667 11
v 161.24957 6.96667 -8
v 162.09731 5.63056 11
v 162.09731 5.63056 -8
v 162.09731 5.63056 11
v 162.09731 5.63056 -8
v 163.13817 4.44444 11
v 163.13817 4.44444 -8
v 163.13817 4.44444 11
v 163.13817 4.44444 -8
v 164.2313 3.51166 11
v 164.2313 3.51166 -8
v 164.2313 3.51166 11
v 164.2313 3.51166 -8
v 165.48865 2.68861 11
v 165.48865 2.68861 -8
v 165.48865 2.68861 11
v 165.48865 2.68861 -8
v 166.9102 1.97531 11
v 166.9102 1.97531 -8
v 166.9102 1.97531 11
v 166.9102 1.97531 -8
v 168.49595 1.37174 11
v 168.49595 1.37174 -8
v 168.49595 1.37174 11
v 168.49595 1.37174 -8
v 170.24592 0.87791 11
v 170.24592 0.87791 -8
v 170.24592 0.87791 11
v 170.24592 0.87791 -8
v 172.16008 0.49383 11
v 172.16008 0.49383 -8
v 172.16008 0.49383 11
v 172.16008 0.49383 -8
v 174.23846 0.21948 11
v 174.23846 0.21948 -8
v 174.23846 0.21948 11
v 174.23846 0.21948 -8
v 176.48104 0.05487 11
v 176.48104 0.05487 -8
v 176.48104 0.05487 11
v 176.48104 0.05487 -8
v 178.88782 0 11
v 178.88782 0 -8
v 178.88782 0 11
v 178.88782 0 -8
v 200.57671 0 11
v 200.57671 0 -8
v 200.57671 0 11
v 200.57671 0 -8
v 202.41718 0.35556 11
v 202.41718 0.35556 -8
v 262.10607 0.35556 11
v 262.10607 0.35556 -8
v 263.36082 1.42222 11
v 263.36082 1.42222 -8
v 263.36082 1.42222 11
v 263.36082 1.42222 -8
v 264.02985 3.2 11
v 264.02985 3.2 -8
v 264.02985 3.2 11
v 264.02985 3.2 -8
v 265.86365 13.6 11
v 265.86365 13.6 -8
v 265.86365 13.6 11
v 265.86365 13.6 -8
v 265.82156 15.37778 11
v 265.82156 15.37778 -8
v 265.82156 15.37778 11
v 265.82156 15.37778 -8
v 264.94298 16.44444 11
v 264.94298 16.44444 -8
v 264.94298 16.44444 11
v 264.94298 16.44444 -8
v 263.22789 16.8 11
v 263.22789 16.8 -8
v 263.22789 16.8 11
v 263.22789 16.8 -8
v 238.69456 16.8 11
v 238.69456 16.8 -8
v 238.69456 16.8 11
v 238.69456 16.8 -8
v 240.04248 24.44444 11
v 240.04248 24.44444 -8
v 240.04248 24.44444 11
v 240.04248 24.44444 -8
v 257.37582 24.44444 11
v 257.37582 24.44444 -8
v 257.37582 24.44444 11
v 257.37582 24.44444 -8
v 259.21629 24.8 11
v 259.21629 24.8 -8
v 259.21629 24.8 11
v 259.21629 24.8 -8
v 260.47104 25.86667 11
v 260.47104 25.86667 -8
v 260.47104 25.86667 11
v 260.47104 25.86667 -8
v 261.14006 27.64444 11
v 261.14006 27.64444 -8
v 261.14006 27.64444 11
v 261.14006 27.64444 -8
v 262.81713 37.15556 11
v 262.81713 37.15556 -8
v 262.81713 37.15556 11
v 262.81713 37.15556 -8
v 262.77504 38.93333 11
v 262.77504 38.93333 -8
v 262.77504 38.93333 11
v 262.77504 38.93333 -8
v 261.89646 40 11
v 261.89646 40 -8
v 261.89646 40 11
v 261.89646 40 -8
v 260.18137 40.35556 11
v 260.18137 40.35556 -8
v 260.18137 40.35556 11
v 260.18137 40.35556 -8
v 242.84804 40.35556 11
v 242.84804 40.35556 -8
v 242.84804 40.35556 11
v 242.84804 40.35556 -8
v 244.0549 47.2 11
v 244.0549 47.2 -8
v 244.0549 47.2 11
v 244.0549 47.2 -8
v 268.58823 47.2 11
v 268.58823 47.2 -8
v 268.58823 47.2 11
v 268.58823 47.2 -8
v 270.42871 47.55556 11
v 270.42871 47.55556 -8
v 270.42871 47.55556 11
v 270.42871 47.55556 -8
v 271.68346 48.62222 11
v 271.68346 48.62222 -8
v 271.68346 48.62222 11
v 271.68346 48.62222 -8
v 272.35248 50.4 11
v 272.35248 50.4 -8
v 272.35248 50.4 11
v 272.35248 50.4 -8
v 274.18628 60.8 11
v 274.18628 60.8 -8
v 274.18628 60.8 11
v 274.18628 60.8 -8
v 274.1442 62.57778 11
v 274.1442 62.57778 -8
v 274.1442 62.57778 11
v 274.1442 62.57778 -8
v 273.26561 63.64444 11
v 273.26561 63.64444 -8
v 273.26561 63.64444 11
v 273.26561 63.64444 -8
v 271.55053 64 11
v 271.55053 64 -8
v 271.55053 64 11
v 271.55053 64 -8
v 230.30608 64 11
v 230.30608 64 -8
v 230.30608 64 11
v 230.30608 64 -8
v 228.46561 63.64444 11
v 228.46561 63.64444 -8
v 228.46561 63.64444 11
v 228.46561 63.64444 -8
v 227.21086 62.57778 11
v 227.21086 62.57778 -8
v 227.21086 62.57778 11
v 227.21086 62.57778 -8
v 226.54184 60.8 11
v 226.54184 60.8 -8
v 226.54184 60.8 11
v 226.54184 60.8 -8
v 216.3854 3.2 11
v 216.3854 3.2 -8
v 216.3854 3.2 11
v 216.3854 3.2 -8
v 216.42749 1.42222 11
v 216.42749 1.42222 -8
v 216.42749 1.42222 11
v 216.42749 1.42222 -8
v 217.30607 0.35556 11
v 217.30607 0.35556 -8
v 217.30607 0.35556 11
v 217.30607 0.35556 -8
v 219.02116 0 11
v 219.02116 0 -8
v 219.02116 0 11
v 219.02116 0 -8
v 260.2656 0 11
v 260.2656 0 -8
v 260.2656 0 11
v 260.2656 0 -8
v 262.10607 0.35556 11
v 262.10607 0.35556 -8
v 294.68385 0.35556 11
v 294.68385 0.35556 -8
v 295.9386 1.42222 11
v 295.9386 1.42222 -8
v 295.9386 1.42222 11
v 295.9386 1.42222 -8
v 296.60763 3.2 11
v 296.60763 3.2 -8
v 296.60763 3.2 11
v 296.60763 3.2 -8
v 299.67963 20.62222 11
v 299.67963 20.62222 -8
v 299.67963 20.62222 11
v 299.67963 20.62222 -8
v 312.12408 20.62222 11
v 312.12408 20.62222 -8
v 312.12408 20.62222 11
v 312.12408 20.62222 -8
v 313.67378 20.4 11
v 313.67378 20.4 -8
v 313.67378 20.4 11
v 313.67378 20.4 -8
v 314.58956 19.73333 11
v 314.58956 19.73333 -8
v 314.58956 19.73333 11
v 314.58956 19.73333 -8
v 314.94856 18.55556 11
v 314.94856 18.55556 -8
v 314.94856 18.55556 11
v 314.94856 18.55556 -8
v 314.82789 16.8 11
v 314.82789 16.8 -8
v 314.82789 16.8 11
v 314.82789 16.8 -8
v 312.42985 3.2 11
v 312.42985 3.2 -8
v 312.42985 3.2 11
v 312.42985 3.2 -8
v 312.47193 1.42222 11
v 312.47193 1.42222 -8
v 312.47193 1.42222 11
v 312.47193 1.42222 -8
v 313.35052 0.35556 11
v 313.35052 0.35556 -8
v 313.35052 0.35556 11
v 313.35052 0.35556 -8
v 315.0656 0 11
v 315.0656 0 -8
v 315.0656 0 11
v 315.0656 0 -8
v 328.84338 0 11
v 328.84338 0 -8
v 328.84338 0 11
v 328.84338 0 -8
v 330.68385 0.35556 11
v 330.68385 0.35556 -8
v 330.68385 0.35556 11
v 330.68385 0.35556 -8
v 331.9386 1.42222 11
v 331.9386 1.42222 -8
v 331.9386 1.42222 11
v 331.9386 1.42222 -8
v 332.60763 3.2 11
v 332.60763 3.2 -8
v 332.60763 3.2 11
v 332.60763 3.2 -8
v 335.93041 22.04444 11
v 335.93041 22.04444 -8
v 335.93041 22.04444 11
v 335.93041 22.04444 -8
v 336.19237 24.19556 11
v 336.19237 24.19556 -8
v 336.19237 24.19556 11
v 336.19237 24.19556 -8
v 336.18833 26.16889 11
v 336.18833 26.16889 -8
v 336.18833 26.16889 11
v 336.18833 26.16889 -8
v 335.91826 27.96444 11
v 335.91826 27.96444 -8
v 335.91826 27.96444 11
v 335.91826 27.96444 -8
v 335.38219 29.58222 11
v 335.38219 29.58222 -8
v 335.38219 29.58222 11
v 335.38219 29.58222 -8
v 334.5801 31.02222 11
v 334.5801 31.02222 -8
v 334.5801 31.02222 11
v 334.5801 31.02222 -8
v 333.54672 32.25956 11
v 333.54672 32.25956 -8
v 333.54672 32.25956 11
v 333.54672 32.25956 -8
v 332.31677 33.26933 11
v 332.31677 33.26933 -8
v 332.31677 33.26933 11
v 332.31677 33.26933 -8
v 330.89025 34.05156 11
v 330.89025 34.05156 -8
v 330.89025 34.05156 11
v 330.89025 34.05156 -8
v 329.26717 34.60622 11
v 329.26717 34.60622 -8
v 329.26717 34.60622 11
v 329.26717 34.60622 -8
v 327.44751 34.93333 11
v 327.44751 34.93333 -8
v 327.44751 34.93333 11
v 327.44751 34.93333 -8
v 329.31869 35.91111 11
v 329.31869 35.91111 -8
v 329.31869 35.91111 11
v 329.31869 35.91111 -8
v 330.84704 37.18519 11
v 330.84704 37.18519 -8
v 330.84704 37.18519 11
v 330.84704 37.18519 -8
v 332.03258 38.75556 11
v 332.03258 38.75556 -8
v 332.03258 38.75556 11
v 332.03258 38.75556 -8
v 332.73925 40.11667 11
v 332.73925 40.11667 -8
v 332.73925 40.11667 11
v 332.73925 40.11667 -8
v 333.33806 41.62222 11
v 333.33806 41.62222 -8
v 333.33806 41.62222 11
v 333.33806 41.62222 -8
v 333.82899 43.27222 11
v 333.82899 43.27222 -8
v 333.82899 43.27222 11
v 333.82899 43.27222 -8
v 334.21207 45.06667 11
v 334.21207 45.06667 -8
v 334.21207 45.06667 11
v 334.21207 45.06667 -8
v 334.93305 49.15556 11
v 334.93305 49.15556 -8
v 334.93305 49.15556 11
v 334.93305 49.15556 -8
v 335.21264 51.30833 11
v 335.21264 51.30833 -8
v 335.21264 51.30833 11
v 335.21264 51.30833 -8
v 335.26775 53.32222 11
v 335.26775 53.32222 -8
v 335.26775 53.32222 11
v 335.26775 53.32222 -8
v 335.09836 55.19722 11
v 335.09836 55.19722 -8
v 335.09836 55.19722 11
v 335.09836 55.19722 -8
v 334.70448 56.93333 11
v 334.70448 56.93333 -8
v 334.70448 56.93333 11
v 334.70448 56.93333 -8
v 334.04331 58.50833 11
v 334.04331 58.50833 -8
v 334.04331 58.50833 11
v 334.04331 58.50833 -8
v 333.07203 59.9 11
v 333.07203 59.9 -8
v 333.07203 59.9 11
v 333.07203 59.9 -8
v 331.79065 61.10833 11
v 331.79065 61.10833 -8
v 331.79065 61.10833 11
v 331.79065 61.10833 -8
v 330.19916 62.13333 11
v 330.19916 62.13333 -8
v 330.19916 62.13333 11
v 330.19916 62.13333 -8
v 328.94665 62.7037 11
v 328.94665 62.7037 -8
v 328.94665 62.7037 11
v 328.94665 62.7037 -8
v 327.51782 63.17037 11
v 327.51782 63.17037 -8
v 327.51782 63.17037 11
v 327.51782 63.17037 -8
v 325.91269 63.53333 11
v 325.91269 63.53333 -8
v 325.91269 63.53333 11
v 325.91269 63.53333 -8
v 324.13124 63.79259 11
v 324.13124 63.79259 -8
v 324.13124 63.79259 11
v 324.13124 63.79259 -8
v 322.17348 63.94815 11
v 322.17348 63.94815 -8
v 322.17348 63.94815 11
v 322.17348 63.94815 -8
v 320.03942 64 11
v 320.03942 64 -8
v 320.03942 64 11
v 320.03942 64 -8
v 290.43942 64 11
v 290.43942 64 -8
v 290.43942 64 11
v 290.43942 64 -8
v 288.59894 63.64444 11
v 288.59894 63.64444 -8
v 288.59894 63.64444 11
v 288.59894 63.64444 -8
v 287.3442 62.57778 11
v 287.3442 62.57778 -8
v 287.3442 62.57778 11
v 287.3442 62.57778 -8
v 286.67517 60.8 11
v 286.67517 60.8 -8
v 286.67517 60.8 11
v 286.67517 60.8 -8
v 276.51874 3.2 11
v 276.51874 3.2 -8
v 276.51874 3.2 11
v 276.51874 3.2 -8
v 276.56082 1.42222 11
v 276.56082 1.42222 -8
v 276.56082 1.42222 11
v 276.56082 1.42222 -8
v 277.43941 0.35556 11
v 277.43941 0.35556 -8
v 277.43941 0.35556 11
v 277.43941 0.35556 -8
v 279.15449 0 11
v 279.15449 0 -8
v 279.15449 0 11
v 279.15449 0 -8
v 292.84338 0 11
v 292.84338 0 -8
v 292.84338 0 11
v 292.84338 0 -8
v 294.68385 0.35556 11
v 294.68385 0.35556 -8
v 313.05418 47.7 11
v 313.05418 47.7 -8
v 314.07326 46.8 11
v 314.07326 46.8 -8
v 314.07326 46.8 11
v 314.07326 46.8 -8
v 314.4362 45.45556 11
v 314.4362 45.45556 -8
v 314.4362 45.45556 11
v 314.4362 45.45556 -8
v 314.3482 43.82222 11
v 314.3482 43.82222 -8
v 314.3482 43.82222 11
v 314.3482 43.82222 -8
v 313.8153 40.8 11
v 313.8153 40.8 -8
v 313.8153 40.8 11
v 313.8153 40.8 -8
v 313.3273 39.16667 11
v 313.3273 39.16667 -8
v 313.3273 39.16667 11
v 313.3273 39.16667 -8
v 312.49023 37.82222 11
v 312.49023 37.82222 -8
v 312.49023 37.82222 11
v 312.49023 37.82222 -8
v 311.15376 36.92222 11
v 311.15376 36.92222 -8
v 311.15376 36.92222 11
v 311.15376 36.92222 -8
v 309.16753 36.62222 11
v 309.16753 36.62222 -8
v 309.16753 36.62222 11
v 309.16753 36.62222 -8
v 302.50086 36.62222 11
v 302.50086 36.62222 -8
v 302.50086 36.62222 11
v 302.50086 36.62222 -8
v 304.50707 48 11
v 304.50707 48 -8
v 304.50707 48 11
v 304.50707 48 -8
v 311.17374 48 11
v 311.17374 48 -8
v 311.17374 48 11
v 311.17374 48 -8
v 313.05418 47.7 11
v 313.05418 47.7 -8
vt 1.84766 0.1242
vt 1.8618 0.12595
vt 1.87262 0.12888
vt 1.88014 0.13298
vt 1.88955 0.14349
vt 1.89431 0.15625
vt 1.92725 0.34305
vt 1.92697 0.35573
vt 1.92123 0.36597
vt 1.91512 0.36992
vt 1.90531 0.37274
vt 1.89179 0.37444
vt 1.87455 0.375
vt 1.85739 0.37444
vt 1.84342 0.37274
vt 1.83264 0.36992
vt 1.82504 0.36597
vt 1.81542 0.35573
vt 1.81059 0.34305
vt 1.77765 0.15625
vt 1.778 0.14349
vt 1.78396 0.13298
vt 1.79014 0.12888
vt 1.79991 0.12595
vt 1.81327 0.1242
vt 1.83023 0.12361
vt 1.81584 0.15538
vt 1.80937 0.15623
vt 1.84084 0.3347
vt 1.84242 0.33883
vt 1.8441 0.34062
vt 1.84928 0.34198
vt 1.85979 0.34325
vt 1.87456 0.34373
vt 1.88933 0.34325
vt 1.89542 0.34248
vt 1.86404 0.16451
vt 1.86234 0.15995
vt 1.86059 0.158
vt 1.85574 0.15669
vt 1.84526 0.15538
vt 1.83026 0.15488
vt 1.82516 -0.04146
vt 1.82591 -0.04144
vt 1.84325 -0.04082
vt 1.84408 -0.04078
vt 1.86053 -0.03976
vt 1.86148 -0.03969
vt 1.87706 -0.03824
vt 1.87807 -0.03813
vt 1.89277 -0.03629
vt 1.89394 -0.03612
vt 1.90777 -0.03385
vt 1.90903 -0.03362
vt 1.92198 -0.03095
vt 1.92352 -0.03059
vt 1.94036 -0.02622
vt 1.9422 -0.02567
vt 1.9577 -0.02061
vt 1.95979 -0.01984
vt 1.97393 -0.01408
vt 1.97623 -0.01303
vt 1.98902 -0.00657
vt 1.99148 -0.00519
vt 2.00292 0.00196
vt 2.00555 0.0038
vt 2.0182 0.01363
vt 2.02082 0.01591
vt 2.03185 0.02666
vt 2.03436 0.02941
vt 2.04377 0.04106
vt 2.04601 0.04423
vt 2.0538 0.0568
vt 2.0554 0.05969
vt 2.06186 0.07308
vt 2.06288 0.07546
vt 2.0683 0.08959
vt 2.06911 0.09195
vt 2.07349 0.10681
vt 2.07408 0.10912
vt 2.07741 0.12472
vt 2.07762 0.12582
vt 2.11937 0.36262
vt 2.11955 0.36374
vt 2.12173 0.37934
vt 2.12197 0.38185
vt 2.12283 0.39672
vt 2.12287 0.39949
vt 2.12243 0.41362
vt 2.12219 0.41668
vt 2.12045 0.43007
vt 2.11964 0.43411
vt 2.11628 0.44668
vt 2.11453 0.45156
vt 2.10923 0.46321
vt 2.1067 0.46773
vt 2.09946 0.47847
vt 2.09639 0.48232
vt 2.08721 0.49216
vt 2.08393 0.4952
vt 2.07501 0.50237
vt 2.07189 0.50457
vt 2.06139 0.51107
vt 2.05852 0.51265
vt 2.04642 0.51848
vt 2.04387 0.51958
vt 2.03019 0.52474
vt 2.02798 0.52548
vt 2.01271 0.52998
vt 2.01091 0.53045
vt 1.99891 0.53322
vt 1.99741 0.53352
vt 1.9844 0.53586
vt 1.98309 0.53606
vt 1.96905 0.53798
vt 1.9679 0.53812
vt 1.95284 0.5396
vt 1.95184 0.53968
vt 1.93574 0.54074
vt 1.93485 0.54079
vt 1.91774 0.54143
vt 1.91694 0.54145
vt 1.8988 0.54166
vt 1.89807 0.54166
vt 1.87986 0.54145
vt 1.87906 0.54143
vt 1.86172 0.54079
vt 1.86086 0.54075
vt 1.8444 0.53969
vt 1.84345 0.53961
vt 1.82786 0.53812
vt 1.82679 0.53801
vt 1.81208 0.53609
vt 1.81091 0.53591
vt 1.79706 0.53358
vt 1.79575 0.53333
vt 1.78278 0.53056
vt 1.78123 0.5302
vt 1.76437 0.5257
vt 1.76256 0.52515
vt 1.74705 0.51998
vt 1.74502 0.51923
vt 1.73086 0.51339
vt 1.72862 0.51236
vt 1.71583 0.50586
vt 1.7134 0.50449
vt 1.70195 0.49733
vt 1.69937 0.49552
vt 1.6867 0.48569
vt 1.68412 0.48345
vt 1.67302 0.47271
vt 1.67057 0.47004
vt 1.66105 0.45839
vt 1.65882 0.4553
vt 1.65088 0.44273
vt 1.64929 0.43988
vt 1.64267 0.42649
vt 1.64159 0.42405
vt 1.63605 0.40992
vt 1.63522 0.40748
vt 1.63077 0.39261
vt 1.63016 0.39023
vt 1.6268 0.37463
vt 1.62658 0.37348
vt 1.58483 0.13668
vt 1.58464 0.13552
vt 1.58249 0.11991
vt 1.58225 0.11732
vt 1.58145 0.10245
vt 1.58143 0.09957
vt 1.58198 0.08545
vt 1.58226 0.08229
vt 1.58415 0.0689
vt 1.585 0.06485
vt 1.58852 0.05228
vt 1.59027 0.04752
vt 1.59569 0.03587
vt 1.59818 0.03148
vt 1.60548 0.02073
vt 1.60851 0.01695
vt 1.61771 0.00712
vt 1.62099 0.00408
vt 1.62991 -0.00307
vt 1.63309 -0.0053
vt 1.64361 -0.01177
vt 1.64653 -0.01335
vt 1.65863 -0.01912
vt 1.66125 -0.02022
vt 1.67496 -0.02528
vt 1.67719 -0.02602
vt 1.69248 -0.03039
vt 1.69429 -0.03085
vt 1.7063 -0.03352
vt 1.70773 -0.0338
vt 1.72075 -0.03607
vt 1.72205 -0.03627
vt 1.7361 -0.03811
vt 1.73718 -0.03823
vt 1.75225 -0.03968
vt 1.75325 -0.03976
vt 1.76935 -0.04078
vt 1.77021 -0.04082
vt 1.78733 -0.04144
vt 1.7881 -0.04146
vt 1.80624 -0.04166
vt 1.80695 -0.04166
vt 1.78845 -0.01021
vt 1.77134 -0.00959
vt 1.75523 -0.00857
vt 1.74016 -0.00713
vt 1.72611 -0.00528
vt 1.71309 -0.00302
vt 1.70108 -0.00034
vt 1.68578 0.00403
vt 1.67207 0.00909
vt 1.65997 0.01486
vt 1.64945 0.02132
vt 1.64053 0.02847
vt 1.63133 0.0383
vt 1.62402 0.04905
vt 1.61861 0.0607
vt 1.61509 0.07327
vt 1.6132 0.08666
vt 1.61266 0.10078
vt 1.61345 0.11565
vt 1.6156 0.13125
vt 1.65735 0.36805
vt 1.66071 0.38366
vt 1.66516 0.39852
vt 1.67069 0.41265
vt 1.6773 0.42604
vt 1.68524 0.43861
vt 1.69477 0.45026
vt 1.70586 0.461
vt 1.71853 0.47084
vt 1.72998 0.478
vt 1.74277 0.4845
vt 1.75693 0.49034
vt 1.77244 0.4955
vt 1.7893 0.5
vt 1.80227 0.50277
vt 1.81611 0.5051
vt 1.83082 0.50702
vt 1.84641 0.5085
vt 1.86287 0.50956
vt 1.88022 0.5102
vt 1.89843 0.51041
vt 1.91657 0.5102
vt 1.93368 0.50956
vt 1.94977 0.5085
vt 1.96484 0.50702
vt 1.97887 0.5051
vt 1.99189 0.50277
vt 2.00388 0.5
vt 2.01916 0.4955
vt 2.03284 0.49034
vt 2.04495 0.4845
vt 2.05545 0.478
vt 2.06437 0.47084
vt 2.07355 0.461
vt 2.08079 0.45026
vt 2.08609 0.43861
vt 2.08945 0.42604
vt 2.0912 0.41265
vt 2.09163 0.39852
vt 2.09077 0.38366
vt 2.0886 0.36805
vt 2.04685 0.13125
vt 2.04352 0.11565
vt 2.03913 0.10078
vt 2.03371 0.08666
vt 2.02725 0.07327
vt 2.01945 0.0607
vt 2.01005 0.04905
vt 1.99902 0.0383
vt 1.98637 0.02847
vt 1.97492 0.02132
vt 1.96213 0.01486
vt 1.94799 0.00909
vt 1.9325 0.00403
vt 1.91566 -0.00034
vt 1.90271 -0.00302
vt 1.88888 -0.00528
vt 1.87418 -0.00713
vt 1.85859 -0.00857
vt 1.84214 -0.00959
vt 1.8248 -0.01021
vt 1.80659 -0.01041
vt 0.16124 -0.03068
vt 0.17562 -0.0279
vt 0.18991 -0.02104
vt 0.19972 -0.01271
vt 0.20873 0.0001
vt 0.21396 0.01399
vt 0.21548 0.01957
vt 0.24035 0.1606
vt 0.24511 0.15552
vt 0.25607 0.14811
vt 0.26841 0.14318
vt 0.28317 0.14071
vt 0.28833 0.14028
vt 0.3161 0.14028
vt 0.32098 0.14066
vt 0.33662 0.14313
vt 0.34671 0.14657
vt 0.35893 0.15323
vt 0.33727 0.03043
vt 0.3368 0.02427
vt 0.33713 0.01038
vt 0.34425 -0.00876
vt 0.35111 -0.01709
vt 0.36888 -0.02782
vt 0.38228 -0.0306
vt 0.38863 -0.03125
vt 0.49558 -0.03125
vt 0.50151 -0.03068
vt 0.51589 -0.0279
vt 0.5302 -0.02104
vt 0.54 -0.01271
vt 0.54902 0.0001
vt 0.55424 0.01399
vt 0.55577 0.01957
vt 0.63511 0.46957
vt 0.63558 0.47573
vt 0.63525 0.48962
vt 0.62812 0.50877
vt 0.62125 0.5171
vt 0.60349 0.52782
vt 0.59009 0.5306
vt 0.58374 0.53125
vt 0.47124 0.53125
vt 0.46585 0.53078
vt 0.45264 0.52847
vt 0.44226 0.52466
vt 0.43038 0.51772
vt 0.42304 0.51177
vt 0.41251 0.50019
vt 0.41029 0.49746
vt 0.34207 0.40302
vt 0.30932 0.49016
vt 0.30737 0.49437
vt 0.30093 0.50595
vt 0.29216 0.5159
vt 0.28274 0.52284
vt 0.26993 0.52841
vt 0.25752 0.53072
vt 0.2518 0.53125
vt 0.13999 0.53125
vt 0.13405 0.53068
vt 0.11968 0.5279
vt 0.10538 0.52104
vt 0.09558 0.51271
vt 0.08656 0.4999
vt 0.08134 0.48601
vt 0.07981 0.48043
vt 0.00047 0.03043
vt 0 0.02427
vt 0.00033 0.01038
vt 0.00745 -0.00876
vt 0.0143 -0.01709
vt 0.03208 -0.02782
vt 0.04548 -0.0306
vt 0.05183 -0.03125
vt 0.1553 -0.03125
vt 0.05183 0
vt 0.03843 0.00278
vt 0.03157 0.01111
vt 0.03124 0.025
vt 0.11059 0.475
vt 0.11581 0.48889
vt 0.12562 0.49722
vt 0.13999 0.5
vt 0.2518 0.5
vt 0.2642 0.49769
vt 0.27363 0.49074
vt 0.28007 0.47916
vt 0.32261 0.36597
vt 0.32487 0.36059
vt 0.32692 0.35695
vt 0.32942 0.35486
vt 0.33303 0.35416
vt 0.33928 0.35416
vt 0.34313 0.35486
vt 0.34637 0.35695
vt 0.3497 0.36059
vt 0.35386 0.36597
vt 0.43562 0.47916
vt 0.44616 0.49074
vt 0.45803 0.49769
vt 0.47124 0.5
vt 0.58374 0.5
vt 0.59714 0.49722
vt 0.60401 0.48889
vt 0.60434 0.475
vt 0.52499 0.025
vt 0.51977 0.01111
vt 0.50996 0.00278
vt 0.49558 0
vt 0.38863 0
vt 0.37523 0.00278
vt 0.36837 0.01111
vt 0.36805 0.025
vt 0.41115 0.26945
vt 0.35683 0.19375
vt 0.34531 0.18141
vt 0.33174 0.174
vt 0.3161 0.17153
vt 0.28833 0.17153
vt 0.27356 0.174
vt 0.2626 0.18141
vt 0.25544 0.19375
vt 0.22781 0.26945
vt 0.18471 0.025
vt 0.17948 0.01111
vt 0.16968 0.00278
vt 0.1553 0
vt 0.98519 -0.03068
vt 0.99957 -0.0279
vt 1.01387 -0.02104
vt 1.02368 -0.01271
vt 1.0327 0.0001
vt 1.03792 0.01399
vt 1.03945 0.01957
vt 1.05377 0.10082
vt 1.05424 0.10701
vt 1.05391 0.1209
vt 1.04679 0.14001
vt 1.03993 0.14834
vt 1.02216 0.15907
vt 1.00876 0.16185
vt 1.00241 0.1625
vt 0.97405 0.1625
vt 0.977 0.16307
vt 0.9913 0.16995
vt 1.00111 0.17828
vt 1.01011 0.19108
vt 1.01534 0.20496
vt 1.01687 0.21054
vt 1.02997 0.28485
vt 1.03044 0.29102
vt 1.03011 0.30491
vt 1.02298 0.32403
vt 1.01612 0.33237
vt 1.00762 0.3375
vt 1.04428 0.3375
vt 1.05021 0.33807
vt 1.06459 0.34085
vt 1.07891 0.34772
vt 1.0887 0.35605
vt 1.09771 0.36885
vt 1.10294 0.38274
vt 1.10446 0.38832
vt 1.11879 0.46957
vt 1.11926 0.47573
vt 1.11893 0.48962
vt 1.11181 0.50876
vt 1.10495 0.51709
vt 1.08718 0.52782
vt 1.07377 0.5306
vt 1.06742 0.53125
vt 0.7452 0.53125
vt 0.73927 0.53068
vt 0.72489 0.5279
vt 0.71059 0.52104
vt 0.70079 0.51271
vt 0.69177 0.4999
vt 0.68655 0.48601
vt 0.68502 0.48043
vt 0.60567 0.03043
vt 0.6052 0.02427
vt 0.60553 0.01038
vt 0.61266 -0.00877
vt 0.61953 -0.0171
vt 0.63729 -0.02782
vt 0.65069 -0.0306
vt 0.65704 -0.03125
vt 0.97926 -0.03125
vt 0.65704 0
vt 0.64364 0.00278
vt 0.63677 0.01111
vt 0.63645 0.025
vt 0.7158 0.475
vt 0.72102 0.48889
vt 0.73083 0.49722
vt 0.7452 0.5
vt 1.06742 0.5
vt 1.08083 0.49722
vt 1.08769 0.48889
vt 1.08802 0.475
vt 1.07369 0.39375
vt 1.06846 0.37986
vt 1.05866 0.37153
vt 1.04428 0.36875
vt 0.85262 0.36875
vt 0.84319 0.31528
vt 0.9786 0.31528
vt 0.992 0.3125
vt 0.99887 0.30416
vt 0.9992 0.29028
vt 0.98609 0.21597
vt 0.98087 0.20209
vt 0.97106 0.19375
vt 0.95669 0.19097
vt 0.82127 0.19097
vt 0.81073 0.13125
vt 1.00241 0.13125
vt 1.0158 0.12847
vt 1.02266 0.12014
vt 1.023 0.10625
vt 1.00867 0.025
vt 1.00345 0.01111
vt 0.99364 0.00278
vt 0.97926 0
vt 1.48624 -0.03068
vt 1.50062 -0.0279
vt 1.51491 -0.02104
vt 1.52472 -0.01271
vt 1.53373 0.0001
vt 1.53896 0.01399
vt 1.54048 0.01957
vt 1.57905 0.23832
vt 1.57952 0.24448
vt 1.5792 0.25838
vt 1.57208 0.27751
vt 1.56522 0.28584
vt 1.54745 0.29657
vt 1.53404 0.29935
vt 1.52769 0.3
vt 1.427 0.3
vt 1.42107 0.29943
vt 1.40669 0.29665
vt 1.39238 0.28979
vt 1.38258 0.28146
vt 1.37356 0.26865
vt 1.36834 0.25476
vt 1.36681 0.24918
vt 1.35153 0.1625
vt 1.31985 0.1625
vt 1.374 0.46957
vt 1.37447 0.47573
vt 1.37414 0.48962
vt 1.36701 0.50877
vt 1.36014 0.5171
vt 1.34238 0.52782
vt 1.32898 0.5306
vt 1.32263 0.53125
vt 1.21499 0.53125
vt 1.20905 0.53068
vt 1.19468 0.5279
vt 1.18038 0.52104
vt 1.17058 0.51271
vt 1.16156 0.4999
vt 1.15634 0.48601
vt 1.15481 0.48043
vt 1.07547 0.03043
vt 1.075 0.02427
vt 1.07533 0.01038
vt 1.08245 -0.00876
vt 1.0893 -0.01709
vt 1.10708 -0.02782
vt 1.12048 -0.0306
vt 1.12683 -0.03125
vt 1.4803 -0.03125
vt 1.12683 0
vt 1.11343 0.00278
vt 1.10657 0.01111
vt 1.10624 0.025
vt 1.18559 0.475
vt 1.19081 0.48889
vt 1.20062 0.49722
vt 1.21499 0.5
vt 1.32263 0.5
vt 1.33603 0.49722
vt 1.3429 0.48889
vt 1.34323 0.475
vt 1.28261 0.13125
vt 1.37775 0.13125
vt 1.39759 0.24375
vt 1.40281 0.25764
vt 1.41262 0.26597
vt 1.427 0.26875
vt 1.52769 0.26875
vt 1.54109 0.26597
vt 1.54795 0.25764
vt 1.54828 0.24375
vt 1.50971 0.025
vt 1.50448 0.01111
vt 1.49468 0.00278
vt 1.4803 0
vt 2.26263 -0.03068
vt 2.27701 -0.0279
vt 2.2913 -0.02104
vt 2.30111 -0.01271
vt 2.31012 0.0001
vt 2.31535 0.01399
vt 2.31687 0.01957
vt 2.34352 0.17065
vt 2.387 0.10372
vt 2.37408 0.03043
vt 2.37361 0.02427
vt 2.37394 0.01038
vt 2.38107 -0.00877
vt 2.38794 -0.0171
vt 2.4057 -0.02782
vt 2.41909 -0.0306
vt 2.42545 -0.03125
vt 2.52961 -0.03125
vt 2.53555 -0.03068
vt 2.54992 -0.0279
vt 2.56422 -0.02104
vt 2.57402 -0.01271
vt 2.58304 0.0001
vt 2.58827 0.01399
vt 2.58979 0.01957
vt 2.66914 0.46957
vt 2.66961 0.47573
vt 2.66928 0.48962
vt 2.66215 0.50877
vt 2.65528 0.5171
vt 2.63752 0.52782
vt 2.62412 0.5306
vt 2.61777 0.53125
vt 2.51361 0.53125
vt 2.50768 0.53068
vt 2.4933 0.5279
vt 2.47899 0.52104
vt 2.46919 0.51271
vt 2.46017 0.4999
vt 2.45495 0.48601
vt 2.45342 0.48043
vt 2.44048 0.407
vt 2.37621 0.49912
vt 2.37332 0.50268
vt 2.36351 0.51309
vt 2.3547 0.51964
vt 2.34214 0.52589
vt 2.33243 0.52887
vt 2.31713 0.53096
vt 2.31291 0.53125
vt 2.24069 0.53125
vt 2.23475 0.53068
vt 2.22037 0.5279
vt 2.20608 0.52104
vt 2.19627 0.51271
vt 2.18726 0.4999
vt 2.18203 0.48601
vt 2.18051 0.48043
vt 2.10116 0.03043
vt 2.1007 0.02427
vt 2.10102 0.01038
vt 2.10814 -0.00876
vt 2.115 -0.01709
vt 2.13277 -0.02782
vt 2.14617 -0.0306
vt 2.15252 -0.03125
vt 2.2567 -0.03125
vt 2.15252 0
vt 2.13912 0.00278
vt 2.13227 0.01111
vt 2.13194 0.025
vt 2.21128 0.475
vt 2.21651 0.48889
vt 2.22631 0.49722
vt 2.24069 0.5
vt 2.31291 0.5
vt 2.32821 0.49791
vt 2.34077 0.49166
vt 2.35058 0.48125
vt 2.45812 0.32709
vt 2.4842 0.475
vt 2.48942 0.48889
vt 2.49923 0.49722
vt 2.51361 0.5
vt 2.61777 0.5
vt 2.63117 0.49722
vt 2.63804 0.48889
vt 2.63837 0.475
vt 2.55902 0.025
vt 2.55379 0.01111
vt 2.54398 0.00278
vt 2.52961 0
vt 2.42545 0
vt 2.41205 0.00278
vt 2.40518 0.01111
vt 2.40485 0.025
vt 2.41991 0.11041
vt 2.32651 0.25416
vt 2.2861 0.025
vt 2.28087 0.01111
vt 2.27107 0.00278
vt 2.2567 0
vt 3.11294 0.28845
vt 3.12337 0.29548
vt 3.12991 0.30599
vt 3.13373 0.31875
vt 3.13789 0.34236
vt 3.13858 0.35513
vt 3.13574 0.36562
vt 3.12778 0.37266
vt 3.11309 0.375
vt 3.06101 0.375
vt 3.04534 0.28611
vt 3.09742 0.28611
vt 3.08258 0.31736
vt 3.08723 0.34375
vt 3.10641 0.34375
vt 3.10327 0.326
vt 3.10116 0.31893
vt 3.10071 0.31821
vt 3.09509 0.31736
vt 2.97581 -0.03068
vt 2.9902 -0.0279
vt 3.0045 -0.02104
vt 3.0143 -0.01271
vt 3.02332 0.0001
vt 3.02855 0.01399
vt 3.03007 0.01957
vt 3.04952 0.12986
vt 3.10966 0.12986
vt 3.09213 0.03043
vt 3.09166 0.02427
vt 3.09199 0.01038
vt 3.09912 -0.00877
vt 3.10599 -0.0171
vt 3.12375 -0.02782
vt 3.13715 -0.0306
vt 3.1435 -0.03125
vt 3.25113 -0.03125
vt 3.25706 -0.03068
vt 3.27145 -0.0279
vt 3.28575 -0.02104
vt 3.29555 -0.01271
vt 3.30457 0.0001
vt 3.3098 0.01399
vt 3.31132 0.01957
vt 3.33728 0.16679
vt 3.33753 0.16845
vt 3.33957 0.18527
vt 3.3398 0.18909
vt 3.33977 0.20451
vt 3.33942 0.20909
vt 3.33731 0.22312
vt 3.33607 0.2283
vt 3.33188 0.24094
vt 3.32952 0.24631
vt 3.32326 0.25756
vt 3.31995 0.26238
vt 3.31187 0.27205
vt 3.3077 0.2762
vt 3.29995 0.28256
vt 3.30099 0.28395
vt 3.3038 0.28839
vt 3.30931 0.29902
vt 3.3106 0.30186
vt 3.31528 0.31362
vt 3.3162 0.31626
vt 3.32004 0.32915
vt 3.32065 0.33154
vt 3.32364 0.34556
vt 3.32385 0.34666
vt 3.32948 0.3786
vt 3.3297 0.38
vt 3.33189 0.39681
vt 3.33214 0.39999
vt 3.33257 0.41573
vt 3.33245 0.4194
vt 3.33112 0.43405
vt 3.33048 0.43812
vt 3.32741 0.45169
vt 3.32574 0.4569
vt 3.32057 0.4692
vt 3.31739 0.47497
vt 3.3098 0.48584
vt 3.30561 0.4907
vt 3.2956 0.50014
vt 3.29108 0.50368
vt 3.27864 0.51169
vt 3.2747 0.51384
vt 3.26491 0.5183
vt 3.26163 0.51959
vt 3.25047 0.52323
vt 3.24767 0.52399
vt 3.23513 0.52683
vt 3.23275 0.52727
vt 3.21883 0.5293
vt 3.21679 0.52954
vt 3.2015 0.53075
vt 3.19979 0.53084
vt 3.18312 0.53124
vt 3.18236 0.53125
vt 2.95111 0.53125
vt 2.94518 0.53068
vt 2.9308 0.5279
vt 2.91649 0.52104
vt 2.90669 0.51271
vt 2.89767 0.4999
vt 2.89245 0.48601
vt 2.89092 0.48043
vt 2.81158 0.03043
vt 2.81111 0.02427
vt 2.81144 0.01038
vt 2.81857 -0.00877
vt 2.82544 -0.0171
vt 2.8432 -0.02782
vt 2.85659 -0.0306
vt 2.86295 -0.03125
vt 2.96988 -0.03125
vt 2.86295 0
vt 2.84955 0.00278
vt 2.84268 0.01111
vt 2.84235 0.025
vt 2.9217 0.475
vt 2.92692 0.48889
vt 2.93673 0.49722
vt 2.95111 0.5
vt 3.18236 0.5
vt 3.19903 0.49959
vt 3.21432 0.49838
vt 3.22824 0.49635
vt 3.24078 0.49352
vt 3.25195 0.48988
vt 3.26173 0.48541
vt 3.27416 0.47741
vt 3.28417 0.46797
vt 3.29176 0.45709
vt 3.29693 0.44479
vt 3.3 0.43123
vt 3.30133 0.41658
vt 3.3009 0.40084
vt 3.29871 0.38403
vt 3.29308 0.35209
vt 3.29009 0.33806
vt 3.28625 0.32517
vt 3.28157 0.31341
vt 3.27605 0.30278
vt 3.26679 0.29051
vt 3.25485 0.28055
vt 3.24023 0.27291
vt 3.25445 0.27036
vt 3.26713 0.26603
vt 3.27827 0.25991
vt 3.28788 0.25203
vt 3.29595 0.24236
vt 3.30222 0.23111
vt 3.30641 0.21847
vt 3.30852 0.20445
vt 3.30855 0.18903
vt 3.30651 0.17222
vt 3.28055 0.025
vt 3.27532 0.01111
vt 3.26552 0.00278
vt 3.25113 0
vt 3.1435 0
vt 3.1301 0.00278
vt 3.12323 0.01111
vt 3.12291 0.025
vt 3.14164 0.13125
vt 3.14259 0.14497
vt 3.13978 0.15416
vt 3.13262 0.15937
vt 3.12052 0.16111
vt 3.0233 0.16111
vt 2.9993 0.025
vt 2.99407 0.01111
vt 2.98427 0.00278
vt 2.96988 0
vt 3.65699 0.35416
vt 3.65282 0.36302
vt 3.64587 0.36597
vt 3.62852 0.36597
vt 3.62053 0.36302
vt 3.61324 0.35416
vt 3.56198 0.24861
vt 3.67102 0.24861
vt 3.6119 0.27986
vt 3.6303 0.31777
vt 3.63534 0.27986
vt 3.49213 -0.03068
vt 3.50652 -0.0279
vt 3.52082 -0.02104
vt 3.53062 -0.01271
vt 3.53964 0.0001
vt 3.54487 0.01399
vt 3.54639 0.01957
vt 3.55898 0.09097
vt 3.61843 0.09097
vt 3.60776 0.03043
vt 3.6073 0.02373
vt 3.60787 0.00984
vt 3.61595 -0.00989
vt 3.6235 -0.01822
vt 3.64078 -0.02791
vt 3.65534 -0.0307
vt 3.6612 -0.03125
vt 3.76607 -0.03125
vt 3.77201 -0.03068
vt 3.78638 -0.0279
vt 3.80068 -0.02104
vt 3.81048 -0.01271
vt 3.8195 0.0001
vt 3.82473 0.01399
vt 3.82625 0.01957
vt 3.85858 0.20291
vt 3.85876 0.20406
vt 3.86025 0.21487
vt 3.86047 0.21698
vt 3.86127 0.22856
vt 3.86135 0.23043
vt 3.86147 0.2428
vt 3.86144 0.24444
vt 3.86088 0.25759
vt 3.86079 0.25892
vt 3.85983 0.27012
vt 3.85973 0.27113
vt 3.85831 0.28304
vt 3.8582 0.28393
vt 3.85633 0.29657
vt 3.8562 0.29734
vt 3.85388 0.3107
vt 3.85375 0.31141
vt 3.85097 0.3255
vt 3.85091 0.32578
vt 3.81829 0.48342
vt 3.81677 0.48853
vt 3.81176 0.50126
vt 3.80138 0.51484
vt 3.79116 0.52248
vt 3.77754 0.52829
vt 3.76209 0.53084
vt 3.75701 0.53125
vt 3.5702 0.53125
vt 3.5655 0.53089
vt 3.54877 0.52834
vt 3.53778 0.52448
vt 3.52462 0.51684
vt 3.51535 0.5086
vt 3.50577 0.49588
vt 3.50347 0.49234
vt 3.41526 0.3347
vt 3.41515 0.3345
vt 3.40741 0.32041
vt 3.40714 0.31993
vt 3.4001 0.30657
vt 3.3998 0.30599
vt 3.39348 0.29335
vt 3.39316 0.29269
vt 3.38754 0.28077
vt 3.38717 0.27997
vt 3.38227 0.26877
vt 3.38185 0.26777
vt 3.37664 0.25462
vt 3.37613 0.25323
vt 3.37189 0.24086
vt 3.37138 0.23924
vt 3.3681 0.22766
vt 3.36762 0.22568
vt 3.3653 0.21488
vt 3.36509 0.21377
vt 3.33276 0.03043
vt 3.33229 0.02427
vt 3.33262 0.01038
vt 3.33975 -0.00877
vt 3.34662 -0.0171
vt 3.36437 -0.02782
vt 3.37777 -0.0306
vt 3.38413 -0.03125
vt 3.4862 -0.03125
vt 3.38413 0
vt 3.37073 0.00278
vt 3.36386 0.01111
vt 3.36353 0.025
vt 3.39586 0.20834
vt 3.39817 0.21914
vt 3.40145 0.23073
vt 3.4057 0.2431
vt 3.41091 0.25625
vt 3.4158 0.26745
vt 3.42142 0.27936
vt 3.42775 0.292
vt 3.43479 0.30536
vt 3.44253 0.31945
vt 3.53074 0.47709
vt 3.54032 0.48981
vt 3.55348 0.49745
vt 3.5702 0.5
vt 3.75701 0.5
vt 3.77245 0.49745
vt 3.78268 0.48981
vt 3.78769 0.47709
vt 3.82031 0.31945
vt 3.82309 0.30536
vt 3.82541 0.292
vt 3.82728 0.27936
vt 3.8287 0.26745
vt 3.82966 0.25625
vt 3.83022 0.2431
vt 3.8301 0.23073
vt 3.8293 0.21914
vt 3.8278 0.20834
vt 3.79548 0.025
vt 3.79025 0.01111
vt 3.78045 0.00278
vt 3.76607 0
vt 3.6612 0
vt 3.64665 0.00278
vt 3.63909 0.01111
vt 3.63853 0.025
vt 3.65567 0.12222
vt 3.53276 0.12222
vt 3.51562 0.025
vt 3.51039 0.01111
vt 3.50059 0.00278
vt 3.4862 0
vt 4.23069 -0.03068
vt 4.24506 -0.0279
vt 4.25936 -0.02104
vt 4.26916 -0.01271
vt 4.27818 0.0001
vt 4.28341 0.01399
vt 4.28493 0.01957
vt 4.2995 0.10221
vt 4.29997 0.10837
vt 4.29964 0.12227
vt 4.29251 0.14141
vt 4.28564 0.14974
vt 4.26788 0.16046
vt 4.25448 0.16324
vt 4.24813 0.16389
vt 4.11033 0.16389
vt 4.10357 0.16466
vt 4.13155 0.32333
vt 4.13392 0.3301
vt 4.13519 0.33149
vt 4.13921 0.33331
vt 4.15148 0.33472
vt 4.28928 0.33472
vt 4.29522 0.33529
vt 4.30959 0.33807
vt 4.3239 0.34495
vt 4.3337 0.35328
vt 4.3427 0.36608
vt 4.34793 0.37996
vt 4.34946 0.38555
vt 4.36427 0.46958
vt 4.36474 0.47573
vt 4.36441 0.48962
vt 4.3573 0.50876
vt 4.35044 0.51709
vt 4.33266 0.52782
vt 4.31927 0.5306
vt 4.31291 0.53125
vt 4.14347 0.53125
vt 4.14276 0.53124
vt 4.1238 0.53081
vt 4.1223 0.53074
vt 4.10432 0.52946
vt 4.10262 0.52929
vt 4.08563 0.52714
vt 4.0838 0.52686
vt 4.06778 0.52386
vt 4.06576 0.52341
vt 4.05073 0.51955
vt 4.04856 0.51891
vt 4.03452 0.5142
vt 4.0322 0.51331
vt 4.01912 0.50773
vt 4.0167 0.50658
vt 4.00461 0.50015
vt 4.00216 0.4987
vt 3.99105 0.49141
vt 3.98845 0.48952
vt 3.97705 0.48024
vt 3.9745 0.47792
vt 3.9642 0.46745
vt 3.96195 0.46491
vt 3.95273 0.45324
vt 3.95083 0.45056
vt 3.9427 0.4377
vt 3.94118 0.435
vt 3.93414 0.42095
vt 3.93297 0.41831
vt 3.92702 0.40307
vt 3.92617 0.40055
vt 3.92132 0.38412
vt 3.92073 0.38179
vt 3.91697 0.36416
vt 3.91676 0.36307
vt 3.87868 0.14709
vt 3.8785 0.14597
vt 3.87607 0.1285
vt 3.87582 0.12596
vt 3.8749 0.10966
vt 3.87487 0.10669
vt 3.87546 0.09156
vt 3.87578 0.08813
vt 3.87787 0.07418
vt 3.87871 0.07033
vt 3.88232 0.05755
vt 3.8838 0.05344
vt 3.88891 0.04183
vt 3.89112 0.0377
vt 3.89773 0.02726
vt 3.90063 0.02339
vt 3.90877 0.01412
vt 3.91198 0.01094
vt 3.92052 0.00366
vt 3.92369 0.00129
vt 3.93352 -0.00514
vt 3.93659 -0.00691
vt 3.9477 -0.01249
vt 3.95062 -0.01378
vt 3.96301 -0.01849
vt 3.96562 -0.01936
vt 3.9793 -0.02322
vt 3.98164 -0.02378
vt 3.99659 -0.02678
vt 3.99864 -0.02712
vt 4.01487 -0.02927
vt 4.0167 -0.02945
vt 4.03422 -0.03073
vt 4.03579 -0.03081
vt 4.05459 -0.03124
vt 4.0553 -0.03125
vt 4.22475 -0.03125
vt 4.0553 0
vt 4.0365 0.00043
vt 4.01898 0.00171
vt 4.00274 0.00386
vt 3.98779 0.00686
vt 3.97412 0.01072
vt 3.96173 0.01543
vt 3.95062 0.02101
vt 3.9408 0.02744
vt 3.93226 0.03472
vt 3.92413 0.04399
vt 3.91751 0.05443
vt 3.91239 0.06604
vt 3.90878 0.07882
vt 3.90669 0.09277
vt 3.9061 0.1079
vt 3.90702 0.1242
vt 3.90945 0.14166
vt 3.94753 0.35764
vt 3.95129 0.37527
vt 3.95614 0.39171
vt 3.96209 0.40695
vt 3.96913 0.42101
vt 3.97725 0.43387
vt 3.98647 0.44553
vt 3.99677 0.456
vt 4.00818 0.46528
vt 4.01929 0.47256
vt 4.03137 0.47899
vt 4.04445 0.48457
vt 4.0585 0.48928
vt 4.07353 0.49314
vt 4.08955 0.49614
vt 4.10654 0.49829
vt 4.12452 0.49957
vt 4.14347 0.5
vt 4.31291 0.5
vt 4.32631 0.49722
vt 4.33317 0.48889
vt 4.3335 0.475
vt 4.31869 0.39097
vt 4.31346 0.37709
vt 4.30366 0.36875
vt 4.28928 0.36597
vt 4.1497 0.36597
vt 4.13078 0.3638
vt 4.11639 0.35729
vt 4.10654 0.34644
vt 4.10121 0.33125
vt 4.07207 0.16597
vt 4.07215 0.15139
vt 4.07825 0.14097
vt 4.09038 0.13472
vt 4.10855 0.13264
vt 4.24813 0.13264
vt 4.26153 0.12986
vt 4.2684 0.12153
vt 4.26873 0.10764
vt 4.25416 0.025
vt 4.24893 0.01111
vt 4.23912 0.00278
vt 4.22475 0
vt 4.69701 -0.03068
vt 4.71138 -0.0279
vt 4.72568 -0.02104
vt 4.73548 -0.01271
vt 4.7445 0.0001
vt 4.74973 0.01399
vt 4.75125 0.01957
vt 4.76558 0.10082
vt 4.76605 0.10698
vt 4.76572 0.12087
vt 4.75859 0.14002
vt 4.75172 0.14835
vt 4.73396 0.15907
vt 4.72056 0.16185
vt 4.71421 0.1625
vt 4.68586 0.1625
vt 4.6888 0.16307
vt 4.70311 0.16995
vt 4.71291 0.17828
vt 4.72191 0.19108
vt 4.72714 0.20496
vt 4.72867 0.21054
vt 4.74177 0.28485
vt 4.74224 0.29102
vt 4.74191 0.30491
vt 4.73479 0.32403
vt 4.72792 0.33237
vt 4.71943 0.3375
vt 4.75609 0.3375
vt 4.76202 0.33807
vt 4.7764 0.34085
vt 4.79071 0.34772
vt 4.80051 0.35605
vt 4.80952 0.36885
vt 4.81474 0.38274
vt 4.81627 0.38832
vt 4.83059 0.46957
vt 4.83106 0.47573
vt 4.83073 0.48962
vt 4.82362 0.50876
vt 4.81676 0.51709
vt 4.79898 0.52782
vt 4.78559 0.5306
vt 4.77923 0.53125
vt 4.45701 0.53125
vt 4.45107 0.53068
vt 4.4367 0.5279
vt 4.4224 0.52104
vt 4.41259 0.51271
vt 4.40358 0.4999
vt 4.39835 0.48601
vt 4.39683 0.48043
vt 4.31748 0.03043
vt 4.31701 0.02427
vt 4.31734 0.01038
vt 4.32447 -0.00877
vt 4.33134 -0.0171
vt 4.34909 -0.02782
vt 4.36249 -0.0306
vt 4.36884 -0.03125
vt 4.69107 -0.03125
vt 4.36884 0
vt 4.35545 0.00278
vt 4.34858 0.01111
vt 4.34825 0.025
vt 4.4276 0.475
vt 4.43283 0.48889
vt 4.44263 0.49722
vt 4.45701 0.5
vt 4.77923 0.5
vt 4.79263 0.49722
vt 4.79949 0.48889
vt 4.79982 0.475
vt 4.78549 0.39375
vt 4.78027 0.37986
vt 4.77047 0.37153
vt 4.75609 0.36875
vt 4.56442 0.36875
vt 4.55499 0.31528
vt 4.69041 0.31528
vt 4.7038 0.3125
vt 4.71067 0.30416
vt 4.711 0.29028
vt 4.6979 0.21597
vt 4.69267 0.20209
vt 4.68287 0.19375
vt 4.66849 0.19097
vt 4.53307 0.19097
vt 4.52255 0.13125
vt 4.71421 0.13125
vt 4.72761 0.12847
vt 4.73448 0.12014
vt 4.7348 0.10625
vt 4.72048 0.025
vt 4.71525 0.01111
vt 4.70545 0.00278
vt 4.69107 0
vt 5.08863 0.28845
vt 5.09907 0.29548
vt 5.10561 0.30599
vt 5.10942 0.31875
vt 5.11359 0.34236
vt 5.11427 0.35513
vt 5.11144 0.36562
vt 5.10348 0.37266
vt 5.08879 0.375
vt 5.0367 0.375
vt 5.02103 0.28611
vt 5.07312 0.28611
vt 5.05827 0.31736
vt 5.06292 0.34375
vt 5.0821 0.34375
vt 5.07897 0.326
vt 5.07686 0.31893
vt 5.07641 0.31821
vt 5.07078 0.31736
vt 4.95151 -0.03068
vt 4.96589 -0.0279
vt 4.9802 -0.02104
vt 4.99 -0.01271
vt 4.99902 0.0001
vt 5.00424 0.01399
vt 5.00577 0.01957
vt 5.02521 0.12986
vt 5.08536 0.12986
vt 5.06783 0.03043
vt 5.06736 0.02427
vt 5.06769 0.01038
vt 5.07482 -0.00877
vt 5.08169 -0.0171
vt 5.09945 -0.02782
vt 5.11284 -0.0306
vt 5.1192 -0.03125
vt 5.22683 -0.03125
vt 5.23276 -0.03068
vt 5.24714 -0.0279
vt 5.26145 -0.02104
vt 5.27125 -0.01271
vt 5.28027 0.0001
vt 5.28549 0.01399
vt 5.28702 0.01958
vt 5.31297 0.1668
vt 5.31322 0.16845
vt 5.31527 0.18526
vt 5.31549 0.18909
vt 5.31546 0.20451
vt 5.31512 0.20909
vt 5.31301 0.22312
vt 5.31177 0.2283
vt 5.30758 0.24094
vt 5.30522 0.24631
vt 5.29895 0.25756
vt 5.29564 0.26238
vt 5.28757 0.27205
vt 5.2834 0.2762
vt 5.27564 0.28256
vt 5.27669 0.28395
vt 5.27949 0.28839
vt 5.28501 0.29902
vt 5.2863 0.30186
vt 5.29098 0.31362
vt 5.2919 0.31626
vt 5.29573 0.32915
vt 5.29634 0.33154
vt 5.29934 0.34556
vt 5.29955 0.34666
vt 5.30518 0.3786
vt 5.3054 0.38
vt 5.30759 0.39681
vt 5.30784 0.39999
vt 5.30827 0.41573
vt 5.30815 0.4194
vt 5.30682 0.43405
vt 5.30617 0.43814
vt 5.30309 0.4517
vt 5.30143 0.45688
vt 5.29627 0.46919
vt 5.29309 0.47497
vt 5.2855 0.48584
vt 5.2813 0.4907
vt 5.2713 0.50014
vt 5.26677 0.50368
vt 5.25434 0.51169
vt 5.25039 0.51384
vt 5.24061 0.5183
vt 5.23733 0.51959
vt 5.22616 0.52323
vt 5.22337 0.52399
vt 5.21083 0.52683
vt 5.20845 0.52727
vt 5.19452 0.5293
vt 5.19248 0.52954
vt 5.17719 0.53075
vt 5.17548 0.53084
vt 5.1588 0.53124
vt 5.15805 0.53125
vt 4.9268 0.53125
vt 4.92086 0.53068
vt 4.90648 0.5279
vt 4.89219 0.52104
vt 4.88238 0.51271
vt 4.87337 0.4999
vt 4.86814 0.48601
vt 4.86662 0.48043
vt 4.78727 0.03043
vt 4.7868 0.02427
vt 4.78713 0.01038
vt 4.79425 -0.00876
vt 4.80111 -0.01709
vt 4.81888 -0.02782
vt 4.83228 -0.0306
vt 4.83863 -0.03125
vt 4.94558 -0.03125
vt 4.83863 0
vt 4.82523 0.00278
vt 4.81837 0.01111
vt 4.81805 0.025
vt 4.89739 0.475
vt 4.90262 0.48889
vt 4.91242 0.49722
vt 4.9268 0.5
vt 5.15805 0.5
vt 5.17472 0.49959
vt 5.19002 0.49838
vt 5.20394 0.49635
vt 5.21648 0.49352
vt 5.22764 0.48988
vt 5.23742 0.48541
vt 5.24986 0.47741
vt 5.25987 0.46797
vt 5.26745 0.45709
vt 5.27262 0.44479
vt 5.2757 0.43123
vt 5.27702 0.41658
vt 5.27659 0.40084
vt 5.27441 0.38403
vt 5.26877 0.35209
vt 5.26578 0.33806
vt 5.26195 0.32517
vt 5.25727 0.31341
vt 5.25175 0.30278
vt 5.24248 0.29051
vt 5.23055 0.28055
vt 5.21593 0.27291
vt 5.23014 0.27036
vt 5.24282 0.26603
vt 5.25397 0.25991
vt 5.26358 0.25203
vt 5.27165 0.24236
vt 5.27791 0.23111
vt 5.2821 0.21847
vt 5.28421 0.20445
vt 5.28424 0.18903
vt 5.2822 0.17222
vt 5.25624 0.025
vt 5.25102 0.01111
vt 5.24121 0.00278
vt 5.22683 0
vt 5.1192 0
vt 5.1058 0.00278
vt 5.09893 0.01111
vt 5.0986 0.025
vt 5.11734 0.13125
vt 5.11828 0.14497
vt 5.11548 0.15416
vt 5.10832 0.15937
vt 5.09621 0.16111
vt 4.99899 0.16111
vt 4.97499 0.025
vt 4.96977 0.01111
vt 4.95996 0.00278
vt 4.94558 0
vt 0 0.0625
vt 0 -0.0625
vt 0.01424 0.0625
vt 0.01424 -0.0625
vt 0.01424 0.0625
vt 0.01424 -0.0625
vt 0.02546 0.0625
vt 0.02546 -0.0625
vt 0.02546 0.0625
vt 0.02546 -0.0625
vt 0.03402 0.0625
vt 0.03402 -0.0625
vt 0.03402 0.0625
vt 0.03402 -0.0625
vt 0.04812 0.0625
vt 0.04812 -0.0625
vt 0.04812 0.0625
vt 0.04812 -0.0625
vt 0.06174 0.0625
vt 0.06174 -0.0625
vt 0.06174 0.0625
vt 0.06174 -0.0625
vt 0.25143 0.0625
vt 0.25143 -0.0625
vt 0.25143 0.0625
vt 0.25143 -0.0625
vt 0.2641 0.0625
vt 0.2641 -0.0625
vt 0.2641 0.0625
vt 0.2641 -0.0625
vt 0.27585 0.0625
vt 0.27585 -0.0625
vt 0.27585 0.0625
vt 0.27585 -0.0625
vt 0.28312 0.0625
vt 0.28312 -0.0625
vt 0.28312 0.0625
vt 0.28312 -0.0625
vt 0.29333 0.0625
vt 0.29333 -0.0625
vt 0.29333 0.0625
vt 0.29333 -0.0625
vt 0.30696 0.0625
vt 0.30696 -0.0625
vt 0.30696 0.0625
vt 0.30696 -0.0625
vt 0.3242 0.0625
vt 0.3242 -0.0625
vt 0.3242 0.0625
vt 0.3242 -0.0625
vt 0.34137 0.0625
vt 0.34137 -0.0625
vt 0.34137 0.0625
vt 0.34137 -0.0625
vt 0.35544 0.0625
vt 0.35544 -0.0625
vt 0.35544 0.0625
vt 0.35544 -0.0625
vt 0.36659 0.0625
vt 0.36659 -0.0625
vt 0.36659 0.0625
vt 0.36659 -0.0625
vt 0.37516 0.0625
vt 0.37516 -0.0625
vt 0.37516 0.0625
vt 0.37516 -0.0625
vt 0.38921 0.0625
vt 0.38921 -0.0625
vt 0.38921 0.0625
vt 0.38921 -0.0625
vt 0.40277 0.0625
vt 0.40277 -0.0625
vt 0.40277 0.0625
vt 0.40277 -0.0625
vt 0.59245 0.0625
vt 0.59245 -0.0625
vt 0.59245 0.0625
vt 0.59245 -0.0625
vt 0.60522 0.0625
vt 0.60522 -0.0625
vt 0.60522 0.0625
vt 0.60522 -0.0625
vt 0.6173 0.0625
vt 0.6173 -0.0625
vt 0.6173 0.0625
vt 0.6173 -0.0625
vt 0.62472 0.0625
vt 0.62472 -0.0625
vt 0.62472 0.0625
vt 0.62472 -0.0625
vt 0.63491 0.0625
vt 0.63491 -0.0625
vt 0.63491 0.0625
vt 0.63491 -0.0625
vt 0.64839 0.0625
vt 0.64839 -0.0625
vt 0.64839 0.0625
vt 0.64839 -0.0625
vt 0.66536 0.0625
vt 0.66536 -0.0625
vt 0.66536 0.0625
vt 0.66536 -0.0625
vt 0.6828 0.0625
vt 0.6828 -0.0625
vt 0 0.0625
vt 0 -0.0625
vt 0.00652 0.0625
vt 0.00652 -0.0625
vt 0.00652 0.0625
vt 0.00652 -0.0625
vt 0.18775 0.0625
vt 0.18775 -0.0625
vt 0.18775 0.0625
vt 0.18775 -0.0625
vt 0.19217 0.0625
vt 0.19217 -0.0625
vt 0.19217 0.0625
vt 0.19217 -0.0625
vt 0.19462 0.0625
vt 0.19462 -0.0625
vt 0.19462 0.0625
vt 0.19462 -0.0625
vt 0.19998 0.0625
vt 0.19998 -0.0625
vt 0.19998 0.0625
vt 0.19998 -0.0625
vt 0.21056 0.0625
vt 0.21056 -0.0625
vt 0.21056 0.0625
vt 0.21056 -0.0625
vt 0.22535 0.0625
vt 0.22535 -0.0625
vt 0.22535 0.0625
vt 0.22535 -0.0625
vt 0.24012 0.0625
vt 0.24012 -0.0625
vt 0.24012 0.0625
vt 0.24012 -0.0625
vt 0.24626 0.0625
vt 0.24626 -0.0625
vt 0.24626 0.0625
vt 0.24626 -0.0625
vt 0.42698 0.0625
vt 0.42698 -0.0625
vt 0.42698 0.0625
vt 0.42698 -0.0625
vt 0.43185 0.0625
vt 0.43185 -0.0625
vt 0.43185 0.0625
vt 0.43185 -0.0625
vt 0.43446 0.0625
vt 0.43446 -0.0625
vt 0.43446 0.0625
vt 0.43446 -0.0625
vt 0.43949 0.0625
vt 0.43949 -0.0625
vt 0.43949 0.0625
vt 0.43949 -0.0625
vt 0.45006 0.0625
vt 0.45006 -0.0625
vt 0.45006 0.0625
vt 0.45006 -0.0625
vt 0.46506 0.0625
vt 0.46506 -0.0625
vt 0.46506 0.0625
vt 0.46506 -0.0625
vt 0.47949 0.0625
vt 0.47949 -0.0625
vt 0 0.0625
vt 0 -0.0625
vt 0.00076 0.0625
vt 0.00076 -0.0625
vt 0.00076 0.0625
vt 0.00076 -0.0625
vt 0.01811 0.0625
vt 0.01811 -0.0625
vt 0.01811 0.0625
vt 0.01811 -0.0625
vt 0.01893 0.0625
vt 0.01893 -0.0625
vt 0.01893 0.0625
vt 0.01893 -0.0625
vt 0.03542 0.0625
vt 0.03542 -0.0625
vt 0.03542 0.0625
vt 0.03542 -0.0625
vt 0.03637 0.0625
vt 0.03637 -0.0625
vt 0.03637 0.0625
vt 0.03637 -0.0625
vt 0.05202 0.0625
vt 0.05202 -0.0625
vt 0.05202 0.0625
vt 0.05202 -0.0625
vt 0.05303 0.0625
vt 0.05303 -0.0625
vt 0.05303 0.0625
vt 0.05303 -0.0625
vt 0.06785 0.0625
vt 0.06785 -0.0625
vt 0.06785 0.0625
vt 0.06785 -0.0625
vt 0.06903 0.0625
vt 0.06903 -0.0625
vt 0.06903 0.0625
vt 0.06903 -0.0625
vt 0.08304 0.0625
vt 0.08304 -0.0625
vt 0.08304 0.0625
vt 0.08304 -0.0625
vt 0.08433 0.0625
vt 0.08433 -0.0625
vt 0.08433 0.0625
vt 0.08433 -0.0625
vt 0.09755 0.0625
vt 0.09755 -0.0625
vt 0.09755 0.0625
vt 0.09755 -0.0625
vt 0.09913 0.0625
vt 0.09913 -0.0625
vt 0.09913 0.0625
vt 0.09913 -0.0625
vt 0.11653 0.0625
vt 0.11653 -0.0625
vt 0.11653 0.0625
vt 0.11653 -0.0625
vt 0.11845 0.0625
vt 0.11845 -0.0625
vt 0.11845 0.0625
vt 0.11845 -0.0625
vt 0.13475 0.0625
vt 0.13475 -0.0625
vt 0.13475 0.0625
vt 0.13475 -0.0625
vt 0.13698 0.0625
vt 0.13698 -0.0625
vt 0.13698 0.0625
vt 0.13698 -0.0625
vt 0.15225 0.0625
vt 0.15225 -0.0625
vt 0.15225 0.0625
vt 0.15225 -0.0625
vt 0.15477 0.0625
vt 0.15477 -0.0625
vt 0.15477 0.0625
vt 0.15477 -0.0625
vt 0.1691 0.0625
vt 0.1691 -0.0625
vt 0.1691 0.0625
vt 0.1691 -0.0625
vt 0.17192 0.0625
vt 0.17192 -0.0625
vt 0.17192 0.0625
vt 0.17192 -0.0625
vt 0.18542 0.0625
vt 0.18542 -0.0625
vt 0.18542 0.0625
vt 0.18542 -0.0625
vt 0.18862 0.0625
vt 0.18862 -0.0625
vt 0.18862 0.0625
vt 0.18862 -0.0625
vt 0.20465 0.0625
vt 0.20465 -0.0625
vt 0.20465 0.0625
vt 0.20465 -0.0625
vt 0.20812 0.0625
vt 0.20812 -0.0625
vt 0.20812 0.0625
vt 0.20812 -0.0625
vt 0.22352 0.0625
vt 0.22352 -0.0625
vt 0.22352 0.0625
vt 0.22352 -0.0625
vt 0.22725 0.0625
vt 0.22725 -0.0625
vt 0.22725 0.0625
vt 0.22725 -0.0625
vt 0.24222 0.0625
vt 0.24222 -0.0625
vt 0.24222 0.0625
vt 0.24222 -0.0625
vt 0.2461 0.0625
vt 0.2461 -0.0625
vt 0.2461 0.0625
vt 0.2461 -0.0625
vt 0.26089 0.0625
vt 0.26089 -0.0625
vt 0.26089 0.0625
vt 0.26089 -0.0625
vt 0.26419 0.0625
vt 0.26419 -0.0625
vt 0.26419 0.0625
vt 0.26419 -0.0625
vt 0.27906 0.0625
vt 0.27906 -0.0625
vt 0.27906 0.0625
vt 0.27906 -0.0625
vt 0.28165 0.0625
vt 0.28165 -0.0625
vt 0.28165 0.0625
vt 0.28165 -0.0625
vt 0.29678 0.0625
vt 0.29678 -0.0625
vt 0.29678 0.0625
vt 0.29678 -0.0625
vt 0.29927 0.0625
vt 0.29927 -0.0625
vt 0.29927 0.0625
vt 0.29927 -0.0625
vt 0.31477 0.0625
vt 0.31477 -0.0625
vt 0.31477 0.0625
vt 0.31477 -0.0625
vt 0.31715 0.0625
vt 0.31715 -0.0625
vt 0.31715 0.0625
vt 0.31715 -0.0625
vt 0.33311 0.0625
vt 0.33311 -0.0625
vt 0.33311 0.0625
vt 0.33311 -0.0625
vt 0.33423 0.0625
vt 0.33423 -0.0625
vt 0.33423 0.0625
vt 0.33423 -0.0625
vt 0.57469 0.0625
vt 0.57469 -0.0625
vt 0.57469 0.0625
vt 0.57469 -0.0625
vt 0.57582 0.0625
vt 0.57582 -0.0625
vt 0.57582 0.0625
vt 0.57582 -0.0625
vt 0.59157 0.0625
vt 0.59157 -0.0625
vt 0.59157 0.0625
vt 0.59157 -0.0625
vt 0.59409 0.0625
vt 0.59409 -0.0625
vt 0.59409 0.0625
vt 0.59409 -0.0625
vt 0.60898 0.0625
vt 0.60898 -0.0625
vt 0.60898 0.0625
vt 0.60898 -0.0625
vt 0.61175 0.0625
vt 0.61175 -0.0625
vt 0.61175 0.0625
vt 0.61175 -0.0625
vt 0.62589 0.0625
vt 0.62589 -0.0625
vt 0.62589 0.0625
vt 0.62589 -0.0625
vt 0.62896 0.0625
vt 0.62896 -0.0625
vt 0.62896 0.0625
vt 0.62896 -0.0625
vt 0.64246 0.0625
vt 0.64246 -0.0625
vt 0.64246 0.0625
vt 0.64246 -0.0625
vt 0.64658 0.0625
vt 0.64658 -0.0625
vt 0.64658 0.0625
vt 0.64658 -0.0625
vt 0.65959 0.0625
vt 0.65959 -0.0625
vt 0.65959 0.0625
vt 0.65959 -0.0625
vt 0.66478 0.0625
vt 0.66478 -0.0625
vt 0.66478 0.0625
vt 0.66478 -0.0625
vt 0.67758 0.0625
vt 0.67758 -0.0625
vt 0.67758 0.0625
vt 0.67758 -0.0625
vt 0.68275 0.0625
vt 0.68275 -0.0625
vt 0.68275 0.0625
vt 0.68275 -0.0625
vt 0.69571 0.0625
vt 0.69571 -0.0625
vt 0.69571 0.0625
vt 0.69571 -0.0625
vt 0.70063 0.0625
vt 0.70063 -0.0625
vt 0.70063 0.0625
vt 0.70063 -0.0625
vt 0.71409 0.0625
vt 0.71409 -0.0625
vt 0.71409 0.0625
vt 0.71409 -0.0625
vt 0.71856 0.0625
vt 0.71856 -0.0625
vt 0.71856 0.0625
vt 0.71856 -0.0625
vt 0.73001 0.0625
vt 0.73001 -0.0625
vt 0.73001 0.0625
vt 0.73001 -0.0625
vt 0.73382 0.0625
vt 0.73382 -0.0625
vt 0.73382 0.0625
vt 0.73382 -0.0625
vt 0.74617 0.0625
vt 0.74617 -0.0625
vt 0.74617 0.0625
vt 0.74617 -0.0625
vt 0.74944 0.0625
vt 0.74944 -0.0625
vt 0.74944 0.0625
vt 0.74944 -0.0625
vt 0.76288 0.0625
vt 0.76288 -0.0625
vt 0.76288 0.0625
vt 0.76288 -0.0625
vt 0.76565 0.0625
vt 0.76565 -0.0625
vt 0.76565 0.0625
vt 0.76565 -0.0625
vt 0.78028 0.0625
vt 0.78028 -0.0625
vt 0.78028 0.0625
vt 0.78028 -0.0625
vt 0.7826 0.0625
vt 0.7826 -0.0625
vt 0.7826 0.0625
vt 0.7826 -0.0625
vt 0.79853 0.0625
vt 0.79853 -0.0625
vt 0.79853 0.0625
vt 0.79853 -0.0625
vt 0.80039 0.0625
vt 0.80039 -0.0625
vt 0.80039 0.0625
vt 0.80039 -0.0625
vt 0.8127 0.0625
vt 0.8127 -0.0625
vt 0.8127 0.0625
vt 0.8127 -0.0625
vt 0.81423 0.0625
vt 0.81423 -0.0625
vt 0.81423 0.0625
vt 0.81423 -0.0625
vt 0.82745 0.0625
vt 0.82745 -0.0625
vt 0.82745 0.0625
vt 0.82745 -0.0625
vt 0.82877 0.0625
vt 0.82877 -0.0625
vt 0.82877 0.0625
vt 0.82877 -0.0625
vt 0.84294 0.0625
vt 0.84294 -0.0625
vt 0.84294 0.0625
vt 0.84294 -0.0625
vt 0.84411 0.0625
vt 0.84411 -0.0625
vt 0.84411 0.0625
vt 0.84411 -0.0625
vt 0.85924 0.0625
vt 0.85924 -0.0625
vt 0.85924 0.0625
vt 0.85924 -0.0625
vt 0.86025 0.0625
vt 0.86025 -0.0625
vt 0.86025 0.0625
vt 0.86025 -0.0625
vt 0.87637 0.0625
vt 0.87637 -0.0625
vt 0.87637 0.0625
vt 0.87637 -0.0625
vt 0.87727 0.0625
vt 0.87727 -0.0625
vt 0.87727 0.0625
vt 0.87727 -0.0625
vt 0.89439 0.0625
vt 0.89439 -0.0625
vt 0.89439 0.0625
vt 0.89439 -0.0625
vt 0.89519 0.0625
vt 0.89519 -0.0625
vt 0.89519 0.0625
vt 0.89519 -0.0625
vt 0.91333 0.0625
vt 0.91333 -0.0625
vt 0.91333 0.0625
vt 0.91333 -0.0625
vt 0.91406 0.0625
vt 0.91406 -0.0625
vt 0.91406 0.0625
vt 0.91406 -0.0625
vt 0.93227 0.0625
vt 0.93227 -0.0625
vt 0.93227 0.0625
vt 0.93227 -0.0625
vt 0.93307 0.0625
vt 0.93307 -0.0625
vt 0.93307 0.0625
vt 0.93307 -0.0625
vt 0.95043 0.0625
vt 0.95043 -0.0625
vt 0.95043 0.0625
vt 0.95043 -0.0625
vt 0.95129 0.0625
vt 0.95129 -0.0625
vt 0.95129 0.0625
vt 0.95129 -0.0625
vt 0.96778 0.0625
vt 0.96778 -0.0625
vt 0.96778 0.0625
vt 0.96778 -0.0625
vt 0.96873 0.0625
vt 0.96873 -0.0625
vt 0.96873 0.0625
vt 0.96873 -0.0625
vt 0.98439 0.0625
vt 0.98439 -0.0625
vt 0.98439 0.0625
vt 0.98439 -0.0625
vt 0.98547 0.0625
vt 0.98547 -0.0625
vt 0.98547 0.0625
vt 0.98547 -0.0625
vt 1.00031 0.0625
vt 1.00031 -0.0625
vt 1.00031 0.0625
vt 1.00031 -0.0625
vt 1.00149 0.0625
vt 1.00149 -0.0625
vt 1.00149 0.0625
vt 1.00149 -0.0625
vt 1.01553 0.0625
vt 1.01553 -0.0625
vt 1.01553 0.0625
vt 1.01553 -0.0625
vt 1.01687 0.0625
vt 1.01687 -0.0625
vt 1.01687 0.0625
vt 1.01687 -0.0625
vt 1.03013 0.0625
vt 1.03013 -0.0625
vt 1.03013 0.0625
vt 1.03013 -0.0625
vt 1.03172 0.0625
vt 1.03172 -0.0625
vt 1.03172 0.0625
vt 1.03172 -0.0625
vt 1.04917 0.0625
vt 1.04917 -0.0625
vt 1.04917 0.0625
vt 1.04917 -0.0625
vt 1.05106 0.0625
vt 1.05106 -0.0625
vt 1.05106 0.0625
vt 1.05106 -0.0625
vt 1.06741 0.0625
vt 1.06741 -0.0625
vt 1.06741 0.0625
vt 1.06741 -0.0625
vt 1.06958 0.0625
vt 1.06958 -0.0625
vt 1.06958 0.0625
vt 1.06958 -0.0625
vt 1.08489 0.0625
vt 1.08489 -0.0625
vt 1.08489 0.0625
vt 1.08489 -0.0625
vt 1.08735 0.0625
vt 1.08735 -0.0625
vt 1.08735 0.0625
vt 1.08735 -0.0625
vt 1.10171 0.0625
vt 1.10171 -0.0625
vt 1.10171 0.0625
vt 1.10171 -0.0625
vt 1.10449 0.0625
vt 1.10449 -0.0625
vt 1.10449 0.0625
vt 1.10449 -0.0625
vt 1.118 0.0625
vt 1.118 -0.0625
vt 1.118 0.0625
vt 1.118 -0.0625
vt 1.12115 0.0625
vt 1.12115 -0.0625
vt 1.12115 0.0625
vt 1.12115 -0.0625
vt 1.13719 0.0625
vt 1.13719 -0.0625
vt 1.13719 0.0625
vt 1.13719 -0.0625
vt 1.1406 0.0625
vt 1.1406 -0.0625
vt 1.1406 0.0625
vt 1.1406 -0.0625
vt 1.15605 0.0625
vt 1.15605 -0.0625
vt 1.15605 0.0625
vt 1.15605 -0.0625
vt 1.15967 0.0625
vt 1.15967 -0.0625
vt 1.15967 0.0625
vt 1.15967 -0.0625
vt 1.17472 0.0625
vt 1.17472 -0.0625
vt 1.17472 0.0625
vt 1.17472 -0.0625
vt 1.17853 0.0625
vt 1.17853 -0.0625
vt 1.17853 0.0625
vt 1.17853 -0.0625
vt 1.1934 0.0625
vt 1.1934 -0.0625
vt 1.1934 0.0625
vt 1.1934 -0.0625
vt 1.19666 0.0625
vt 1.19666 -0.0625
vt 1.19666 0.0625
vt 1.19666 -0.0625
vt 1.21159 0.0625
vt 1.21159 -0.0625
vt 1.21159 0.0625
vt 1.21159 -0.0625
vt 1.21427 0.0625
vt 1.21427 -0.0625
vt 1.21427 0.0625
vt 1.21427 -0.0625
vt 1.22944 0.0625
vt 1.22944 -0.0625
vt 1.22944 0.0625
vt 1.22944 -0.0625
vt 1.23202 0.0625
vt 1.23202 -0.0625
vt 1.23202 0.0625
vt 1.23202 -0.0625
vt 1.24754 0.0625
vt 1.24754 -0.0625
vt 1.24754 0.0625
vt 1.24754 -0.0625
vt 1.24999 0.0625
vt 1.24999 -0.0625
vt 1.24999 0.0625
vt 1.24999 -0.0625
vt 1.26595 0.0625
vt 1.26595 -0.0625
vt 1.26595 0.0625
vt 1.26595 -0.0625
vt 1.26712 0.0625
vt 1.26712 -0.0625
vt 1.26712 0.0625
vt 1.26712 -0.0625
vt 1.50758 0.0625
vt 1.50758 -0.0625
vt 1.50758 0.0625
vt 1.50758 -0.0625
vt 1.50876 0.0625
vt 1.50876 -0.0625
vt 1.50876 0.0625
vt 1.50876 -0.0625
vt 1.52451 0.0625
vt 1.52451 -0.0625
vt 1.52451 0.0625
vt 1.52451 -0.0625
vt 1.52711 0.0625
vt 1.52711 -0.0625
vt 1.52711 0.0625
vt 1.52711 -0.0625
vt 1.542 0.0625
vt 1.542 -0.0625
vt 1.542 0.0625
vt 1.542 -0.0625
vt 1.54488 0.0625
vt 1.54488 -0.0625
vt 1.54488 0.0625
vt 1.54488 -0.0625
vt 1.55902 0.0625
vt 1.55902 -0.0625
vt 1.55902 0.0625
vt 1.55902 -0.0625
vt 1.56219 0.0625
vt 1.56219 -0.0625
vt 1.56219 0.0625
vt 1.56219 -0.0625
vt 1.57571 0.0625
vt 1.57571 -0.0625
vt 1.57571 0.0625
vt 1.57571 -0.0625
vt 1.57985 0.0625
vt 1.57985 -0.0625
vt 1.57985 0.0625
vt 1.57985 -0.0625
vt 1.5929 0.0625
vt 1.5929 -0.0625
vt 1.5929 0.0625
vt 1.5929 -0.0625
vt 1.59797 0.0625
vt 1.59797 -0.0625
vt 1.59797 0.0625
vt 1.59797 -0.0625
vt 1.61082 0.0625
vt 1.61082 -0.0625
vt 1.61082 0.0625
vt 1.61082 -0.0625
vt 1.61587 0.0625
vt 1.61587 -0.0625
vt 1.61587 0.0625
vt 1.61587 -0.0625
vt 1.62886 0.0625
vt 1.62886 -0.0625
vt 1.62886 0.0625
vt 1.62886 -0.0625
vt 1.6337 0.0625
vt 1.6337 -0.0625
vt 1.6337 0.0625
vt 1.6337 -0.0625
vt 1.64717 0.0625
vt 1.64717 -0.0625
vt 1.64717 0.0625
vt 1.64717 -0.0625
vt 1.65165 0.0625
vt 1.65165 -0.0625
vt 1.65165 0.0625
vt 1.65165 -0.0625
vt 1.66308 0.0625
vt 1.66308 -0.0625
vt 1.66308 0.0625
vt 1.66308 -0.0625
vt 1.66697 0.0625
vt 1.66697 -0.0625
vt 1.66697 0.0625
vt 1.66697 -0.0625
vt 1.67931 0.0625
vt 1.67931 -0.0625
vt 1.67931 0.0625
vt 1.67931 -0.0625
vt 1.68263 0.0625
vt 1.68263 -0.0625
vt 1.68263 0.0625
vt 1.68263 -0.0625
vt 1.69604 0.0625
vt 1.69604 -0.0625
vt 1.69604 0.0625
vt 1.69604 -0.0625
vt 1.69888 0.0625
vt 1.69888 -0.0625
vt 1.69888 0.0625
vt 1.69888 -0.0625
vt 1.71349 0.0625
vt 1.71349 -0.0625
vt 1.71349 0.0625
vt 1.71349 -0.0625
vt 1.71584 0.0625
vt 1.71584 -0.0625
vt 1.71584 0.0625
vt 1.71584 -0.0625
vt 1.73175 0.0625
vt 1.73175 -0.0625
vt 1.73175 0.0625
vt 1.73175 -0.0625
vt 1.73361 0.0625
vt 1.73361 -0.0625
vt 1.73361 0.0625
vt 1.73361 -0.0625
vt 1.74591 0.0625
vt 1.74591 -0.0625
vt 1.74591 0.0625
vt 1.74591 -0.0625
vt 1.74737 0.0625
vt 1.74737 -0.0625
vt 1.74737 0.0625
vt 1.74737 -0.0625
vt 1.76059 0.0625
vt 1.76059 -0.0625
vt 1.76059 0.0625
vt 1.76059 -0.0625
vt 1.7619 0.0625
vt 1.7619 -0.0625
vt 1.7619 0.0625
vt 1.7619 -0.0625
vt 1.77607 0.0625
vt 1.77607 -0.0625
vt 1.77607 0.0625
vt 1.77607 -0.0625
vt 1.77716 0.0625
vt 1.77716 -0.0625
vt 1.77716 0.0625
vt 1.77716 -0.0625
vt 1.7923 0.0625
vt 1.7923 -0.0625
vt 1.7923 0.0625
vt 1.7923 -0.0625
vt 1.7933 0.0625
vt 1.7933 -0.0625
vt 1.7933 0.0625
vt 1.7933 -0.0625
vt 1.80944 0.0625
vt 1.80944 -0.0625
vt 1.80944 0.0625
vt 1.80944 -0.0625
vt 1.8103 0.0625
vt 1.8103 -0.0625
vt 1.8103 0.0625
vt 1.8103 -0.0625
vt 1.82742 0.0625
vt 1.82742 -0.0625
vt 1.82742 0.0625
vt 1.82742 -0.0625
vt 1.8282 0.0625
vt 1.8282 -0.0625
vt 1.8282 0.0625
vt 1.8282 -0.0625
vt 1.84634 0.0625
vt 1.84634 -0.0625
vt 1.84634 0.0625
vt 1.84634 -0.0625
vt 1.84704 0.0625
vt 1.84704 -0.0625
vt 1.84704 0.0625
vt 1.84704 -0.0625
vt 1.86525 0.0625
vt 1.86525 -0.0625
vt 0 0.0625
vt 0 -0.0625
vt 0.01713 0.0625
vt 0.01713 -0.0625
vt 0.01713 0.0625
vt 0.01713 -0.0625
vt 0.03326 0.0625
vt 0.03326 -0.0625
vt 0.03326 0.0625
vt 0.03326 -0.0625
vt 0.0484 0.0625
vt 0.0484 -0.0625
vt 0.0484 0.0625
vt 0.0484 -0.0625
vt 0.06258 0.0625
vt 0.06258 -0.0625
vt 0.06258 0.0625
vt 0.06258 -0.0625
vt 0.0758 0.0625
vt 0.0758 -0.0625
vt 0.0758 0.0625
vt 0.0758 -0.0625
vt 0.0881 0.0625
vt 0.0881 -0.0625
vt 0.0881 0.0625
vt 0.0881 -0.0625
vt 0.10401 0.0625
vt 0.10401 -0.0625
vt 0.10401 0.0625
vt 0.10401 -0.0625
vt 0.11862 0.0625
vt 0.11862 -0.0625
vt 0.11862 0.0625
vt 0.11862 -0.0625
vt 0.13203 0.0625
vt 0.13203 -0.0625
vt 0.13203 0.0625
vt 0.13203 -0.0625
vt 0.14437 0.0625
vt 0.14437 -0.0625
vt 0.14437 0.0625
vt 0.14437 -0.0625
vt 0.1558 0.0625
vt 0.1558 -0.0625
vt 0.1558 0.0625
vt 0.1558 -0.0625
vt 0.16927 0.0625
vt 0.16927 -0.0625
vt 0.16927 0.0625
vt 0.16927 -0.0625
vt 0.18226 0.0625
vt 0.18226 -0.0625
vt 0.18226 0.0625
vt 0.18226 -0.0625
vt 0.19511 0.0625
vt 0.19511 -0.0625
vt 0.19511 0.0625
vt 0.19511 -0.0625
vt 0.20816 0.0625
vt 0.20816 -0.0625
vt 0.20816 0.0625
vt 0.20816 -0.0625
vt 0.22168 0.0625
vt 0.22168 -0.0625
vt 0.22168 0.0625
vt 0.22168 -0.0625
vt 0.23582 0.0625
vt 0.23582 -0.0625
vt 0.23582 0.0625
vt 0.23582 -0.0625
vt 0.25071 0.0625
vt 0.25071 -0.0625
vt 0.25071 0.0625
vt 0.25071 -0.0625
vt 0.26646 0.0625
vt 0.26646 -0.0625
vt 0.26646 0.0625
vt 0.26646 -0.0625
vt 0.50691 0.0625
vt 0.50691 -0.0625
vt 0.50691 0.0625
vt 0.50691 -0.0625
vt 0.52287 0.0625
vt 0.52287 -0.0625
vt 0.52287 0.0625
vt 0.52287 -0.0625
vt 0.53839 0.0625
vt 0.53839 -0.0625
vt 0.53839 0.0625
vt 0.53839 -0.0625
vt 0.55356 0.0625
vt 0.55356 -0.0625
vt 0.55356 0.0625
vt 0.55356 -0.0625
vt 0.5685 0.0625
vt 0.5685 -0.0625
vt 0.5685 0.0625
vt 0.5685 -0.0625
vt 0.58336 0.0625
vt 0.58336 -0.0625
vt 0.58336 0.0625
vt 0.58336 -0.0625
vt 0.59841 0.0625
vt 0.59841 -0.0625
vt 0.59841 0.0625
vt 0.59841 -0.0625
vt 0.61385 0.0625
vt 0.61385 -0.0625
vt 0.61385 0.0625
vt 0.61385 -0.0625
vt 0.62989 0.0625
vt 0.62989 -0.0625
vt 0.62989 0.0625
vt 0.62989 -0.0625
vt 0.6434 0.0625
vt 0.6434 -0.0625
vt 0.6434 0.0625
vt 0.6434 -0.0625
vt 0.65775 0.0625
vt 0.65775 -0.0625
vt 0.65775 0.0625
vt 0.65775 -0.0625
vt 0.67306 0.0625
vt 0.67306 -0.0625
vt 0.67306 0.0625
vt 0.67306 -0.0625
vt 0.68941 0.0625
vt 0.68941 -0.0625
vt 0.68941 0.0625
vt 0.68941 -0.0625
vt 0.70686 0.0625
vt 0.70686 -0.0625
vt 0.70686 0.0625
vt 0.70686 -0.0625
vt 0.72012 0.0625
vt 0.72012 -0.0625
vt 0.72012 0.0625
vt 0.72012 -0.0625
vt 0.73415 0.0625
vt 0.73415 -0.0625
vt 0.73415 0.0625
vt 0.73415 -0.0625
vt 0.74899 0.0625
vt 0.74899 -0.0625
vt 0.74899 0.0625
vt 0.74899 -0.0625
vt 0.76465 0.0625
vt 0.76465 -0.0625
vt 0.76465 0.0625
vt 0.76465 -0.0625
vt 0.78115 0.0625
vt 0.78115 -0.0625
vt 0.78115 0.0625
vt 0.78115 -0.0625
vt 0.7985 0.0625
vt 0.7985 -0.0625
vt 0.7985 0.0625
vt 0.7985 -0.0625
vt 0.81672 0.0625
vt 0.81672 -0.0625
vt 0.81672 0.0625
vt 0.81672 -0.0625
vt 0.83486 0.0625
vt 0.83486 -0.0625
vt 0.83486 0.0625
vt 0.83486 -0.0625
vt 0.85198 0.0625
vt 0.85198 -0.0625
vt 0.85198 0.0625
vt 0.85198 -0.0625
vt 0.86811 0.0625
vt 0.86811 -0.0625
vt 0.86811 0.0625
vt 0.86811 -0.0625
vt 0.88324 0.0625
vt 0.88324 -0.0625
vt 0.88324 0.0625
vt 0.88324 -0.0625
vt 0.89741 0.0625
vt 0.89741 -0.0625
vt 0.89741 0.0625
vt 0.89741 -0.0625
vt 0.91064 0.0625
vt 0.91064 -0.0625
vt 0.91064 0.0625
vt 0.91064 -0.0625
vt 0.92294 0.0625
vt 0.92294 -0.0625
vt 0.92294 0.0625
vt 0.92294 -0.0625
vt 0.93887 0.0625
vt 0.93887 -0.0625
vt 0.93887 0.0625
vt 0.93887 -0.0625
vt 0.9535 0.0625
vt 0.9535 -0.0625
vt 0.9535 0.0625
vt 0.9535 -0.0625
vt 0.96693 0.0625
vt 0.96693 -0.0625
vt 0.96693 0.0625
vt 0.96693 -0.0625
vt 0.97928 0.0625
vt 0.97928 -0.0625
vt 0.97928 0.0625
vt 0.97928 -0.0625
vt 0.99072 0.0625
vt 0.99072 -0.0625
vt 0.99072 0.0625
vt 0.99072 -0.0625
vt 1.00418 0.0625
vt 1.00418 -0.0625
vt 1.00418 0.0625
vt 1.00418 -0.0625
vt 1.01713 0.0625
vt 1.01713 -0.0625
vt 1.01713 0.0625
vt 1.01713 -0.0625
vt 1.02993 0.0625
vt 1.02993 -0.0625
vt 1.02993 0.0625
vt 1.02993 -0.0625
vt 1.04294 0.0625
vt 1.04294 -0.0625
vt 1.04294 0.0625
vt 1.04294 -0.0625
vt 1.05645 0.0625
vt 1.05645 -0.0625
vt 1.05645 0.0625
vt 1.05645 -0.0625
vt 1.07058 0.0625
vt 1.07058 -0.0625
vt 1.07058 0.0625
vt 1.07058 -0.0625
vt 1.08547 0.0625
vt 1.08547 -0.0625
vt 1.08547 0.0625
vt 1.08547 -0.0625
vt 1.10122 0.0625
vt 1.10122 -0.0625
vt 1.10122 0.0625
vt 1.10122 -0.0625
vt 1.34168 0.0625
vt 1.34168 -0.0625
vt 1.34168 0.0625
vt 1.34168 -0.0625
vt 1.35763 0.0625
vt 1.35763 -0.0625
vt 1.35763 0.0625
vt 1.35763 -0.0625
vt 1.37313 0.0625
vt 1.37313 -0.0625
vt 1.37313 0.0625
vt 1.37313 -0.0625
vt 1.38826 0.0625
vt 1.38826 -0.0625
vt 1.38826 0.0625
vt 1.38826 -0.0625
vt 1.40313 0.0625
vt 1.40313 -0.0625
vt 1.40313 0.0625
vt 1.40313 -0.0625
vt 1.41792 0.0625
vt 1.41792 -0.0625
vt 1.41792 0.0625
vt 1.41792 -0.0625
vt 1.43289 0.0625
vt 1.43289 -0.0625
vt 1.43289 0.0625
vt 1.43289 -0.0625
vt 1.44829 0.0625
vt 1.44829 -0.0625
vt 1.44829 0.0625
vt 1.44829 -0.0625
vt 1.46431 0.0625
vt 1.46431 -0.0625
vt 1.46431 0.0625
vt 1.46431 -0.0625
vt 1.47781 0.0625
vt 1.47781 -0.0625
vt 1.47781 0.0625
vt 1.47781 -0.0625
vt 1.49214 0.0625
vt 1.49214 -0.0625
vt 1.49214 0.0625
vt 1.49214 -0.0625
vt 1.50741 0.0625
vt 1.50741 -0.0625
vt 1.50741 0.0625
vt 1.50741 -0.0625
vt 1.52371 0.0625
vt 1.52371 -0.0625
vt 1.52371 0.0625
vt 1.52371 -0.0625
vt 1.54111 0.0625
vt 1.54111 -0.0625
vt 1.54111 0.0625
vt 1.54111 -0.0625
vt 1.55433 0.0625
vt 1.55433 -0.0625
vt 1.55433 0.0625
vt 1.55433 -0.0625
vt 1.56834 0.0625
vt 1.56834 -0.0625
vt 1.56834 0.0625
vt 1.56834 -0.0625
vt 1.58316 0.0625
vt 1.58316 -0.0625
vt 1.58316 0.0625
vt 1.58316 -0.0625
vt 1.59881 0.0625
vt 1.59881 -0.0625
vt 1.59881 0.0625
vt 1.59881 -0.0625
vt 1.6153 0.0625
vt 1.6153 -0.0625
vt 1.6153 0.0625
vt 1.6153 -0.0625
vt 1.63264 0.0625
vt 1.63264 -0.0625
vt 1.63264 0.0625
vt 1.63264 -0.0625
vt 1.65086 0.0625
vt 1.65086 -0.0625
vt 1.65086 0.0625
vt 1.65086 -0.0625
vt 1.669 0.0625
vt 1.669 -0.0625
vt 0 0.0625
vt 0 -0.0625
vt 0.01464 0.0625
vt 0.01464 -0.0625
vt 0.01464 0.0625
vt 0.01464 -0.0625
vt 0.0305 0.0625
vt 0.0305 -0.0625
vt 0.0305 0.0625
vt 0.0305 -0.0625
vt 0.04336 0.0625
vt 0.04336 -0.0625
vt 0.04336 0.0625
vt 0.04336 -0.0625
vt 0.05903 0.0625
vt 0.05903 -0.0625
vt 0.05903 0.0625
vt 0.05903 -0.0625
vt 0.07387 0.0625
vt 0.07387 -0.0625
vt 0.07387 0.0625
vt 0.07387 -0.0625
vt 0.07965 0.0625
vt 0.07965 -0.0625
vt 0.07965 0.0625
vt 0.07965 -0.0625
vt 0.22286 0.0625
vt 0.22286 -0.0625
vt 0.22286 0.0625
vt 0.22286 -0.0625
vt 0.22982 0.0625
vt 0.22982 -0.0625
vt 0.22982 0.0625
vt 0.22982 -0.0625
vt 0.24305 0.0625
vt 0.24305 -0.0625
vt 0.24305 0.0625
vt 0.24305 -0.0625
vt 0.25634 0.0625
vt 0.25634 -0.0625
vt 0.25634 0.0625
vt 0.25634 -0.0625
vt 0.27131 0.0625
vt 0.27131 -0.0625
vt 0.27131 0.0625
vt 0.27131 -0.0625
vt 0.27648 0.0625
vt 0.27648 -0.0625
vt 0.27648 0.0625
vt 0.27648 -0.0625
vt 0.30426 0.0625
vt 0.30426 -0.0625
vt 0.30426 0.0625
vt 0.30426 -0.0625
vt 0.30915 0.0625
vt 0.30915 -0.0625
vt 0.30915 0.0625
vt 0.30915 -0.0625
vt 0.32498 0.0625
vt 0.32498 -0.0625
vt 0.32498 0.0625
vt 0.32498 -0.0625
vt 0.33564 0.0625
vt 0.33564 -0.0625
vt 0.33564 0.0625
vt 0.33564 -0.0625
vt 0.34956 0.0625
vt 0.34956 -0.0625
vt 0.34956 0.0625
vt 0.34956 -0.0625
vt 0.47426 0.0625
vt 0.47426 -0.0625
vt 0.47426 0.0625
vt 0.47426 -0.0625
vt 0.48044 0.0625
vt 0.48044 -0.0625
vt 0.48044 0.0625
vt 0.48044 -0.0625
vt 0.49434 0.0625
vt 0.49434 -0.0625
vt 0.49434 0.0625
vt 0.49434 -0.0625
vt 0.51475 0.0625
vt 0.51475 -0.0625
vt 0.51475 0.0625
vt 0.51475 -0.0625
vt 0.52554 0.0625
vt 0.52554 -0.0625
vt 0.52554 0.0625
vt 0.52554 -0.0625
vt 0.5463 0.0625
vt 0.5463 -0.0625
vt 0.5463 0.0625
vt 0.5463 -0.0625
vt 0.55999 0.0625
vt 0.55999 -0.0625
vt 0.55999 0.0625
vt 0.55999 -0.0625
vt 0.56637 0.0625
vt 0.56637 -0.0625
vt 0.56637 0.0625
vt 0.56637 -0.0625
vt 0.67332 0.0625
vt 0.67332 -0.0625
vt 0.67332 0.0625
vt 0.67332 -0.0625
vt 0.67927 0.0625
vt 0.67927 -0.0625
vt 0.67927 0.0625
vt 0.67927 -0.0625
vt 0.69392 0.0625
vt 0.69392 -0.0625
vt 0.69392 0.0625
vt 0.69392 -0.0625
vt 0.70979 0.0625
vt 0.70979 -0.0625
vt 0.70979 0.0625
vt 0.70979 -0.0625
vt 0.72265 0.0625
vt 0.72265 -0.0625
vt 0.72265 0.0625
vt 0.72265 -0.0625
vt 0.73832 0.0625
vt 0.73832 -0.0625
vt 0.73832 0.0625
vt 0.73832 -0.0625
vt 0.75316 0.0625
vt 0.75316 -0.0625
vt 0.75316 0.0625
vt 0.75316 -0.0625
vt 0.75894 0.0625
vt 0.75894 -0.0625
vt 0.75894 0.0625
vt 0.75894 -0.0625
vt 1.21588 0.0625
vt 1.21588 -0.0625
vt 1.21588 0.0625
vt 1.21588 -0.0625
vt 1.22207 0.0625
vt 1.22207 -0.0625
vt 1.22207 0.0625
vt 1.22207 -0.0625
vt 1.23596 0.0625
vt 1.23596 -0.0625
vt 1.23596 0.0625
vt 1.23596 -0.0625
vt 1.25639 0.0625
vt 1.25639 -0.0625
vt 1.25639 0.0625
vt 1.25639 -0.0625
vt 1.26719 0.0625
vt 1.26719 -0.0625
vt 1.26719 0.0625
vt 1.26719 -0.0625
vt 1.28793 0.0625
vt 1.28793 -0.0625
vt 1.28793 0.0625
vt 1.28793 -0.0625
vt 1.30161 0.0625
vt 1.30161 -0.0625
vt 1.30161 0.0625
vt 1.30161 -0.0625
vt 1.308 0.0625
vt 1.308 -0.0625
vt 1.308 0.0625
vt 1.308 -0.0625
vt 1.4205 0.0625
vt 1.4205 -0.0625
vt 1.4205 0.0625
vt 1.4205 -0.0625
vt 1.42591 0.0625
vt 1.42591 -0.0625
vt 1.42591 0.0625
vt 1.42591 -0.0625
vt 1.43932 0.0625
vt 1.43932 -0.0625
vt 1.43932 0.0625
vt 1.43932 -0.0625
vt 1.45038 0.0625
vt 1.45038 -0.0625
vt 1.45038 0.0625
vt 1.45038 -0.0625
vt 1.46414 0.0625
vt 1.46414 -0.0625
vt 1.46414 0.0625
vt 1.46414 -0.0625
vt 1.47359 0.0625
vt 1.47359 -0.0625
vt 1.47359 0.0625
vt 1.47359 -0.0625
vt 1.48924 0.0625
vt 1.48924 -0.0625
vt 1.48924 0.0625
vt 1.48924 -0.0625
vt 1.49276 0.0625
vt 1.49276 -0.0625
vt 1.49276 0.0625
vt 1.49276 -0.0625
vt 1.60926 0.0625
vt 1.60926 -0.0625
vt 1.60926 0.0625
vt 1.60926 -0.0625
vt 1.70235 0.0625
vt 1.70235 -0.0625
vt 1.70235 0.0625
vt 1.70235 -0.0625
vt 1.70699 0.0625
vt 1.70699 -0.0625
vt 1.70699 0.0625
vt 1.70699 -0.0625
vt 1.72024 0.0625
vt 1.72024 -0.0625
vt 1.72024 0.0625
vt 1.72024 -0.0625
vt 1.73351 0.0625
vt 1.73351 -0.0625
vt 1.73351 0.0625
vt 1.73351 -0.0625
vt 1.74521 0.0625
vt 1.74521 -0.0625
vt 1.74521 0.0625
vt 1.74521 -0.0625
vt 1.75918 0.0625
vt 1.75918 -0.0625
vt 1.75918 0.0625
vt 1.75918 -0.0625
vt 1.7718 0.0625
vt 1.7718 -0.0625
vt 1.7718 0.0625
vt 1.7718 -0.0625
vt 1.77755 0.0625
vt 1.77755 -0.0625
vt 1.77755 0.0625
vt 1.77755 -0.0625
vt 1.88936 0.0625
vt 1.88936 -0.0625
vt 1.88936 0.0625
vt 1.88936 -0.0625
vt 1.89532 0.0625
vt 1.89532 -0.0625
vt 1.89532 0.0625
vt 1.89532 -0.0625
vt 1.90996 0.0625
vt 1.90996 -0.0625
vt 1.90996 0.0625
vt 1.90996 -0.0625
vt 1.92582 0.0625
vt 1.92582 -0.0625
vt 1.92582 0.0625
vt 1.92582 -0.0625
vt 1.93868 0.0625
vt 1.93868 -0.0625
vt 1.93868 0.0625
vt 1.93868 -0.0625
vt 1.95435 0.0625
vt 1.95435 -0.0625
vt 1.95435 0.0625
vt 1.95435 -0.0625
vt 1.96919 0.0625
vt 1.96919 -0.0625
vt 1.96919 0.0625
vt 1.96919 -0.0625
vt 1.97497 0.0625
vt 1.97497 -0.0625
vt 1.97497 0.0625
vt 1.97497 -0.0625
vt 2.43192 0.0625
vt 2.43192 -0.0625
vt 2.43192 0.0625
vt 2.43192 -0.0625
vt 2.4381 0.0625
vt 2.4381 -0.0625
vt 2.4381 0.0625
vt 2.4381 -0.0625
vt 2.45199 0.0625
vt 2.45199 -0.0625
vt 2.45199 0.0625
vt 2.45199 -0.0625
vt 2.47241 0.0625
vt 2.47241 -0.0625
vt 2.47241 0.0625
vt 2.47241 -0.0625
vt 2.48319 0.0625
vt 2.48319 -0.0625
vt 2.48319 0.0625
vt 2.48319 -0.0625
vt 2.50396 0.0625
vt 2.50396 -0.0625
vt 2.50396 0.0625
vt 2.50396 -0.0625
vt 2.51764 0.0625
vt 2.51764 -0.0625
vt 2.51764 0.0625
vt 2.51764 -0.0625
vt 2.52403 0.0625
vt 2.52403 -0.0625
vt 2.52403 0.0625
vt 2.52403 -0.0625
vt 2.6275 0.0625
vt 2.6275 -0.0625
vt 2.6275 0.0625
vt 2.6275 -0.0625
vt 2.63347 0.0625
vt 2.63347 -0.0625
vt 0 0.0625
vt 0 -0.0625
vt 0.01368 0.0625
vt 0.01368 -0.0625
vt 0.01368 0.0625
vt 0.01368 -0.0625
vt 0.02447 0.0625
vt 0.02447 -0.0625
vt 0.02447 0.0625
vt 0.02447 -0.0625
vt 0.03837 0.0625
vt 0.03837 -0.0625
vt 0.03837 0.0625
vt 0.03837 -0.0625
vt 0.49531 0.0625
vt 0.49531 -0.0625
vt 0.49531 0.0625
vt 0.49531 -0.0625
vt 0.51015 0.0625
vt 0.51015 -0.0625
vt 0.51015 0.0625
vt 0.51015 -0.0625
vt 0.52301 0.0625
vt 0.52301 -0.0625
vt 0.52301 0.0625
vt 0.52301 -0.0625
vt 0.53766 0.0625
vt 0.53766 -0.0625
vt 0.53766 0.0625
vt 0.53766 -0.0625
vt 0.64946 0.0625
vt 0.64946 -0.0625
vt 0.64946 0.0625
vt 0.64946 -0.0625
vt 0.66208 0.0625
vt 0.66208 -0.0625
vt 0.66208 0.0625
vt 0.66208 -0.0625
vt 0.67379 0.0625
vt 0.67379 -0.0625
vt 0.67379 0.0625
vt 0.67379 -0.0625
vt 0.68704 0.0625
vt 0.68704 -0.0625
vt 0.68704 0.0625
vt 0.68704 -0.0625
vt 0.80796 0.0625
vt 0.80796 -0.0625
vt 0.80796 0.0625
vt 0.80796 -0.0625
vt 0.81379 0.0625
vt 0.81379 -0.0625
vt 0.81379 0.0625
vt 0.81379 -0.0625
vt 0.81798 0.0625
vt 0.81798 -0.0625
vt 0.81798 0.0625
vt 0.81798 -0.0625
vt 0.82123 0.0625
vt 0.82123 -0.0625
vt 0.82123 0.0625
vt 0.82123 -0.0625
vt 0.82491 0.0625
vt 0.82491 -0.0625
vt 0.82491 0.0625
vt 0.82491 -0.0625
vt 0.83116 0.0625
vt 0.83116 -0.0625
vt 0.83116 0.0625
vt 0.83116 -0.0625
vt 0.83507 0.0625
vt 0.83507 -0.0625
vt 0.83507 0.0625
vt 0.83507 -0.0625
vt 0.83892 0.0625
vt 0.83892 -0.0625
vt 0.83892 0.0625
vt 0.83892 -0.0625
vt 0.84387 0.0625
vt 0.84387 -0.0625
vt 0.84387 0.0625
vt 0.84387 -0.0625
vt 0.85066 0.0625
vt 0.85066 -0.0625
vt 0.85066 0.0625
vt 0.85066 -0.0625
vt 0.9903 0.0625
vt 0.9903 -0.0625
vt 0.9903 0.0625
vt 0.9903 -0.0625
vt 1.00595 0.0625
vt 1.00595 -0.0625
vt 1.00595 0.0625
vt 1.00595 -0.0625
vt 1.01971 0.0625
vt 1.01971 -0.0625
vt 1.01971 0.0625
vt 1.01971 -0.0625
vt 1.03312 0.0625
vt 1.03312 -0.0625
vt 1.03312 0.0625
vt 1.03312 -0.0625
vt 1.14562 0.0625
vt 1.14562 -0.0625
vt 1.14562 0.0625
vt 1.14562 -0.0625
vt 1.1593 0.0625
vt 1.1593 -0.0625
vt 1.1593 0.0625
vt 1.1593 -0.0625
vt 1.1701 0.0625
vt 1.1701 -0.0625
vt 1.1701 0.0625
vt 1.1701 -0.0625
vt 1.18399 0.0625
vt 1.18399 -0.0625
vt 1.18399 0.0625
vt 1.18399 -0.0625
vt 1.64093 0.0625
vt 1.64093 -0.0625
vt 1.64093 0.0625
vt 1.64093 -0.0625
vt 1.65577 0.0625
vt 1.65577 -0.0625
vt 1.65577 0.0625
vt 1.65577 -0.0625
vt 1.66864 0.0625
vt 1.66864 -0.0625
vt 1.66864 0.0625
vt 1.66864 -0.0625
vt 1.68329 0.0625
vt 1.68329 -0.0625
vt 1.68329 0.0625
vt 1.68329 -0.0625
vt 1.79023 0.0625
vt 1.79023 -0.0625
vt 1.79023 0.0625
vt 1.79023 -0.0625
vt 1.80392 0.0625
vt 1.80392 -0.0625
vt 1.80392 0.0625
vt 1.80392 -0.0625
vt 1.81471 0.0625
vt 1.81471 -0.0625
vt 1.81471 0.0625
vt 1.81471 -0.0625
vt 1.8286 0.0625
vt 1.8286 -0.0625
vt 1.8286 0.0625
vt 1.8286 -0.0625
vt 2.07682 0.0625
vt 2.07682 -0.0625
vt 2.07682 0.0625
vt 2.07682 -0.0625
vt 2.16999 0.0625
vt 2.16999 -0.0625
vt 2.16999 0.0625
vt 2.16999 -0.0625
vt 2.18687 0.0625
vt 2.18687 -0.0625
vt 2.18687 0.0625
vt 2.18687 -0.0625
vt 2.20233 0.0625
vt 2.20233 -0.0625
vt 2.20233 0.0625
vt 2.20233 -0.0625
vt 2.21816 0.0625
vt 2.21816 -0.0625
vt 2.21816 0.0625
vt 2.21816 -0.0625
vt 2.24593 0.0625
vt 2.24593 -0.0625
vt 2.24593 0.0625
vt 2.24593 -0.0625
vt 2.26091 0.0625
vt 2.26091 -0.0625
vt 2.26091 0.0625
vt 2.26091 -0.0625
vt 2.27413 0.0625
vt 2.27413 -0.0625
vt 2.27413 0.0625
vt 2.27413 -0.0625
vt 2.28841 0.0625
vt 2.28841 -0.0625
vt 2.28841 0.0625
vt 2.28841 -0.0625
vt 2.36898 0.0625
vt 2.36898 -0.0625
vt 2.36898 0.0625
vt 2.36898 -0.0625
vt 2.6172 0.0625
vt 2.6172 -0.0625
vt 2.6172 0.0625
vt 2.6172 -0.0625
vt 2.63204 0.0625
vt 2.63204 -0.0625
vt 2.63204 0.0625
vt 2.63204 -0.0625
vt 2.64491 0.0625
vt 2.64491 -0.0625
vt 2.64491 0.0625
vt 2.64491 -0.0625
vt 2.65955 0.0625
vt 2.65955 -0.0625
vt 2.65955 0.0625
vt 2.65955 -0.0625
vt 2.76302 0.0625
vt 2.76302 -0.0625
vt 0 0.0625
vt 0 -0.0625
vt 0.01465 0.0625
vt 0.01465 -0.0625
vt 0.01465 0.0625
vt 0.01465 -0.0625
vt 0.03051 0.0625
vt 0.03051 -0.0625
vt 0.03051 0.0625
vt 0.03051 -0.0625
vt 0.04338 0.0625
vt 0.04338 -0.0625
vt 0.04338 0.0625
vt 0.04338 -0.0625
vt 0.05904 0.0625
vt 0.05904 -0.0625
vt 0.05904 0.0625
vt 0.05904 -0.0625
vt 0.07389 0.0625
vt 0.07389 -0.0625
vt 0.07389 0.0625
vt 0.07389 -0.0625
vt 0.07967 0.0625
vt 0.07967 -0.0625
vt 0.07967 0.0625
vt 0.07967 -0.0625
vt 0.16217 0.0625
vt 0.16217 -0.0625
vt 0.16217 0.0625
vt 0.16217 -0.0625
vt 0.16838 0.0625
vt 0.16838 -0.0625
vt 0.16838 0.0625
vt 0.16838 -0.0625
vt 0.18227 0.0625
vt 0.18227 -0.0625
vt 0.18227 0.0625
vt 0.18227 -0.0625
vt 0.20266 0.0625
vt 0.20266 -0.0625
vt 0.20266 0.0625
vt 0.20266 -0.0625
vt 0.21345 0.0625
vt 0.21345 -0.0625
vt 0.21345 0.0625
vt 0.21345 -0.0625
vt 0.23422 0.0625
vt 0.23422 -0.0625
vt 0.23422 0.0625
vt 0.23422 -0.0625
vt 0.2479 0.0625
vt 0.2479 -0.0625
vt 0.2479 0.0625
vt 0.2479 -0.0625
vt 0.25428 0.0625
vt 0.25428 -0.0625
vt 0.25428 0.0625
vt 0.25428 -0.0625
vt 0.28264 0.0625
vt 0.28264 -0.0625
vt 0.28264 0.0625
vt 0.28264 -0.0625
vt 0.28564 0.0625
vt 0.28564 -0.0625
vt 0.28564 0.0625
vt 0.28564 -0.0625
vt 0.30151 0.0625
vt 0.30151 -0.0625
vt 0.30151 0.0625
vt 0.30151 -0.0625
vt 0.31438 0.0625
vt 0.31438 -0.0625
vt 0.31438 0.0625
vt 0.31438 -0.0625
vt 0.33002 0.0625
vt 0.33002 -0.0625
vt 0.33002 0.0625
vt 0.33002 -0.0625
vt 0.34486 0.0625
vt 0.34486 -0.0625
vt 0.34486 0.0625
vt 0.34486 -0.0625
vt 0.35064 0.0625
vt 0.35064 -0.0625
vt 0.35064 0.0625
vt 0.35064 -0.0625
vt 0.4261 0.0625
vt 0.4261 -0.0625
vt 0.4261 0.0625
vt 0.4261 -0.0625
vt 0.43229 0.0625
vt 0.43229 -0.0625
vt 0.43229 0.0625
vt 0.43229 -0.0625
vt 0.44618 0.0625
vt 0.44618 -0.0625
vt 0.44618 0.0625
vt 0.44618 -0.0625
vt 0.46658 0.0625
vt 0.46658 -0.0625
vt 0.46658 0.0625
vt 0.46658 -0.0625
vt 0.47738 0.0625
vt 0.47738 -0.0625
vt 0.47738 0.0625
vt 0.47738 -0.0625
vt 0.48731 0.0625
vt 0.48731 -0.0625
vt 0.48731 0.0625
vt 0.48731 -0.0625
vt 0.52396 0.0625
vt 0.52396 -0.0625
vt 0.52396 0.0625
vt 0.52396 -0.0625
vt 0.52992 0.0625
vt 0.52992 -0.0625
vt 0.52992 0.0625
vt 0.52992 -0.0625
vt 0.54457 0.0625
vt 0.54457 -0.0625
vt 0.54457 0.0625
vt 0.54457 -0.0625
vt 0.56044 0.0625
vt 0.56044 -0.0625
vt 0.56044 0.0625
vt 0.56044 -0.0625
vt 0.5733 0.0625
vt 0.5733 -0.0625
vt 0.5733 0.0625
vt 0.5733 -0.0625
vt 0.58896 0.0625
vt 0.58896 -0.0625
vt 0.58896 0.0625
vt 0.58896 -0.0625
vt 0.6038 0.0625
vt 0.6038 -0.0625
vt 0.6038 0.0625
vt 0.6038 -0.0625
vt 0.60958 0.0625
vt 0.60958 -0.0625
vt 0.60958 0.0625
vt 0.60958 -0.0625
vt 0.69209 0.0625
vt 0.69209 -0.0625
vt 0.69209 0.0625
vt 0.69209 -0.0625
vt 0.69827 0.0625
vt 0.69827 -0.0625
vt 0.69827 0.0625
vt 0.69827 -0.0625
vt 0.71216 0.0625
vt 0.71216 -0.0625
vt 0.71216 0.0625
vt 0.71216 -0.0625
vt 0.73258 0.0625
vt 0.73258 -0.0625
vt 0.73258 0.0625
vt 0.73258 -0.0625
vt 0.74337 0.0625
vt 0.74337 -0.0625
vt 0.74337 0.0625
vt 0.74337 -0.0625
vt 0.76413 0.0625
vt 0.76413 -0.0625
vt 0.76413 0.0625
vt 0.76413 -0.0625
vt 0.77782 0.0625
vt 0.77782 -0.0625
vt 0.77782 0.0625
vt 0.77782 -0.0625
vt 0.78421 0.0625
vt 0.78421 -0.0625
vt 0.78421 0.0625
vt 0.78421 -0.0625
vt 1.10642 0.0625
vt 1.10642 -0.0625
vt 1.10642 0.0625
vt 1.10642 -0.0625
vt 1.11239 0.0625
vt 1.11239 -0.0625
vt 1.11239 0.0625
vt 1.11239 -0.0625
vt 1.12703 0.0625
vt 1.12703 -0.0625
vt 1.12703 0.0625
vt 1.12703 -0.0625
vt 1.14289 0.0625
vt 1.14289 -0.0625
vt 1.14289 0.0625
vt 1.14289 -0.0625
vt 1.15575 0.0625
vt 1.15575 -0.0625
vt 1.15575 0.0625
vt 1.15575 -0.0625
vt 1.17142 0.0625
vt 1.17142 -0.0625
vt 1.17142 0.0625
vt 1.17142 -0.0625
vt 1.18626 0.0625
vt 1.18626 -0.0625
vt 1.18626 0.0625
vt 1.18626 -0.0625
vt 1.19204 0.0625
vt 1.19204 -0.0625
vt 1.19204 0.0625
vt 1.19204 -0.0625
vt 1.64898 0.0625
vt 1.64898 -0.0625
vt 1.64898 0.0625
vt 1.64898 -0.0625
vt 1.65517 0.0625
vt 1.65517 -0.0625
vt 1.65517 0.0625
vt 1.65517 -0.0625
vt 1.66906 0.0625
vt 1.66906 -0.0625
vt 1.66906 0.0625
vt 1.66906 -0.0625
vt 1.6895 0.0625
vt 1.6895 -0.0625
vt 1.6895 0.0625
vt 1.6895 -0.0625
vt 1.70029 0.0625
vt 1.70029 -0.0625
vt 1.70029 0.0625
vt 1.70029 -0.0625
vt 1.72103 0.0625
vt 1.72103 -0.0625
vt 1.72103 0.0625
vt 1.72103 -0.0625
vt 1.73472 0.0625
vt 1.73472 -0.0625
vt 1.73472 0.0625
vt 1.73472 -0.0625
vt 1.7411 0.0625
vt 1.7411 -0.0625
vt 1.7411 0.0625
vt 1.7411 -0.0625
vt 2.06332 0.0625
vt 2.06332 -0.0625
vt 2.06332 0.0625
vt 2.06332 -0.0625
vt 2.06928 0.0625
vt 2.06928 -0.0625
vt 0 0.0625
vt 0 -0.0625
vt 0.01368 0.0625
vt 0.01368 -0.0625
vt 0.01368 0.0625
vt 0.01368 -0.0625
vt 0.02448 0.0625
vt 0.02448 -0.0625
vt 0.02448 0.0625
vt 0.02448 -0.0625
vt 0.03837 0.0625
vt 0.03837 -0.0625
vt 0.03837 0.0625
vt 0.03837 -0.0625
vt 0.49532 0.0625
vt 0.49532 -0.0625
vt 0.49532 0.0625
vt 0.49532 -0.0625
vt 0.51016 0.0625
vt 0.51016 -0.0625
vt 0.51016 0.0625
vt 0.51016 -0.0625
vt 0.52302 0.0625
vt 0.52302 -0.0625
vt 0.52302 0.0625
vt 0.52302 -0.0625
vt 0.53766 0.0625
vt 0.53766 -0.0625
vt 0.53766 0.0625
vt 0.53766 -0.0625
vt 0.85988 0.0625
vt 0.85988 -0.0625
vt 0.85988 0.0625
vt 0.85988 -0.0625
vt 0.87357 0.0625
vt 0.87357 -0.0625
vt 0.87357 0.0625
vt 0.87357 -0.0625
vt 0.88436 0.0625
vt 0.88436 -0.0625
vt 0.88436 0.0625
vt 0.88436 -0.0625
vt 0.89826 0.0625
vt 0.89826 -0.0625
vt 0.89826 0.0625
vt 0.89826 -0.0625
vt 0.98076 0.0625
vt 0.98076 -0.0625
vt 0.98076 0.0625
vt 0.98076 -0.0625
vt 0.9956 0.0625
vt 0.9956 -0.0625
vt 0.9956 0.0625
vt 0.9956 -0.0625
vt 1.00846 0.0625
vt 1.00846 -0.0625
vt 1.00846 0.0625
vt 1.00846 -0.0625
vt 1.02311 0.0625
vt 1.02311 -0.0625
vt 1.02311 0.0625
vt 1.02311 -0.0625
vt 1.21477 0.0625
vt 1.21477 -0.0625
vt 1.21477 0.0625
vt 1.21477 -0.0625
vt 1.26907 0.0625
vt 1.26907 -0.0625
vt 1.26907 0.0625
vt 1.26907 -0.0625
vt 1.40448 0.0625
vt 1.40448 -0.0625
vt 1.40448 0.0625
vt 1.40448 -0.0625
vt 1.41817 0.0625
vt 1.41817 -0.0625
vt 1.41817 0.0625
vt 1.41817 -0.0625
vt 1.42897 0.0625
vt 1.42897 -0.0625
vt 1.42897 0.0625
vt 1.42897 -0.0625
vt 1.44285 0.0625
vt 1.44285 -0.0625
vt 1.44285 0.0625
vt 1.44285 -0.0625
vt 1.51831 0.0625
vt 1.51831 -0.0625
vt 1.51831 0.0625
vt 1.51831 -0.0625
vt 1.53315 0.0625
vt 1.53315 -0.0625
vt 1.53315 0.0625
vt 1.53315 -0.0625
vt 1.54601 0.0625
vt 1.54601 -0.0625
vt 1.54601 0.0625
vt 1.54601 -0.0625
vt 1.56066 0.0625
vt 1.56066 -0.0625
vt 1.56066 0.0625
vt 1.56066 -0.0625
vt 1.69608 0.0625
vt 1.69608 -0.0625
vt 1.69608 0.0625
vt 1.69608 -0.0625
vt 1.75672 0.0625
vt 1.75672 -0.0625
vt 1.75672 0.0625
vt 1.75672 -0.0625
vt 1.94839 0.0625
vt 1.94839 -0.0625
vt 1.94839 0.0625
vt 1.94839 -0.0625
vt 1.96207 0.0625
vt 1.96207 -0.0625
vt 1.96207 0.0625
vt 1.96207 -0.0625
vt 1.97286 0.0625
vt 1.97286 -0.0625
vt 1.97286 0.0625
vt 1.97286 -0.0625
vt 1.98676 0.0625
vt 1.98676 -0.0625
vt 1.98676 0.0625
vt 1.98676 -0.0625
vt 2.06926 0.0625
vt 2.06926 -0.0625
vt 2.06926 0.0625
vt 2.06926 -0.0625
vt 2.0841 0.0625
vt 2.0841 -0.0625
vt 2.0841 0.0625
vt 2.0841 -0.0625
vt 2.09697 0.0625
vt 2.09697 -0.0625
vt 2.09697 0.0625
vt 2.09697 -0.0625
vt 2.11162 0.0625
vt 2.11162 -0.0625
vt 2.11162 0.0625
vt 2.11162 -0.0625
vt 2.43384 0.0625
vt 2.43384 -0.0625
vt 0 0.0625
vt 0 -0.0625
vt 0.01464 0.0625
vt 0.01464 -0.0625
vt 0.01464 0.0625
vt 0.01464 -0.0625
vt 0.0305 0.0625
vt 0.0305 -0.0625
vt 0.0305 0.0625
vt 0.0305 -0.0625
vt 0.04336 0.0625
vt 0.04336 -0.0625
vt 0.04336 0.0625
vt 0.04336 -0.0625
vt 0.05903 0.0625
vt 0.05903 -0.0625
vt 0.05903 0.0625
vt 0.05903 -0.0625
vt 0.07387 0.0625
vt 0.07387 -0.0625
vt 0.07387 0.0625
vt 0.07387 -0.0625
vt 0.07965 0.0625
vt 0.07965 -0.0625
vt 0.07965 0.0625
vt 0.07965 -0.0625
vt 0.30178 0.0625
vt 0.30178 -0.0625
vt 0.30178 0.0625
vt 0.30178 -0.0625
vt 0.30796 0.0625
vt 0.30796 -0.0625
vt 0.30796 0.0625
vt 0.30796 -0.0625
vt 0.32185 0.0625
vt 0.32185 -0.0625
vt 0.32185 0.0625
vt 0.32185 -0.0625
vt 0.34227 0.0625
vt 0.34227 -0.0625
vt 0.34227 0.0625
vt 0.34227 -0.0625
vt 0.35306 0.0625
vt 0.35306 -0.0625
vt 0.35306 0.0625
vt 0.35306 -0.0625
vt 0.37382 0.0625
vt 0.37382 -0.0625
vt 0.37382 0.0625
vt 0.37382 -0.0625
vt 0.38751 0.0625
vt 0.38751 -0.0625
vt 0.38751 0.0625
vt 0.38751 -0.0625
vt 0.3939 0.0625
vt 0.3939 -0.0625
vt 0.3939 0.0625
vt 0.3939 -0.0625
vt 0.49458 0.0625
vt 0.49458 -0.0625
vt 0.49458 0.0625
vt 0.49458 -0.0625
vt 0.50054 0.0625
vt 0.50054 -0.0625
vt 0.50054 0.0625
vt 0.50054 -0.0625
vt 0.51519 0.0625
vt 0.51519 -0.0625
vt 0.51519 0.0625
vt 0.51519 -0.0625
vt 0.53105 0.0625
vt 0.53105 -0.0625
vt 0.53105 0.0625
vt 0.53105 -0.0625
vt 0.54392 0.0625
vt 0.54392 -0.0625
vt 0.54392 0.0625
vt 0.54392 -0.0625
vt 0.55959 0.0625
vt 0.55959 -0.0625
vt 0.55959 0.0625
vt 0.55959 -0.0625
vt 0.57443 0.0625
vt 0.57443 -0.0625
vt 0.57443 0.0625
vt 0.57443 -0.0625
vt 0.58021 0.0625
vt 0.58021 -0.0625
vt 0.58021 0.0625
vt 0.58021 -0.0625
vt 0.66823 0.0625
vt 0.66823 -0.0625
vt 0.66823 0.0625
vt 0.66823 -0.0625
vt 0.69991 0.0625
vt 0.69991 -0.0625
vt 0.69991 0.0625
vt 0.69991 -0.0625
vt 1.01171 0.0625
vt 1.01171 -0.0625
vt 1.01171 0.0625
vt 1.01171 -0.0625
vt 1.0179 0.0625
vt 1.0179 -0.0625
vt 1.0179 0.0625
vt 1.0179 -0.0625
vt 1.03179 0.0625
vt 1.03179 -0.0625
vt 1.03179 0.0625
vt 1.03179 -0.0625
vt 1.05222 0.0625
vt 1.05222 -0.0625
vt 1.05222 0.0625
vt 1.05222 -0.0625
vt 1.06302 0.0625
vt 1.06302 -0.0625
vt 1.06302 0.0625
vt 1.06302 -0.0625
vt 1.08376 0.0625
vt 1.08376 -0.0625
vt 1.08376 0.0625
vt 1.08376 -0.0625
vt 1.09744 0.0625
vt 1.09744 -0.0625
vt 1.09744 0.0625
vt 1.09744 -0.0625
vt 1.10383 0.0625
vt 1.10383 -0.0625
vt 1.10383 0.0625
vt 1.10383 -0.0625
vt 1.21147 0.0625
vt 1.21147 -0.0625
vt 1.21147 0.0625
vt 1.21147 -0.0625
vt 1.21743 0.0625
vt 1.21743 -0.0625
vt 1.21743 0.0625
vt 1.21743 -0.0625
vt 1.23208 0.0625
vt 1.23208 -0.0625
vt 1.23208 0.0625
vt 1.23208 -0.0625
vt 1.24793 0.0625
vt 1.24793 -0.0625
vt 1.24793 0.0625
vt 1.24793 -0.0625
vt 1.2608 0.0625
vt 1.2608 -0.0625
vt 1.2608 0.0625
vt 1.2608 -0.0625
vt 1.27646 0.0625
vt 1.27646 -0.0625
vt 1.27646 0.0625
vt 1.27646 -0.0625
vt 1.29131 0.0625
vt 1.29131 -0.0625
vt 1.29131 0.0625
vt 1.29131 -0.0625
vt 1.29709 0.0625
vt 1.29709 -0.0625
vt 1.29709 0.0625
vt 1.29709 -0.0625
vt 1.75403 0.0625
vt 1.75403 -0.0625
vt 1.75403 0.0625
vt 1.75403 -0.0625
vt 1.76021 0.0625
vt 1.76021 -0.0625
vt 1.76021 0.0625
vt 1.76021 -0.0625
vt 1.77411 0.0625
vt 1.77411 -0.0625
vt 1.77411 0.0625
vt 1.77411 -0.0625
vt 1.79452 0.0625
vt 1.79452 -0.0625
vt 1.79452 0.0625
vt 1.79452 -0.0625
vt 1.80531 0.0625
vt 1.80531 -0.0625
vt 1.80531 0.0625
vt 1.80531 -0.0625
vt 1.82607 0.0625
vt 1.82607 -0.0625
vt 1.82607 0.0625
vt 1.82607 -0.0625
vt 1.83976 0.0625
vt 1.83976 -0.0625
vt 1.83976 0.0625
vt 1.83976 -0.0625
vt 1.84614 0.0625
vt 1.84614 -0.0625
vt 1.84614 0.0625
vt 1.84614 -0.0625
vt 2.19962 0.0625
vt 2.19962 -0.0625
vt 2.19962 0.0625
vt 2.19962 -0.0625
vt 2.20558 0.0625
vt 2.20558 -0.0625
vt 0 0.0625
vt 0 -0.0625
vt 0.01368 0.0625
vt 0.01368 -0.0625
vt 0.01368 0.0625
vt 0.01368 -0.0625
vt 0.02447 0.0625
vt 0.02447 -0.0625
vt 0.02447 0.0625
vt 0.02447 -0.0625
vt 0.03837 0.0625
vt 0.03837 -0.0625
vt 0.03837 0.0625
vt 0.03837 -0.0625
vt 0.49531 0.0625
vt 0.49531 -0.0625
vt 0.49531 0.0625
vt 0.49531 -0.0625
vt 0.51015 0.0625
vt 0.51015 -0.0625
vt 0.51015 0.0625
vt 0.51015 -0.0625
vt 0.52301 0.0625
vt 0.52301 -0.0625
vt 0.52301 0.0625
vt 0.52301 -0.0625
vt 0.53766 0.0625
vt 0.53766 -0.0625
vt 0.53766 0.0625
vt 0.53766 -0.0625
vt 0.6453 0.0625
vt 0.6453 -0.0625
vt 0.6453 0.0625
vt 0.6453 -0.0625
vt 0.65898 0.0625
vt 0.65898 -0.0625
vt 0.65898 0.0625
vt 0.65898 -0.0625
vt 0.66978 0.0625
vt 0.66978 -0.0625
vt 0.66978 0.0625
vt 0.66978 -0.0625
vt 0.68367 0.0625
vt 0.68367 -0.0625
vt 0.68367 0.0625
vt 0.68367 -0.0625
vt 1.03272 0.0625
vt 1.03272 -0.0625
vt 1.03272 0.0625
vt 1.03272 -0.0625
vt 1.12786 0.0625
vt 1.12786 -0.0625
vt 1.12786 0.0625
vt 1.12786 -0.0625
vt 1.2421 0.0625
vt 1.2421 -0.0625
vt 1.2421 0.0625
vt 1.2421 -0.0625
vt 1.25694 0.0625
vt 1.25694 -0.0625
vt 1.25694 0.0625
vt 1.25694 -0.0625
vt 1.26981 0.0625
vt 1.26981 -0.0625
vt 1.26981 0.0625
vt 1.26981 -0.0625
vt 1.28445 0.0625
vt 1.28445 -0.0625
vt 1.28445 0.0625
vt 1.28445 -0.0625
vt 1.38514 0.0625
vt 1.38514 -0.0625
vt 1.38514 0.0625
vt 1.38514 -0.0625
vt 1.39883 0.0625
vt 1.39883 -0.0625
vt 1.39883 0.0625
vt 1.39883 -0.0625
vt 1.40962 0.0625
vt 1.40962 -0.0625
vt 1.40962 0.0625
vt 1.40962 -0.0625
vt 1.42352 0.0625
vt 1.42352 -0.0625
vt 1.42352 0.0625
vt 1.42352 -0.0625
vt 1.64564 0.0625
vt 1.64564 -0.0625
vt 1.64564 0.0625
vt 1.64564 -0.0625
vt 1.66048 0.0625
vt 1.66048 -0.0625
vt 1.66048 0.0625
vt 1.66048 -0.0625
vt 1.67335 0.0625
vt 1.67335 -0.0625
vt 1.67335 0.0625
vt 1.67335 -0.0625
vt 1.68799 0.0625
vt 1.68799 -0.0625
vt 1.68799 0.0625
vt 1.68799 -0.0625
vt 2.04147 0.0625
vt 2.04147 -0.0625
vt 0 0.0625
vt 0 -0.0625
vt 0.01464 0.0625
vt 0.01464 -0.0625
vt 0.01464 0.0625
vt 0.01464 -0.0625
vt 0.0305 0.0625
vt 0.0305 -0.0625
vt 0.0305 0.0625
vt 0.0305 -0.0625
vt 0.04336 0.0625
vt 0.04336 -0.0625
vt 0.04336 0.0625
vt 0.04336 -0.0625
vt 0.05903 0.0625
vt 0.05903 -0.0625
vt 0.05903 0.0625
vt 0.05903 -0.0625
vt 0.07387 0.0625
vt 0.07387 -0.0625
vt 0.07387 0.0625
vt 0.07387 -0.0625
vt 0.07965 0.0625
vt 0.07965 -0.0625
vt 0.07965 0.0625
vt 0.07965 -0.0625
vt 0.23306 0.0625
vt 0.23306 -0.0625
vt 0.23306 0.0625
vt 0.23306 -0.0625
vt 0.31288 0.0625
vt 0.31288 -0.0625
vt 0.31288 0.0625
vt 0.31288 -0.0625
vt 0.3873 0.0625
vt 0.3873 -0.0625
vt 0.3873 0.0625
vt 0.3873 -0.0625
vt 0.39348 0.0625
vt 0.39348 -0.0625
vt 0.39348 0.0625
vt 0.39348 -0.0625
vt 0.40737 0.0625
vt 0.40737 -0.0625
vt 0.40737 0.0625
vt 0.40737 -0.0625
vt 0.42781 0.0625
vt 0.42781 -0.0625
vt 0.42781 0.0625
vt 0.42781 -0.0625
vt 0.4386 0.0625
vt 0.4386 -0.0625
vt 0.4386 0.0625
vt 0.4386 -0.0625
vt 0.45934 0.0625
vt 0.45934 -0.0625
vt 0.45934 0.0625
vt 0.45934 -0.0625
vt 0.47303 0.0625
vt 0.47303 -0.0625
vt 0.47303 0.0625
vt 0.47303 -0.0625
vt 0.47941 0.0625
vt 0.47941 -0.0625
vt 0.47941 0.0625
vt 0.47941 -0.0625
vt 0.58358 0.0625
vt 0.58358 -0.0625
vt 0.58358 0.0625
vt 0.58358 -0.0625
vt 0.58954 0.0625
vt 0.58954 -0.0625
vt 0.58954 0.0625
vt 0.58954 -0.0625
vt 0.60418 0.0625
vt 0.60418 -0.0625
vt 0.60418 0.0625
vt 0.60418 -0.0625
vt 0.62004 0.0625
vt 0.62004 -0.0625
vt 0.62004 0.0625
vt 0.62004 -0.0625
vt 0.6329 0.0625
vt 0.6329 -0.0625
vt 0.6329 0.0625
vt 0.6329 -0.0625
vt 0.64857 0.0625
vt 0.64857 -0.0625
vt 0.64857 0.0625
vt 0.64857 -0.0625
vt 0.66341 0.0625
vt 0.66341 -0.0625
vt 0.66341 0.0625
vt 0.66341 -0.0625
vt 0.66919 0.0625
vt 0.66919 -0.0625
vt 0.66919 0.0625
vt 0.66919 -0.0625
vt 1.12614 0.0625
vt 1.12614 -0.0625
vt 1.12614 0.0625
vt 1.12614 -0.0625
vt 1.13232 0.0625
vt 1.13232 -0.0625
vt 1.13232 0.0625
vt 1.13232 -0.0625
vt 1.14621 0.0625
vt 1.14621 -0.0625
vt 1.14621 0.0625
vt 1.14621 -0.0625
vt 1.16665 0.0625
vt 1.16665 -0.0625
vt 1.16665 0.0625
vt 1.16665 -0.0625
vt 1.17744 0.0625
vt 1.17744 -0.0625
vt 1.17744 0.0625
vt 1.17744 -0.0625
vt 1.19818 0.0625
vt 1.19818 -0.0625
vt 1.19818 0.0625
vt 1.19818 -0.0625
vt 1.21187 0.0625
vt 1.21187 -0.0625
vt 1.21187 0.0625
vt 1.21187 -0.0625
vt 1.21825 0.0625
vt 1.21825 -0.0625
vt 1.21825 0.0625
vt 1.21825 -0.0625
vt 1.32242 0.0625
vt 1.32242 -0.0625
vt 1.32242 0.0625
vt 1.32242 -0.0625
vt 1.32837 0.0625
vt 1.32837 -0.0625
vt 1.32837 0.0625
vt 1.32837 -0.0625
vt 1.34302 0.0625
vt 1.34302 -0.0625
vt 1.34302 0.0625
vt 1.34302 -0.0625
vt 1.35889 0.0625
vt 1.35889 -0.0625
vt 1.35889 0.0625
vt 1.35889 -0.0625
vt 1.37175 0.0625
vt 1.37175 -0.0625
vt 1.37175 0.0625
vt 1.37175 -0.0625
vt 1.38742 0.0625
vt 1.38742 -0.0625
vt 1.38742 0.0625
vt 1.38742 -0.0625
vt 1.40226 0.0625
vt 1.40226 -0.0625
vt 1.40226 0.0625
vt 1.40226 -0.0625
vt 1.40804 0.0625
vt 1.40804 -0.0625
vt 1.40804 0.0625
vt 1.40804 -0.0625
vt 1.4826 0.0625
vt 1.4826 -0.0625
vt 1.4826 0.0625
vt 1.4826 -0.0625
vt 1.59493 0.0625
vt 1.59493 -0.0625
vt 1.59493 0.0625
vt 1.59493 -0.0625
vt 1.59951 0.0625
vt 1.59951 -0.0625
vt 1.59951 0.0625
vt 1.59951 -0.0625
vt 1.61382 0.0625
vt 1.61382 -0.0625
vt 1.61382 0.0625
vt 1.61382 -0.0625
vt 1.6248 0.0625
vt 1.6248 -0.0625
vt 1.6248 0.0625
vt 1.6248 -0.0625
vt 1.63882 0.0625
vt 1.63882 -0.0625
vt 1.63882 0.0625
vt 1.63882 -0.0625
vt 1.64898 0.0625
vt 1.64898 -0.0625
vt 1.64898 0.0625
vt 1.64898 -0.0625
vt 1.66442 0.0625
vt 1.66442 -0.0625
vt 1.66442 0.0625
vt 1.66442 -0.0625
vt 1.66865 0.0625
vt 1.66865 -0.0625
vt 1.66865 0.0625
vt 1.66865 -0.0625
vt 1.74088 0.0625
vt 1.74088 -0.0625
vt 1.74088 0.0625
vt 1.74088 -0.0625
vt 1.74684 0.0625
vt 1.74684 -0.0625
vt 1.74684 0.0625
vt 1.74684 -0.0625
vt 1.76148 0.0625
vt 1.76148 -0.0625
vt 1.76148 0.0625
vt 1.76148 -0.0625
vt 1.77734 0.0625
vt 1.77734 -0.0625
vt 1.77734 0.0625
vt 1.77734 -0.0625
vt 1.7902 0.0625
vt 1.7902 -0.0625
vt 1.7902 0.0625
vt 1.7902 -0.0625
vt 1.80587 0.0625
vt 1.80587 -0.0625
vt 1.80587 0.0625
vt 1.80587 -0.0625
vt 1.82071 0.0625
vt 1.82071 -0.0625
vt 1.82071 0.0625
vt 1.82071 -0.0625
vt 1.82649 0.0625
vt 1.82649 -0.0625
vt 1.82649 0.0625
vt 1.82649 -0.0625
vt 2.28343 0.0625
vt 2.28343 -0.0625
vt 2.28343 0.0625
vt 2.28343 -0.0625
vt 2.28962 0.0625
vt 2.28962 -0.0625
vt 2.28962 0.0625
vt 2.28962 -0.0625
vt 2.30351 0.0625
vt 2.30351 -0.0625
vt 2.30351 0.0625
vt 2.30351 -0.0625
vt 2.32393 0.0625
vt 2.32393 -0.0625
vt 2.32393 0.0625
vt 2.32393 -0.0625
vt 2.33471 0.0625
vt 2.33471 -0.0625
vt 2.33471 0.0625
vt 2.33471 -0.0625
vt 2.35548 0.0625
vt 2.35548 -0.0625
vt 2.35548 0.0625
vt 2.35548 -0.0625
vt 2.36916 0.0625
vt 2.36916 -0.0625
vt 2.36916 0.0625
vt 2.36916 -0.0625
vt 2.37555 0.0625
vt 2.37555 -0.0625
vt 2.37555 0.0625
vt 2.37555 -0.0625
vt 2.47972 0.0625
vt 2.47972 -0.0625
vt 2.47972 0.0625
vt 2.47972 -0.0625
vt 2.48568 0.0625
vt 2.48568 -0.0625
vt 0 0.0625
vt 0 -0.0625
vt 0.01368 0.0625
vt 0.01368 -0.0625
vt 0.01368 0.0625
vt 0.01368 -0.0625
vt 0.02447 0.0625
vt 0.02447 -0.0625
vt 0.02447 0.0625
vt 0.02447 -0.0625
vt 0.03837 0.0625
vt 0.03837 -0.0625
vt 0.03837 0.0625
vt 0.03837 -0.0625
vt 0.49531 0.0625
vt 0.49531 -0.0625
vt 0.49531 0.0625
vt 0.49531 -0.0625
vt 0.51015 0.0625
vt 0.51015 -0.0625
vt 0.51015 0.0625
vt 0.51015 -0.0625
vt 0.52301 0.0625
vt 0.52301 -0.0625
vt 0.52301 0.0625
vt 0.52301 -0.0625
vt 0.53766 0.0625
vt 0.53766 -0.0625
vt 0.53766 0.0625
vt 0.53766 -0.0625
vt 0.60988 0.0625
vt 0.60988 -0.0625
vt 0.60988 0.0625
vt 0.60988 -0.0625
vt 0.62532 0.0625
vt 0.62532 -0.0625
vt 0.62532 0.0625
vt 0.62532 -0.0625
vt 0.63935 0.0625
vt 0.63935 -0.0625
vt 0.63935 0.0625
vt 0.63935 -0.0625
vt 0.65365 0.0625
vt 0.65365 -0.0625
vt 0.65365 0.0625
vt 0.65365 -0.0625
vt 0.84162 0.0625
vt 0.84162 -0.0625
vt 0.84162 0.0625
vt 0.84162 -0.0625
vt 0.99182 0.0625
vt 0.99182 -0.0625
vt 0.99182 0.0625
vt 0.99182 -0.0625
vt 1.00666 0.0625
vt 1.00666 -0.0625
vt 1.00666 0.0625
vt 1.00666 -0.0625
vt 1.01952 0.0625
vt 1.01952 -0.0625
vt 1.01952 0.0625
vt 1.01952 -0.0625
vt 1.03417 0.0625
vt 1.03417 -0.0625
vt 1.03417 0.0625
vt 1.03417 -0.0625
vt 1.13833 0.0625
vt 1.13833 -0.0625
vt 1.13833 0.0625
vt 1.13833 -0.0625
vt 1.15202 0.0625
vt 1.15202 -0.0625
vt 1.15202 0.0625
vt 1.15202 -0.0625
vt 1.16281 0.0625
vt 1.16281 -0.0625
vt 1.16281 0.0625
vt 1.16281 -0.0625
vt 1.17671 0.0625
vt 1.17671 -0.0625
vt 1.17671 0.0625
vt 1.17671 -0.0625
vt 1.63365 0.0625
vt 1.63365 -0.0625
vt 1.63365 0.0625
vt 1.63365 -0.0625
vt 1.64849 0.0625
vt 1.64849 -0.0625
vt 1.64849 0.0625
vt 1.64849 -0.0625
vt 1.66136 0.0625
vt 1.66136 -0.0625
vt 1.66136 0.0625
vt 1.66136 -0.0625
vt 1.676 0.0625
vt 1.676 -0.0625
vt 1.676 0.0625
vt 1.676 -0.0625
vt 1.78016 0.0625
vt 1.78016 -0.0625
vt 1.78016 0.0625
vt 1.78016 -0.0625
vt 1.79385 0.0625
vt 1.79385 -0.0625
vt 1.79385 0.0625
vt 1.79385 -0.0625
vt 1.80464 0.0625
vt 1.80464 -0.0625
vt 1.80464 0.0625
vt 1.80464 -0.0625
vt 1.81853 0.0625
vt 1.81853 -0.0625
vt 1.81853 0.0625
vt 1.81853 -0.0625
vt 1.90527 0.0625
vt 1.90527 -0.0625
vt 1.90527 0.0625
vt 1.90527 -0.0625
vt 2.0767 0.0625
vt 2.0767 -0.0625
vt 2.0767 0.0625
vt 2.0767 -0.0625
vt 2.3094 0.0625
vt 2.3094 -0.0625
vt 2.3094 0.0625
vt 2.3094 -0.0625
vt 2.32424 0.0625
vt 2.32424 -0.0625
vt 2.32424 0.0625
vt 2.32424 -0.0625
vt 2.3371 0.0625
vt 2.3371 -0.0625
vt 2.3371 0.0625
vt 2.3371 -0.0625
vt 2.35174 0.0625
vt 2.35174 -0.0625
vt 2.35174 0.0625
vt 2.35174 -0.0625
vt 2.45592 0.0625
vt 2.45592 -0.0625
vt 0 0.0625
vt 0 -0.0625
vt 0.01258 0.0625
vt 0.01258 -0.0625
vt 0.01258 0.0625
vt 0.01258 -0.0625
vt 0.02496 0.0625
vt 0.02496 -0.0625
vt 0.02496 0.0625
vt 0.02496 -0.0625
vt 0.03828 0.0625
vt 0.03828 -0.0625
vt 0.03828 0.0625
vt 0.03828 -0.0625
vt 0.06225 0.0625
vt 0.06225 -0.0625
vt 0.06225 0.0625
vt 0.06225 -0.0625
vt 0.07503 0.0625
vt 0.07503 -0.0625
vt 0.07503 0.0625
vt 0.07503 -0.0625
vt 0.08591 0.0625
vt 0.08591 -0.0625
vt 0.08591 0.0625
vt 0.08591 -0.0625
vt 0.09653 0.0625
vt 0.09653 -0.0625
vt 0.09653 0.0625
vt 0.09653 -0.0625
vt 0.11141 0.0625
vt 0.11141 -0.0625
vt 0.11141 0.0625
vt 0.11141 -0.0625
vt 0.16349 0.0625
vt 0.16349 -0.0625
vt 0.16349 0.0625
vt 0.16349 -0.0625
vt 0.25375 0.0625
vt 0.25375 -0.0625
vt 0.25375 0.0625
vt 0.25375 -0.0625
vt 0.30584 0.0625
vt 0.30584 -0.0625
vt 0.30584 0.0625
vt 0.30584 -0.0625
vt 0.32153 0.0625
vt 0.32153 -0.0625
vt 0 0.0625
vt 0 -0.0625
vt 0.0268 0.0625
vt 0.0268 -0.0625
vt 0.0268 0.0625
vt 0.0268 -0.0625
vt 0.04598 0.0625
vt 0.04598 -0.0625
vt 0.04598 0.0625
vt 0.04598 -0.0625
vt 0.064 0.0625
vt 0.064 -0.0625
vt 0.064 0.0625
vt 0.064 -0.0625
vt 0.07138 0.0625
vt 0.07138 -0.0625
vt 0.07138 0.0625
vt 0.07138 -0.0625
vt 0.07223 0.0625
vt 0.07223 -0.0625
vt 0.07223 0.0625
vt 0.07223 -0.0625
vt 0.07792 0.0625
vt 0.07792 -0.0625
vt 0.07792 0.0625
vt 0.07792 -0.0625
vt 0.09043 0.0625
vt 0.09043 -0.0625
vt 0 0.0625
vt 0 -0.0625
vt 0.01465 0.0625
vt 0.01465 -0.0625
vt 0.01465 0.0625
vt 0.01465 -0.0625
vt 0.03051 0.0625
vt 0.03051 -0.0625
vt 0.03051 0.0625
vt 0.03051 -0.0625
vt 0.04338 0.0625
vt 0.04338 -0.0625
vt 0.04338 0.0625
vt 0.04338 -0.0625
vt 0.05904 0.0625
vt 0.05904 -0.0625
vt 0.05904 0.0625
vt 0.05904 -0.0625
vt 0.07389 0.0625
vt 0.07389 -0.0625
vt 0.07389 0.0625
vt 0.07389 -0.0625
vt 0.07967 0.0625
vt 0.07967 -0.0625
vt 0.07967 0.0625
vt 0.07967 -0.0625
vt 0.19166 0.0625
vt 0.19166 -0.0625
vt 0.19166 0.0625
vt 0.19166 -0.0625
vt 0.25181 0.0625
vt 0.25181 -0.0625
vt 0.25181 0.0625
vt 0.25181 -0.0625
vt 0.35277 0.0625
vt 0.35277 -0.0625
vt 0.35277 0.0625
vt 0.35277 -0.0625
vt 0.35895 0.0625
vt 0.35895 -0.0625
vt 0.35895 0.0625
vt 0.35895 -0.0625
vt 0.37285 0.0625
vt 0.37285 -0.0625
vt 0.37285 0.0625
vt 0.37285 -0.0625
vt 0.39328 0.0625
vt 0.39328 -0.0625
vt 0.39328 0.0625
vt 0.39328 -0.0625
vt 0.40407 0.0625
vt 0.40407 -0.0625
vt 0.40407 0.0625
vt 0.40407 -0.0625
vt 0.42482 0.0625
vt 0.42482 -0.0625
vt 0.42482 0.0625
vt 0.42482 -0.0625
vt 0.4385 0.0625
vt 0.4385 -0.0625
vt 0.4385 0.0625
vt 0.4385 -0.0625
vt 0.44489 0.0625
vt 0.44489 -0.0625
vt 0.44489 0.0625
vt 0.44489 -0.0625
vt 0.55252 0.0625
vt 0.55252 -0.0625
vt 0.55252 0.0625
vt 0.55252 -0.0625
vt 0.55848 0.0625
vt 0.55848 -0.0625
vt 0.55848 0.0625
vt 0.55848 -0.0625
vt 0.57312 0.0625
vt 0.57312 -0.0625
vt 0.57312 0.0625
vt 0.57312 -0.0625
vt 0.58899 0.0625
vt 0.58899 -0.0625
vt 0.58899 0.0625
vt 0.58899 -0.0625
vt 0.60185 0.0625
vt 0.60185 -0.0625
vt 0.60185 0.0625
vt 0.60185 -0.0625
vt 0.61752 0.0625
vt 0.61752 -0.0625
vt 0.61752 0.0625
vt 0.61752 -0.0625
vt 0.63236 0.0625
vt 0.63236 -0.0625
vt 0.63236 0.0625
vt 0.63236 -0.0625
vt 0.63814 0.0625
vt 0.63814 -0.0625
vt 0.63814 0.0625
vt 0.63814 -0.0625
vt 0.78763 0.0625
vt 0.78763 -0.0625
vt 0.78763 0.0625
vt 0.78763 -0.0625
vt 0.78932 0.0625
vt 0.78932 -0.0625
vt 0.78932 0.0625
vt 0.78932 -0.0625
vt 0.80625 0.0625
vt 0.80625 -0.0625
vt 0.80625 0.0625
vt 0.80625 -0.0625
vt 0.81009 0.0625
vt 0.81009 -0.0625
vt 0.81009 0.0625
vt 0.81009 -0.0625
vt 0.8255 0.0625
vt 0.8255 -0.0625
vt 0.8255 0.0625
vt 0.8255 -0.0625
vt 0.8301 0.0625
vt 0.8301 -0.0625
vt 0.8301 0.0625
vt 0.8301 -0.0625
vt 0.84428 0.0625
vt 0.84428 -0.0625
vt 0.84428 0.0625
vt 0.84428 -0.0625
vt 0.84961 0.0625
vt 0.84961 -0.0625
vt 0.84961 0.0625
vt 0.84961 -0.0625
vt 0.86292 0.0625
vt 0.86292 -0.0625
vt 0.86292 0.0625
vt 0.86292 -0.0625
vt 0.86879 0.0625
vt 0.86879 -0.0625
vt 0.86879 0.0625
vt 0.86879 -0.0625
vt 0.88167 0.0625
vt 0.88167 -0.0625
vt 0.88167 0.0625
vt 0.88167 -0.0625
vt 0.88752 0.0625
vt 0.88752 -0.0625
vt 0.88752 0.0625
vt 0.88752 -0.0625
vt 0.90012 0.0625
vt 0.90012 -0.0625
vt 0.90012 0.0625
vt 0.90012 -0.0625
vt 0.90599 0.0625
vt 0.90599 -0.0625
vt 0.90599 0.0625
vt 0.90599 -0.0625
vt 0.91603 0.0625
vt 0.91603 -0.0625
vt 0.91603 0.0625
vt 0.91603 -0.0625
vt 0.91777 0.0625
vt 0.91777 -0.0625
vt 0.91777 0.0625
vt 0.91777 -0.0625
vt 0.92302 0.0625
vt 0.92302 -0.0625
vt 0.92302 0.0625
vt 0.92302 -0.0625
vt 0.935 0.0625
vt 0.935 -0.0625
vt 0.935 0.0625
vt 0.935 -0.0625
vt 0.93811 0.0625
vt 0.93811 -0.0625
vt 0.93811 0.0625
vt 0.93811 -0.0625
vt 0.95077 0.0625
vt 0.95077 -0.0625
vt 0.95077 0.0625
vt 0.95077 -0.0625
vt 0.95357 0.0625
vt 0.95357 -0.0625
vt 0.95357 0.0625
vt 0.95357 -0.0625
vt 0.96701 0.0625
vt 0.96701 -0.0625
vt 0.96701 0.0625
vt 0.96701 -0.0625
vt 0.96948 0.0625
vt 0.96948 -0.0625
vt 0.96948 0.0625
vt 0.96948 -0.0625
vt 0.98382 0.0625
vt 0.98382 -0.0625
vt 0.98382 0.0625
vt 0.98382 -0.0625
vt 0.98493 0.0625
vt 0.98493 -0.0625
vt 0.98493 0.0625
vt 0.98493 -0.0625
vt 1.01737 0.0625
vt 1.01737 -0.0625
vt 1.01737 0.0625
vt 1.01737 -0.0625
vt 1.01879 0.0625
vt 1.01879 -0.0625
vt 1.01879 0.0625
vt 1.01879 -0.0625
vt 1.03574 0.0625
vt 1.03574 -0.0625
vt 1.03574 0.0625
vt 1.03574 -0.0625
vt 1.03893 0.0625
vt 1.03893 -0.0625
vt 1.03893 0.0625
vt 1.03893 -0.0625
vt 1.05467 0.0625
vt 1.05467 -0.0625
vt 1.05467 0.0625
vt 1.05467 -0.0625
vt 1.05835 0.0625
vt 1.05835 -0.0625
vt 1.05835 0.0625
vt 1.05835 -0.0625
vt 1.07305 0.0625
vt 1.07305 -0.0625
vt 1.07305 0.0625
vt 1.07305 -0.0625
vt 1.07718 0.0625
vt 1.07718 -0.0625
vt 1.07718 0.0625
vt 1.07718 -0.0625
vt 1.09109 0.0625
vt 1.09109 -0.0625
vt 1.09109 0.0625
vt 1.09109 -0.0625
vt 1.09656 0.0625
vt 1.09656 -0.0625
vt 1.09656 0.0625
vt 1.09656 -0.0625
vt 1.10991 0.0625
vt 1.10991 -0.0625
vt 1.10991 0.0625
vt 1.10991 -0.0625
vt 1.11649 0.0625
vt 1.11649 -0.0625
vt 1.11649 0.0625
vt 1.11649 -0.0625
vt 1.12975 0.0625
vt 1.12975 -0.0625
vt 1.12975 0.0625
vt 1.12975 -0.0625
vt 1.13617 0.0625
vt 1.13617 -0.0625
vt 1.13617 0.0625
vt 1.13617 -0.0625
vt 1.14993 0.0625
vt 1.14993 -0.0625
vt 1.14993 0.0625
vt 1.14993 -0.0625
vt 1.15567 0.0625
vt 1.15567 -0.0625
vt 1.15567 0.0625
vt 1.15567 -0.0625
vt 1.17046 0.0625
vt 1.17046 -0.0625
vt 1.17046 0.0625
vt 1.17046 -0.0625
vt 1.17496 0.0625
vt 1.17496 -0.0625
vt 1.17496 0.0625
vt 1.17496 -0.0625
vt 1.18571 0.0625
vt 1.18571 -0.0625
vt 1.18571 0.0625
vt 1.18571 -0.0625
vt 1.18923 0.0625
vt 1.18923 -0.0625
vt 1.18923 0.0625
vt 1.18923 -0.0625
vt 1.20097 0.0625
vt 1.20097 -0.0625
vt 1.20097 0.0625
vt 1.20097 -0.0625
vt 1.20387 0.0625
vt 1.20387 -0.0625
vt 1.20387 0.0625
vt 1.20387 -0.0625
vt 1.21673 0.0625
vt 1.21673 -0.0625
vt 1.21673 0.0625
vt 1.21673 -0.0625
vt 1.21915 0.0625
vt 1.21915 -0.0625
vt 1.21915 0.0625
vt 1.21915 -0.0625
vt 1.23322 0.0625
vt 1.23322 -0.0625
vt 1.23322 0.0625
vt 1.23322 -0.0625
vt 1.23528 0.0625
vt 1.23528 -0.0625
vt 1.23528 0.0625
vt 1.23528 -0.0625
vt 1.25061 0.0625
vt 1.25061 -0.0625
vt 1.25061 0.0625
vt 1.25061 -0.0625
vt 1.25233 0.0625
vt 1.25233 -0.0625
vt 1.25233 0.0625
vt 1.25233 -0.0625
vt 1.269 0.0625
vt 1.269 -0.0625
vt 1.269 0.0625
vt 1.269 -0.0625
vt 1.26976 0.0625
vt 1.26976 -0.0625
vt 1.26976 0.0625
vt 1.26976 -0.0625
vt 1.50101 0.0625
vt 1.50101 -0.0625
vt 1.50101 0.0625
vt 1.50101 -0.0625
vt 1.50697 0.0625
vt 1.50697 -0.0625
vt 1.50697 0.0625
vt 1.50697 -0.0625
vt 1.52162 0.0625
vt 1.52162 -0.0625
vt 1.52162 0.0625
vt 1.52162 -0.0625
vt 1.53748 0.0625
vt 1.53748 -0.0625
vt 1.53748 0.0625
vt 1.53748 -0.0625
vt 1.55035 0.0625
vt 1.55035 -0.0625
vt 1.55035 0.0625
vt 1.55035 -0.0625
vt 1.56601 0.0625
vt 1.56601 -0.0625
vt 1.56601 0.0625
vt 1.56601 -0.0625
vt 1.58085 0.0625
vt 1.58085 -0.0625
vt 1.58085 0.0625
vt 1.58085 -0.0625
vt 1.58664 0.0625
vt 1.58664 -0.0625
vt 1.58664 0.0625
vt 1.58664 -0.0625
vt 2.04358 0.0625
vt 2.04358 -0.0625
vt 2.04358 0.0625
vt 2.04358 -0.0625
vt 2.04976 0.0625
vt 2.04976 -0.0625
vt 2.04976 0.0625
vt 2.04976 -0.0625
vt 2.06365 0.0625
vt 2.06365 -0.0625
vt 2.06365 0.0625
vt 2.06365 -0.0625
vt 2.08409 0.0625
vt 2.08409 -0.0625
vt 2.08409 0.0625
vt 2.08409 -0.0625
vt 2.09488 0.0625
vt 2.09488 -0.0625
vt 2.09488 0.0625
vt 2.09488 -0.0625
vt 2.11562 0.0625
vt 2.11562 -0.0625
vt 2.11562 0.0625
vt 2.11562 -0.0625
vt 2.12931 0.0625
vt 2.12931 -0.0625
vt 2.12931 0.0625
vt 2.12931 -0.0625
vt 2.13569 0.0625
vt 2.13569 -0.0625
vt 2.13569 0.0625
vt 2.13569 -0.0625
vt 2.24263 0.0625
vt 2.24263 -0.0625
vt 2.24263 0.0625
vt 2.24263 -0.0625
vt 2.24859 0.0625
vt 2.24859 -0.0625
vt 0 0.0625
vt 0 -0.0625
vt 0.01368 0.0625
vt 0.01368 -0.0625
vt 0.01368 0.0625
vt 0.01368 -0.0625
vt 0.02448 0.0625
vt 0.02448 -0.0625
vt 0.02448 0.0625
vt 0.02448 -0.0625
vt 0.03837 0.0625
vt 0.03837 -0.0625
vt 0.03837 0.0625
vt 0.03837 -0.0625
vt 0.49531 0.0625
vt 0.49531 -0.0625
vt 0.49531 0.0625
vt 0.49531 -0.0625
vt 0.51016 0.0625
vt 0.51016 -0.0625
vt 0.51016 0.0625
vt 0.51016 -0.0625
vt 0.52302 0.0625
vt 0.52302 -0.0625
vt 0.52302 0.0625
vt 0.52302 -0.0625
vt 0.53767 0.0625
vt 0.53767 -0.0625
vt 0.53767 0.0625
vt 0.53767 -0.0625
vt 0.76892 0.0625
vt 0.76892 -0.0625
vt 0.76892 0.0625
vt 0.76892 -0.0625
vt 0.7856 0.0625
vt 0.7856 -0.0625
vt 0.7856 0.0625
vt 0.7856 -0.0625
vt 0.80093 0.0625
vt 0.80093 -0.0625
vt 0.80093 0.0625
vt 0.80093 -0.0625
vt 0.815 0.0625
vt 0.815 -0.0625
vt 0.815 0.0625
vt 0.815 -0.0625
vt 0.82786 0.0625
vt 0.82786 -0.0625
vt 0.82786 0.0625
vt 0.82786 -0.0625
vt 0.8396 0.0625
vt 0.8396 -0.0625
vt 0.8396 0.0625
vt 0.8396 -0.0625
vt 0.85035 0.0625
vt 0.85035 -0.0625
vt 0.85035 0.0625
vt 0.85035 -0.0625
vt 0.86514 0.0625
vt 0.86514 -0.0625
vt 0.86514 0.0625
vt 0.86514 -0.0625
vt 0.8789 0.0625
vt 0.8789 -0.0625
vt 0.8789 0.0625
vt 0.8789 -0.0625
vt 0.89216 0.0625
vt 0.89216 -0.0625
vt 0.89216 0.0625
vt 0.89216 -0.0625
vt 0.90551 0.0625
vt 0.90551 -0.0625
vt 0.90551 0.0625
vt 0.90551 -0.0625
vt 0.91941 0.0625
vt 0.91941 -0.0625
vt 0.91941 0.0625
vt 0.91941 -0.0625
vt 0.93412 0.0625
vt 0.93412 -0.0625
vt 0.93412 0.0625
vt 0.93412 -0.0625
vt 0.94986 0.0625
vt 0.94986 -0.0625
vt 0.94986 0.0625
vt 0.94986 -0.0625
vt 0.96681 0.0625
vt 0.96681 -0.0625
vt 0.96681 0.0625
vt 0.96681 -0.0625
vt 0.99925 0.0625
vt 0.99925 -0.0625
vt 0.99925 0.0625
vt 0.99925 -0.0625
vt 1.01359 0.0625
vt 1.01359 -0.0625
vt 1.01359 0.0625
vt 1.01359 -0.0625
vt 1.02704 0.0625
vt 1.02704 -0.0625
vt 1.02704 0.0625
vt 1.02704 -0.0625
vt 1.0397 0.0625
vt 1.0397 -0.0625
vt 1.0397 0.0625
vt 1.0397 -0.0625
vt 1.05167 0.0625
vt 1.05167 -0.0625
vt 1.05167 0.0625
vt 1.05167 -0.0625
vt 1.06705 0.0625
vt 1.06705 -0.0625
vt 1.06705 0.0625
vt 1.06705 -0.0625
vt 1.0826 0.0625
vt 1.0826 -0.0625
vt 1.0826 0.0625
vt 1.0826 -0.0625
vt 1.09909 0.0625
vt 1.09909 -0.0625
vt 1.09909 0.0625
vt 1.09909 -0.0625
vt 1.11353 0.0625
vt 1.11353 -0.0625
vt 1.11353 0.0625
vt 1.11353 -0.0625
vt 1.12693 0.0625
vt 1.12693 -0.0625
vt 1.12693 0.0625
vt 1.12693 -0.0625
vt 1.13964 0.0625
vt 1.13964 -0.0625
vt 1.13964 0.0625
vt 1.13964 -0.0625
vt 1.15207 0.0625
vt 1.15207 -0.0625
vt 1.15207 0.0625
vt 1.15207 -0.0625
vt 1.16467 0.0625
vt 1.16467 -0.0625
vt 1.16467 0.0625
vt 1.16467 -0.0625
vt 1.17754 0.0625
vt 1.17754 -0.0625
vt 1.17754 0.0625
vt 1.17754 -0.0625
vt 1.19086 0.0625
vt 1.19086 -0.0625
vt 1.19086 0.0625
vt 1.19086 -0.0625
vt 1.20504 0.0625
vt 1.20504 -0.0625
vt 1.20504 0.0625
vt 1.20504 -0.0625
vt 1.22046 0.0625
vt 1.22046 -0.0625
vt 1.22046 0.0625
vt 1.22046 -0.0625
vt 1.23739 0.0625
vt 1.23739 -0.0625
vt 1.23739 0.0625
vt 1.23739 -0.0625
vt 1.38688 0.0625
vt 1.38688 -0.0625
vt 1.38688 0.0625
vt 1.38688 -0.0625
vt 1.40172 0.0625
vt 1.40172 -0.0625
vt 1.40172 0.0625
vt 1.40172 -0.0625
vt 1.41459 0.0625
vt 1.41459 -0.0625
vt 1.41459 0.0625
vt 1.41459 -0.0625
vt 1.42924 0.0625
vt 1.42924 -0.0625
vt 1.42924 0.0625
vt 1.42924 -0.0625
vt 1.53687 0.0625
vt 1.53687 -0.0625
vt 1.53687 0.0625
vt 1.53687 -0.0625
vt 1.55055 0.0625
vt 1.55055 -0.0625
vt 1.55055 0.0625
vt 1.55055 -0.0625
vt 1.56135 0.0625
vt 1.56135 -0.0625
vt 1.56135 0.0625
vt 1.56135 -0.0625
vt 1.57524 0.0625
vt 1.57524 -0.0625
vt 1.57524 0.0625
vt 1.57524 -0.0625
vt 1.68313 0.0625
vt 1.68313 -0.0625
vt 1.68313 0.0625
vt 1.68313 -0.0625
vt 1.69688 0.0625
vt 1.69688 -0.0625
vt 1.69688 0.0625
vt 1.69688 -0.0625
vt 1.7065 0.0625
vt 1.7065 -0.0625
vt 1.7065 0.0625
vt 1.7065 -0.0625
vt 1.71535 0.0625
vt 1.71535 -0.0625
vt 1.71535 0.0625
vt 1.71535 -0.0625
vt 1.72758 0.0625
vt 1.72758 -0.0625
vt 1.72758 0.0625
vt 1.72758 -0.0625
vt 1.8248 0.0625
vt 1.8248 -0.0625
vt 1.8248 0.0625
vt 1.8248 -0.0625
vt 1.96301 0.0625
vt 1.96301 -0.0625
vt 1.96301 0.0625
vt 1.96301 -0.0625
vt 1.97785 0.0625
vt 1.97785 -0.0625
vt 1.97785 0.0625
vt 1.97785 -0.0625
vt 1.99072 0.0625
vt 1.99072 -0.0625
vt 1.99072 0.0625
vt 1.99072 -0.0625
vt 2.00536 0.0625
vt 2.00536 -0.0625
vt 2.00536 0.0625
vt 2.00536 -0.0625
vt 2.1123 0.0625
vt 2.1123 -0.0625
vt 0 0.0625
vt 0 -0.0625
vt 0.00979 0.0625
vt 0.00979 -0.0625
vt 0.00979 0.0625
vt 0.00979 -0.0625
vt 0.01734 0.0625
vt 0.01734 -0.0625
vt 0.01734 0.0625
vt 0.01734 -0.0625
vt 0.0347 0.0625
vt 0.0347 -0.0625
vt 0.0347 0.0625
vt 0.0347 -0.0625
vt 0.04321 0.0625
vt 0.04321 -0.0625
vt 0.04321 0.0625
vt 0.04321 -0.0625
vt 0.05468 0.0625
vt 0.05468 -0.0625
vt 0.05468 0.0625
vt 0.05468 -0.0625
vt 0.17202 0.0625
vt 0.17202 -0.0625
vt 0.17202 0.0625
vt 0.17202 -0.0625
vt 0.28105 0.0625
vt 0.28105 -0.0625
vt 0.28105 0.0625
vt 0.28105 -0.0625
vt 0.38753 0.0625
vt 0.38753 -0.0625
vt 0 0.0625
vt 0 -0.0625
vt 0.04214 0.0625
vt 0.04214 -0.0625
vt 0.04214 0.0625
vt 0.04214 -0.0625
vt 0.08038 0.0625
vt 0.08038 -0.0625
vt 0.08038 0.0625
vt 0.08038 -0.0625
vt 0.10382 0.0625
vt 0.10382 -0.0625
vt 0 0.0625
vt 0 -0.0625
vt 0.01465 0.0625
vt 0.01465 -0.0625
vt 0.01465 0.0625
vt 0.01465 -0.0625
vt 0.03051 0.0625
vt 0.03051 -0.0625
vt 0.03051 0.0625
vt 0.03051 -0.0625
vt 0.04338 0.0625
vt 0.04338 -0.0625
vt 0.04338 0.0625
vt 0.04338 -0.0625
vt 0.05904 0.0625
vt 0.05904 -0.0625
vt 0.05904 0.0625
vt 0.05904 -0.0625
vt 0.07389 0.0625
vt 0.07389 -0.0625
vt 0.07389 0.0625
vt 0.07389 -0.0625
vt 0.07967 0.0625
vt 0.07967 -0.0625
vt 0.07967 0.0625
vt 0.07967 -0.0625
vt 0.15217 0.0625
vt 0.15217 -0.0625
vt 0.15217 0.0625
vt 0.15217 -0.0625
vt 0.21162 0.0625
vt 0.21162 -0.0625
vt 0.21162 0.0625
vt 0.21162 -0.0625
vt 0.27309 0.0625
vt 0.27309 -0.0625
vt 0.27309 0.0625
vt 0.27309 -0.0625
vt 0.2798 0.0625
vt 0.2798 -0.0625
vt 0.2798 0.0625
vt 0.2798 -0.0625
vt 0.29371 0.0625
vt 0.29371 -0.0625
vt 0.29371 0.0625
vt 0.29371 -0.0625
vt 0.31503 0.0625
vt 0.31503 -0.0625
vt 0.31503 0.0625
vt 0.31503 -0.0625
vt 0.32627 0.0625
vt 0.32627 -0.0625
vt 0.32627 0.0625
vt 0.32627 -0.0625
vt 0.34609 0.0625
vt 0.34609 -0.0625
vt 0.34609 0.0625
vt 0.34609 -0.0625
vt 0.36091 0.0625
vt 0.36091 -0.0625
vt 0.36091 0.0625
vt 0.36091 -0.0625
vt 0.3668 0.0625
vt 0.3668 -0.0625
vt 0.3668 0.0625
vt 0.3668 -0.0625
vt 0.47167 0.0625
vt 0.47167 -0.0625
vt 0.47167 0.0625
vt 0.47167 -0.0625
vt 0.47763 0.0625
vt 0.47763 -0.0625
vt 0.47763 0.0625
vt 0.47763 -0.0625
vt 0.49227 0.0625
vt 0.49227 -0.0625
vt 0.49227 0.0625
vt 0.49227 -0.0625
vt 0.50813 0.0625
vt 0.50813 -0.0625
vt 0.50813 0.0625
vt 0.50813 -0.0625
vt 0.521 0.0625
vt 0.521 -0.0625
vt 0.521 0.0625
vt 0.521 -0.0625
vt 0.53666 0.0625
vt 0.53666 -0.0625
vt 0.53666 0.0625
vt 0.53666 -0.0625
vt 0.5515 0.0625
vt 0.5515 -0.0625
vt 0.5515 0.0625
vt 0.5515 -0.0625
vt 0.55729 0.0625
vt 0.55729 -0.0625
vt 0.55729 0.0625
vt 0.55729 -0.0625
vt 0.74345 0.0625
vt 0.74345 -0.0625
vt 0.74345 0.0625
vt 0.74345 -0.0625
vt 0.74462 0.0625
vt 0.74462 -0.0625
vt 0.74462 0.0625
vt 0.74462 -0.0625
vt 0.75553 0.0625
vt 0.75553 -0.0625
vt 0.75553 0.0625
vt 0.75553 -0.0625
vt 0.75765 0.0625
vt 0.75765 -0.0625
vt 0.75765 0.0625
vt 0.75765 -0.0625
vt 0.76926 0.0625
vt 0.76926 -0.0625
vt 0.76926 0.0625
vt 0.76926 -0.0625
vt 0.77113 0.0625
vt 0.77113 -0.0625
vt 0.77113 0.0625
vt 0.77113 -0.0625
vt 0.78351 0.0625
vt 0.78351 -0.0625
vt 0.78351 0.0625
vt 0.78351 -0.0625
vt 0.78514 0.0625
vt 0.78514 -0.0625
vt 0.78514 0.0625
vt 0.78514 -0.0625
vt 0.7983 0.0625
vt 0.7983 -0.0625
vt 0.7983 0.0625
vt 0.7983 -0.0625
vt 0.79964 0.0625
vt 0.79964 -0.0625
vt 0.79964 0.0625
vt 0.79964 -0.0625
vt 0.81087 0.0625
vt 0.81087 -0.0625
vt 0.81087 0.0625
vt 0.81087 -0.0625
vt 0.81189 0.0625
vt 0.81189 -0.0625
vt 0.81189 0.0625
vt 0.81189 -0.0625
vt 0.82389 0.0625
vt 0.82389 -0.0625
vt 0.82389 0.0625
vt 0.82389 -0.0625
vt 0.82478 0.0625
vt 0.82478 -0.0625
vt 0.82478 0.0625
vt 0.82478 -0.0625
vt 0.83756 0.0625
vt 0.83756 -0.0625
vt 0.83756 0.0625
vt 0.83756 -0.0625
vt 0.83835 0.0625
vt 0.83835 -0.0625
vt 0.83835 0.0625
vt 0.83835 -0.0625
vt 0.8519 0.0625
vt 0.8519 -0.0625
vt 0.8519 0.0625
vt 0.8519 -0.0625
vt 0.85263 0.0625
vt 0.85263 -0.0625
vt 0.85263 0.0625
vt 0.85263 -0.0625
vt 0.86699 0.0625
vt 0.86699 -0.0625
vt 0.86699 0.0625
vt 0.86699 -0.0625
vt 0.86727 0.0625
vt 0.86727 -0.0625
vt 0.86727 0.0625
vt 0.86727 -0.0625
vt 1.02825 0.0625
vt 1.02825 -0.0625
vt 1.02825 0.0625
vt 1.02825 -0.0625
vt 1.03359 0.0625
vt 1.03359 -0.0625
vt 1.03359 0.0625
vt 1.03359 -0.0625
vt 1.04726 0.0625
vt 1.04726 -0.0625
vt 1.04726 0.0625
vt 1.04726 -0.0625
vt 1.06436 0.0625
vt 1.06436 -0.0625
vt 1.06436 0.0625
vt 1.06436 -0.0625
vt 1.07712 0.0625
vt 1.07712 -0.0625
vt 1.07712 0.0625
vt 1.07712 -0.0625
vt 1.09192 0.0625
vt 1.09192 -0.0625
vt 1.09192 0.0625
vt 1.09192 -0.0625
vt 1.10758 0.0625
vt 1.10758 -0.0625
vt 1.10758 0.0625
vt 1.10758 -0.0625
vt 1.11268 0.0625
vt 1.11268 -0.0625
vt 1.11268 0.0625
vt 1.11268 -0.0625
vt 1.29949 0.0625
vt 1.29949 -0.0625
vt 1.29949 0.0625
vt 1.29949 -0.0625
vt 1.3042 0.0625
vt 1.3042 -0.0625
vt 1.3042 0.0625
vt 1.3042 -0.0625
vt 1.32112 0.0625
vt 1.32112 -0.0625
vt 1.32112 0.0625
vt 1.32112 -0.0625
vt 1.33277 0.0625
vt 1.33277 -0.0625
vt 1.33277 0.0625
vt 1.33277 -0.0625
vt 1.34799 0.0625
vt 1.34799 -0.0625
vt 1.34799 0.0625
vt 1.34799 -0.0625
vt 1.36039 0.0625
vt 1.36039 -0.0625
vt 1.36039 0.0625
vt 1.36039 -0.0625
vt 1.37632 0.0625
vt 1.37632 -0.0625
vt 1.37632 0.0625
vt 1.37632 -0.0625
vt 1.38054 0.0625
vt 1.38054 -0.0625
vt 1.38054 0.0625
vt 1.38054 -0.0625
vt 1.56118 0.0625
vt 1.56118 -0.0625
vt 1.56118 0.0625
vt 1.56118 -0.0625
vt 1.56141 0.0625
vt 1.56141 -0.0625
vt 1.56141 0.0625
vt 1.56141 -0.0625
vt 1.57748 0.0625
vt 1.57748 -0.0625
vt 1.57748 0.0625
vt 1.57748 -0.0625
vt 1.57803 0.0625
vt 1.57803 -0.0625
vt 1.57803 0.0625
vt 1.57803 -0.0625
vt 1.59313 0.0625
vt 1.59313 -0.0625
vt 1.59313 0.0625
vt 1.59313 -0.0625
vt 1.59378 0.0625
vt 1.59378 -0.0625
vt 1.59378 0.0625
vt 1.59378 -0.0625
vt 1.60792 0.0625
vt 1.60792 -0.0625
vt 1.60792 0.0625
vt 1.60792 -0.0625
vt 1.60866 0.0625
vt 1.60866 -0.0625
vt 1.60866 0.0625
vt 1.60866 -0.0625
vt 1.62183 0.0625
vt 1.62183 -0.0625
vt 1.62183 0.0625
vt 1.62183 -0.0625
vt 1.62271 0.0625
vt 1.62271 -0.0625
vt 1.62271 0.0625
vt 1.62271 -0.0625
vt 1.63493 0.0625
vt 1.63493 -0.0625
vt 1.63493 0.0625
vt 1.63493 -0.0625
vt 1.63603 0.0625
vt 1.63603 -0.0625
vt 1.63603 0.0625
vt 1.63603 -0.0625
vt 1.65017 0.0625
vt 1.65017 -0.0625
vt 1.65017 0.0625
vt 1.65017 -0.0625
vt 1.65164 0.0625
vt 1.65164 -0.0625
vt 1.65164 0.0625
vt 1.65164 -0.0625
vt 1.66473 0.0625
vt 1.66473 -0.0625
vt 1.66473 0.0625
vt 1.66473 -0.0625
vt 1.66642 0.0625
vt 1.66642 -0.0625
vt 1.66642 0.0625
vt 1.66642 -0.0625
vt 1.67846 0.0625
vt 1.67846 -0.0625
vt 1.67846 0.0625
vt 1.67846 -0.0625
vt 1.6805 0.0625
vt 1.6805 -0.0625
vt 1.6805 0.0625
vt 1.6805 -0.0625
vt 1.69155 0.0625
vt 1.69155 -0.0625
vt 1.69155 0.0625
vt 1.69155 -0.0625
vt 1.69268 0.0625
vt 1.69268 -0.0625
vt 1.69268 0.0625
vt 1.69268 -0.0625
vt 1.87884 0.0625
vt 1.87884 -0.0625
vt 1.87884 0.0625
vt 1.87884 -0.0625
vt 1.88502 0.0625
vt 1.88502 -0.0625
vt 1.88502 0.0625
vt 1.88502 -0.0625
vt 1.89892 0.0625
vt 1.89892 -0.0625
vt 1.89892 0.0625
vt 1.89892 -0.0625
vt 1.91935 0.0625
vt 1.91935 -0.0625
vt 1.91935 0.0625
vt 1.91935 -0.0625
vt 1.93015 0.0625
vt 1.93015 -0.0625
vt 1.93015 0.0625
vt 1.93015 -0.0625
vt 1.95089 0.0625
vt 1.95089 -0.0625
vt 1.95089 0.0625
vt 1.95089 -0.0625
vt 1.96457 0.0625
vt 1.96457 -0.0625
vt 1.96457 0.0625
vt 1.96457 -0.0625
vt 1.97096 0.0625
vt 1.97096 -0.0625
vt 1.97096 0.0625
vt 1.97096 -0.0625
vt 2.07303 0.0625
vt 2.07303 -0.0625
vt 2.07303 0.0625
vt 2.07303 -0.0625
vt 2.07899 0.0625
vt 2.07899 -0.0625
vt 0 0.0625
vt 0 -0.0625
vt 0.01368 0.0625
vt 0.01368 -0.0625
vt 0.01368 0.0625
vt 0.01368 -0.0625
vt 0.02448 0.0625
vt 0.02448 -0.0625
vt 0.02448 0.0625
vt 0.02448 -0.0625
vt 0.03837 0.0625
vt 0.03837 -0.0625
vt 0.03837 0.0625
vt 0.03837 -0.0625
vt 0.22454 0.0625
vt 0.22454 -0.0625
vt 0.22454 0.0625
vt 0.22454 -0.0625
vt 0.23559 0.0625
vt 0.23559 -0.0625
vt 0.23559 0.0625
vt 0.23559 -0.0625
vt 0.24763 0.0625
vt 0.24763 -0.0625
vt 0.24763 0.0625
vt 0.24763 -0.0625
vt 0.26071 0.0625
vt 0.26071 -0.0625
vt 0.26071 0.0625
vt 0.26071 -0.0625
vt 0.27485 0.0625
vt 0.27485 -0.0625
vt 0.27485 0.0625
vt 0.27485 -0.0625
vt 0.28707 0.0625
vt 0.28707 -0.0625
vt 0.28707 0.0625
vt 0.28707 -0.0625
vt 0.30025 0.0625
vt 0.30025 -0.0625
vt 0.30025 0.0625
vt 0.30025 -0.0625
vt 0.31438 0.0625
vt 0.31438 -0.0625
vt 0.31438 0.0625
vt 0.31438 -0.0625
vt 0.32948 0.0625
vt 0.32948 -0.0625
vt 0.32948 0.0625
vt 0.32948 -0.0625
vt 0.34556 0.0625
vt 0.34556 -0.0625
vt 0.34556 0.0625
vt 0.34556 -0.0625
vt 0.5262 0.0625
vt 0.5262 -0.0625
vt 0.5262 0.0625
vt 0.5262 -0.0625
vt 0.54213 0.0625
vt 0.54213 -0.0625
vt 0.54213 0.0625
vt 0.54213 -0.0625
vt 0.55734 0.0625
vt 0.55734 -0.0625
vt 0.55734 0.0625
vt 0.55734 -0.0625
vt 0.57426 0.0625
vt 0.57426 -0.0625
vt 0.57426 0.0625
vt 0.57426 -0.0625
vt 0.76106 0.0625
vt 0.76106 -0.0625
vt 0.76106 0.0625
vt 0.76106 -0.0625
vt 0.77672 0.0625
vt 0.77672 -0.0625
vt 0.77672 0.0625
vt 0.77672 -0.0625
vt 0.78948 0.0625
vt 0.78948 -0.0625
vt 0.78948 0.0625
vt 0.78948 -0.0625
vt 0.80316 0.0625
vt 0.80316 -0.0625
vt 0.80316 0.0625
vt 0.80316 -0.0625
vt 0.96414 0.0625
vt 0.96414 -0.0625
vt 0.96414 0.0625
vt 0.96414 -0.0625
vt 0.9785 0.0625
vt 0.9785 -0.0625
vt 0.9785 0.0625
vt 0.9785 -0.0625
vt 0.99206 0.0625
vt 0.99206 -0.0625
vt 0.99206 0.0625
vt 0.99206 -0.0625
vt 1.00484 0.0625
vt 1.00484 -0.0625
vt 1.00484 0.0625
vt 1.00484 -0.0625
vt 1.01683 0.0625
vt 1.01683 -0.0625
vt 1.01683 0.0625
vt 1.01683 -0.0625
vt 1.02807 0.0625
vt 1.02807 -0.0625
vt 1.02807 0.0625
vt 1.02807 -0.0625
vt 1.04123 0.0625
vt 1.04123 -0.0625
vt 1.04123 0.0625
vt 1.04123 -0.0625
vt 1.05361 0.0625
vt 1.05361 -0.0625
vt 1.05361 0.0625
vt 1.05361 -0.0625
vt 1.06522 0.0625
vt 1.06522 -0.0625
vt 1.06522 0.0625
vt 1.06522 -0.0625
vt 1.07613 0.0625
vt 1.07613 -0.0625
vt 1.07613 0.0625
vt 1.07613 -0.0625
vt 1.26229 0.0625
vt 1.26229 -0.0625
vt 1.26229 0.0625
vt 1.26229 -0.0625
vt 1.27713 0.0625
vt 1.27713 -0.0625
vt 1.27713 0.0625
vt 1.27713 -0.0625
vt 1.29 0.0625
vt 1.29 -0.0625
vt 1.29 0.0625
vt 1.29 -0.0625
vt 1.30464 0.0625
vt 1.30464 -0.0625
vt 1.30464 0.0625
vt 1.30464 -0.0625
vt 1.40951 0.0625
vt 1.40951 -0.0625
vt 1.40951 0.0625
vt 1.40951 -0.0625
vt 1.42432 0.0625
vt 1.42432 -0.0625
vt 1.42432 0.0625
vt 1.42432 -0.0625
vt 1.43557 0.0625
vt 1.43557 -0.0625
vt 1.43557 0.0625
vt 1.43557 -0.0625
vt 1.44947 0.0625
vt 1.44947 -0.0625
vt 1.44947 0.0625
vt 1.44947 -0.0625
vt 1.54819 0.0625
vt 1.54819 -0.0625
vt 1.54819 0.0625
vt 1.54819 -0.0625
vt 1.6711 0.0625
vt 1.6711 -0.0625
vt 1.6711 0.0625
vt 1.6711 -0.0625
vt 1.76982 0.0625
vt 1.76982 -0.0625
vt 1.76982 0.0625
vt 1.76982 -0.0625
vt 1.78466 0.0625
vt 1.78466 -0.0625
vt 1.78466 0.0625
vt 1.78466 -0.0625
vt 1.79753 0.0625
vt 1.79753 -0.0625
vt 1.79753 0.0625
vt 1.79753 -0.0625
vt 1.81218 0.0625
vt 1.81218 -0.0625
vt 1.81218 0.0625
vt 1.81218 -0.0625
vt 1.91425 0.0625
vt 1.91425 -0.0625
vt 0 0.0625
vt 0 -0.0625
vt 0.01464 0.0625
vt 0.01464 -0.0625
vt 0.01464 0.0625
vt 0.01464 -0.0625
vt 0.0305 0.0625
vt 0.0305 -0.0625
vt 0.0305 0.0625
vt 0.0305 -0.0625
vt 0.04336 0.0625
vt 0.04336 -0.0625
vt 0.04336 0.0625
vt 0.04336 -0.0625
vt 0.05903 0.0625
vt 0.05903 -0.0625
vt 0.05903 0.0625
vt 0.05903 -0.0625
vt 0.07387 0.0625
vt 0.07387 -0.0625
vt 0.07387 0.0625
vt 0.07387 -0.0625
vt 0.07965 0.0625
vt 0.07965 -0.0625
vt 0.07965 0.0625
vt 0.07965 -0.0625
vt 0.16357 0.0625
vt 0.16357 -0.0625
vt 0.16357 0.0625
vt 0.16357 -0.0625
vt 0.16975 0.0625
vt 0.16975 -0.0625
vt 0.16975 0.0625
vt 0.16975 -0.0625
vt 0.18365 0.0625
vt 0.18365 -0.0625
vt 0.18365 0.0625
vt 0.18365 -0.0625
vt 0.20408 0.0625
vt 0.20408 -0.0625
vt 0.20408 0.0625
vt 0.20408 -0.0625
vt 0.21487 0.0625
vt 0.21487 -0.0625
vt 0.21487 0.0625
vt 0.21487 -0.0625
vt 0.23562 0.0625
vt 0.23562 -0.0625
vt 0.23562 0.0625
vt 0.23562 -0.0625
vt 0.2493 0.0625
vt 0.2493 -0.0625
vt 0.2493 0.0625
vt 0.2493 -0.0625
vt 0.25568 0.0625
vt 0.25568 -0.0625
vt 0.25568 0.0625
vt 0.25568 -0.0625
vt 0.39349 0.0625
vt 0.39349 -0.0625
vt 0.39349 0.0625
vt 0.39349 -0.0625
vt 0.40029 0.0625
vt 0.40029 -0.0625
vt 0.40029 0.0625
vt 0.40029 -0.0625
vt 0.5614 0.0625
vt 0.5614 -0.0625
vt 0.5614 0.0625
vt 0.5614 -0.0625
vt 0.56858 0.0625
vt 0.56858 -0.0625
vt 0.56858 0.0625
vt 0.56858 -0.0625
vt 0.57046 0.0625
vt 0.57046 -0.0625
vt 0.57046 0.0625
vt 0.57046 -0.0625
vt 0.57488 0.0625
vt 0.57488 -0.0625
vt 0.57488 0.0625
vt 0.57488 -0.0625
vt 0.58722 0.0625
vt 0.58722 -0.0625
vt 0.58722 0.0625
vt 0.58722 -0.0625
vt 0.72503 0.0625
vt 0.72503 -0.0625
vt 0.72503 0.0625
vt 0.72503 -0.0625
vt 0.73099 0.0625
vt 0.73099 -0.0625
vt 0.73099 0.0625
vt 0.73099 -0.0625
vt 0.74563 0.0625
vt 0.74563 -0.0625
vt 0.74563 0.0625
vt 0.74563 -0.0625
vt 0.7615 0.0625
vt 0.7615 -0.0625
vt 0.7615 0.0625
vt 0.7615 -0.0625
vt 0.77437 0.0625
vt 0.77437 -0.0625
vt 0.77437 0.0625
vt 0.77437 -0.0625
vt 0.79002 0.0625
vt 0.79002 -0.0625
vt 0.79002 0.0625
vt 0.79002 -0.0625
vt 0.80485 0.0625
vt 0.80485 -0.0625
vt 0.80485 0.0625
vt 0.80485 -0.0625
vt 0.81064 0.0625
vt 0.81064 -0.0625
vt 0.81064 0.0625
vt 0.81064 -0.0625
vt 0.89597 0.0625
vt 0.89597 -0.0625
vt 0.89597 0.0625
vt 0.89597 -0.0625
vt 0.90215 0.0625
vt 0.90215 -0.0625
vt 0.90215 0.0625
vt 0.90215 -0.0625
vt 0.91604 0.0625
vt 0.91604 -0.0625
vt 0.91604 0.0625
vt 0.91604 -0.0625
vt 0.93645 0.0625
vt 0.93645 -0.0625
vt 0.93645 0.0625
vt 0.93645 -0.0625
vt 0.94724 0.0625
vt 0.94724 -0.0625
vt 0.94724 0.0625
vt 0.94724 -0.0625
vt 0.96801 0.0625
vt 0.96801 -0.0625
vt 0.96801 0.0625
vt 0.96801 -0.0625
vt 0.98169 0.0625
vt 0.98169 -0.0625
vt 0.98169 0.0625
vt 0.98169 -0.0625
vt 0.98807 0.0625
vt 0.98807 -0.0625
vt 0.98807 0.0625
vt 0.98807 -0.0625
vt 1.15752 0.0625
vt 1.15752 -0.0625
vt 1.15752 0.0625
vt 1.15752 -0.0625
vt 1.15823 0.0625
vt 1.15823 -0.0625
vt 1.15823 0.0625
vt 1.15823 -0.0625
vt 1.17719 0.0625
vt 1.17719 -0.0625
vt 1.17719 0.0625
vt 1.17719 -0.0625
vt 1.1787 0.0625
vt 1.1787 -0.0625
vt 1.1787 0.0625
vt 1.1787 -0.0625
vt 1.19672 0.0625
vt 1.19672 -0.0625
vt 1.19672 0.0625
vt 1.19672 -0.0625
vt 1.19843 0.0625
vt 1.19843 -0.0625
vt 1.19843 0.0625
vt 1.19843 -0.0625
vt 1.21556 0.0625
vt 1.21556 -0.0625
vt 1.21556 0.0625
vt 1.21556 -0.0625
vt 1.21741 0.0625
vt 1.21741 -0.0625
vt 1.21741 0.0625
vt 1.21741 -0.0625
vt 1.2337 0.0625
vt 1.2337 -0.0625
vt 1.2337 0.0625
vt 1.2337 -0.0625
vt 1.23578 0.0625
vt 1.23578 -0.0625
vt 1.23578 0.0625
vt 1.23578 -0.0625
vt 1.2513 0.0625
vt 1.2513 -0.0625
vt 1.2513 0.0625
vt 1.2513 -0.0625
vt 1.25355 0.0625
vt 1.25355 -0.0625
vt 1.25355 0.0625
vt 1.25355 -0.0625
vt 1.26837 0.0625
vt 1.26837 -0.0625
vt 1.26837 0.0625
vt 1.26837 -0.0625
vt 1.27085 0.0625
vt 1.27085 -0.0625
vt 1.27085 0.0625
vt 1.27085 -0.0625
vt 1.28507 0.0625
vt 1.28507 -0.0625
vt 1.28507 0.0625
vt 1.28507 -0.0625
vt 1.28775 0.0625
vt 1.28775 -0.0625
vt 1.28775 0.0625
vt 1.28775 -0.0625
vt 1.30144 0.0625
vt 1.30144 -0.0625
vt 1.30144 0.0625
vt 1.30144 -0.0625
vt 1.30429 0.0625
vt 1.30429 -0.0625
vt 1.30429 0.0625
vt 1.30429 -0.0625
vt 1.31758 0.0625
vt 1.31758 -0.0625
vt 1.31758 0.0625
vt 1.31758 -0.0625
vt 1.32079 0.0625
vt 1.32079 -0.0625
vt 1.32079 0.0625
vt 1.32079 -0.0625
vt 1.33549 0.0625
vt 1.33549 -0.0625
vt 1.33549 0.0625
vt 1.33549 -0.0625
vt 1.33894 0.0625
vt 1.33894 -0.0625
vt 1.33894 0.0625
vt 1.33894 -0.0625
vt 1.35363 0.0625
vt 1.35363 -0.0625
vt 1.35363 0.0625
vt 1.35363 -0.0625
vt 1.35702 0.0625
vt 1.35702 -0.0625
vt 1.35702 0.0625
vt 1.35702 -0.0625
vt 1.37189 0.0625
vt 1.37189 -0.0625
vt 1.37189 0.0625
vt 1.37189 -0.0625
vt 1.37518 0.0625
vt 1.37518 -0.0625
vt 1.37518 0.0625
vt 1.37518 -0.0625
vt 1.39039 0.0625
vt 1.39039 -0.0625
vt 1.39039 0.0625
vt 1.39039 -0.0625
vt 1.39349 0.0625
vt 1.39349 -0.0625
vt 1.39349 0.0625
vt 1.39349 -0.0625
vt 1.40921 0.0625
vt 1.40921 -0.0625
vt 1.40921 0.0625
vt 1.40921 -0.0625
vt 1.41209 0.0625
vt 1.41209 -0.0625
vt 1.41209 0.0625
vt 1.41209 -0.0625
vt 1.42845 0.0625
vt 1.42845 -0.0625
vt 1.42845 0.0625
vt 1.42845 -0.0625
vt 1.43111 0.0625
vt 1.43111 -0.0625
vt 1.43111 0.0625
vt 1.43111 -0.0625
vt 1.44825 0.0625
vt 1.44825 -0.0625
vt 1.44825 0.0625
vt 1.44825 -0.0625
vt 1.45065 0.0625
vt 1.45065 -0.0625
vt 1.45065 0.0625
vt 1.45065 -0.0625
vt 1.46868 0.0625
vt 1.46868 -0.0625
vt 1.46868 0.0625
vt 1.46868 -0.0625
vt 1.46978 0.0625
vt 1.46978 -0.0625
vt 1.46978 0.0625
vt 1.46978 -0.0625
vt 1.68909 0.0625
vt 1.68909 -0.0625
vt 1.68909 0.0625
vt 1.68909 -0.0625
vt 1.69023 0.0625
vt 1.69023 -0.0625
vt 1.69023 0.0625
vt 1.69023 -0.0625
vt 1.70787 0.0625
vt 1.70787 -0.0625
vt 1.70787 0.0625
vt 1.70787 -0.0625
vt 1.71042 0.0625
vt 1.71042 -0.0625
vt 1.71042 0.0625
vt 1.71042 -0.0625
vt 1.72674 0.0625
vt 1.72674 -0.0625
vt 1.72674 0.0625
vt 1.72674 -0.0625
vt 1.72972 0.0625
vt 1.72972 -0.0625
vt 1.72972 0.0625
vt 1.72972 -0.0625
vt 1.74485 0.0625
vt 1.74485 -0.0625
vt 1.74485 0.0625
vt 1.74485 -0.0625
vt 1.7483 0.0625
vt 1.7483 -0.0625
vt 1.7483 0.0625
vt 1.7483 -0.0625
vt 1.76241 0.0625
vt 1.76241 -0.0625
vt 1.76241 0.0625
vt 1.76241 -0.0625
vt 1.76635 0.0625
vt 1.76635 -0.0625
vt 1.76635 0.0625
vt 1.76635 -0.0625
vt 1.77963 0.0625
vt 1.77963 -0.0625
vt 1.77963 0.0625
vt 1.77963 -0.0625
vt 1.784 0.0625
vt 1.784 -0.0625
vt 1.784 0.0625
vt 1.784 -0.0625
vt 1.79668 0.0625
vt 1.79668 -0.0625
vt 1.79668 0.0625
vt 1.79668 -0.0625
vt 1.80137 0.0625
vt 1.80137 -0.0625
vt 1.80137 0.0625
vt 1.80137 -0.0625
vt 1.81373 0.0625
vt 1.81373 -0.0625
vt 1.81373 0.0625
vt 1.81373 -0.0625
vt 1.81856 0.0625
vt 1.81856 -0.0625
vt 1.81856 0.0625
vt 1.81856 -0.0625
vt 1.83089 0.0625
vt 1.83089 -0.0625
vt 1.83089 0.0625
vt 1.83089 -0.0625
vt 1.83542 0.0625
vt 1.83542 -0.0625
vt 1.83542 0.0625
vt 1.83542 -0.0625
vt 1.84664 0.0625
vt 1.84664 -0.0625
vt 1.84664 0.0625
vt 1.84664 -0.0625
vt 1.85059 0.0625
vt 1.85059 -0.0625
vt 1.85059 0.0625
vt 1.85059 -0.0625
vt 1.86234 0.0625
vt 1.86234 -0.0625
vt 1.86234 0.0625
vt 1.86234 -0.0625
vt 1.86589 0.0625
vt 1.86589 -0.0625
vt 1.86589 0.0625
vt 1.86589 -0.0625
vt 1.87831 0.0625
vt 1.87831 -0.0625
vt 1.87831 0.0625
vt 1.87831 -0.0625
vt 1.88151 0.0625
vt 1.88151 -0.0625
vt 1.88151 0.0625
vt 1.88151 -0.0625
vt 1.89476 0.0625
vt 1.89476 -0.0625
vt 1.89476 0.0625
vt 1.89476 -0.0625
vt 1.89752 0.0625
vt 1.89752 -0.0625
vt 1.89752 0.0625
vt 1.89752 -0.0625
vt 1.91173 0.0625
vt 1.91173 -0.0625
vt 1.91173 0.0625
vt 1.91173 -0.0625
vt 1.91414 0.0625
vt 1.91414 -0.0625
vt 1.91414 0.0625
vt 1.91414 -0.0625
vt 1.92939 0.0625
vt 1.92939 -0.0625
vt 1.92939 0.0625
vt 1.92939 -0.0625
vt 1.93146 0.0625
vt 1.93146 -0.0625
vt 1.93146 0.0625
vt 1.93146 -0.0625
vt 1.94784 0.0625
vt 1.94784 -0.0625
vt 1.94784 0.0625
vt 1.94784 -0.0625
vt 1.94967 0.0625
vt 1.94967 -0.0625
vt 1.94967 0.0625
vt 1.94967 -0.0625
vt 1.96724 0.0625
vt 1.96724 -0.0625
vt 1.96724 0.0625
vt 1.96724 -0.0625
vt 1.96881 0.0625
vt 1.96881 -0.0625
vt 1.96881 0.0625
vt 1.96881 -0.0625
vt 1.98762 0.0625
vt 1.98762 -0.0625
vt 1.98762 0.0625
vt 1.98762 -0.0625
vt 1.98833 0.0625
vt 1.98833 -0.0625
vt 1.98833 0.0625
vt 1.98833 -0.0625
vt 2.15778 0.0625
vt 2.15778 -0.0625
vt 2.15778 0.0625
vt 2.15778 -0.0625
vt 2.16374 0.0625
vt 2.16374 -0.0625
vt 0 0.0625
vt 0 -0.0625
vt 0.01881 0.0625
vt 0.01881 -0.0625
vt 0.01881 0.0625
vt 0.01881 -0.0625
vt 0.03638 0.0625
vt 0.03638 -0.0625
vt 0.03638 0.0625
vt 0.03638 -0.0625
vt 0.05276 0.0625
vt 0.05276 -0.0625
vt 0.05276 0.0625
vt 0.05276 -0.0625
vt 0.06801 0.0625
vt 0.06801 -0.0625
vt 0.06801 0.0625
vt 0.06801 -0.0625
vt 0.08221 0.0625
vt 0.08221 -0.0625
vt 0.08221 0.0625
vt 0.08221 -0.0625
vt 0.09547 0.0625
vt 0.09547 -0.0625
vt 0.09547 0.0625
vt 0.09547 -0.0625
vt 0.10789 0.0625
vt 0.10789 -0.0625
vt 0.10789 0.0625
vt 0.10789 -0.0625
vt 0.11964 0.0625
vt 0.11964 -0.0625
vt 0.11964 0.0625
vt 0.11964 -0.0625
vt 0.13086 0.0625
vt 0.13086 -0.0625
vt 0.13086 0.0625
vt 0.13086 -0.0625
vt 0.14319 0.0625
vt 0.14319 -0.0625
vt 0.14319 0.0625
vt 0.14319 -0.0625
vt 0.15555 0.0625
vt 0.15555 -0.0625
vt 0.15555 0.0625
vt 0.15555 -0.0625
vt 0.16824 0.0625
vt 0.16824 -0.0625
vt 0.16824 0.0625
vt 0.16824 -0.0625
vt 0.18152 0.0625
vt 0.18152 -0.0625
vt 0.18152 0.0625
vt 0.18152 -0.0625
vt 0.19563 0.0625
vt 0.19563 -0.0625
vt 0.19563 0.0625
vt 0.19563 -0.0625
vt 0.21077 0.0625
vt 0.21077 -0.0625
vt 0.21077 0.0625
vt 0.21077 -0.0625
vt 0.22709 0.0625
vt 0.22709 -0.0625
vt 0.22709 0.0625
vt 0.22709 -0.0625
vt 0.24473 0.0625
vt 0.24473 -0.0625
vt 0.24473 0.0625
vt 0.24473 -0.0625
vt 0.46403 0.0625
vt 0.46403 -0.0625
vt 0.46403 0.0625
vt 0.46403 -0.0625
vt 0.48206 0.0625
vt 0.48206 -0.0625
vt 0.48206 0.0625
vt 0.48206 -0.0625
vt 0.4992 0.0625
vt 0.4992 -0.0625
vt 0.4992 0.0625
vt 0.4992 -0.0625
vt 0.51556 0.0625
vt 0.51556 -0.0625
vt 0.51556 0.0625
vt 0.51556 -0.0625
vt 0.53128 0.0625
vt 0.53128 -0.0625
vt 0.53128 0.0625
vt 0.53128 -0.0625
vt 0.54649 0.0625
vt 0.54649 -0.0625
vt 0.54649 0.0625
vt 0.54649 -0.0625
vt 0.56136 0.0625
vt 0.56136 -0.0625
vt 0.56136 0.0625
vt 0.56136 -0.0625
vt 0.57605 0.0625
vt 0.57605 -0.0625
vt 0.57605 0.0625
vt 0.57605 -0.0625
vt 0.59075 0.0625
vt 0.59075 -0.0625
vt 0.59075 0.0625
vt 0.59075 -0.0625
vt 0.60404 0.0625
vt 0.60404 -0.0625
vt 0.60404 0.0625
vt 0.60404 -0.0625
vt 0.61773 0.0625
vt 0.61773 -0.0625
vt 0.61773 0.0625
vt 0.61773 -0.0625
vt 0.63194 0.0625
vt 0.63194 -0.0625
vt 0.63194 0.0625
vt 0.63194 -0.0625
vt 0.64676 0.0625
vt 0.64676 -0.0625
vt 0.64676 0.0625
vt 0.64676 -0.0625
vt 0.66228 0.0625
vt 0.66228 -0.0625
vt 0.66228 0.0625
vt 0.66228 -0.0625
vt 0.67857 0.0625
vt 0.67857 -0.0625
vt 0.67857 0.0625
vt 0.67857 -0.0625
vt 0.6957 0.0625
vt 0.6957 -0.0625
vt 0.6957 0.0625
vt 0.6957 -0.0625
vt 0.71372 0.0625
vt 0.71372 -0.0625
vt 0.71372 0.0625
vt 0.71372 -0.0625
vt 0.73268 0.0625
vt 0.73268 -0.0625
vt 0.73268 0.0625
vt 0.73268 -0.0625
vt 0.90213 0.0625
vt 0.90213 -0.0625
vt 0.90213 0.0625
vt 0.90213 -0.0625
vt 0.91581 0.0625
vt 0.91581 -0.0625
vt 0.91581 0.0625
vt 0.91581 -0.0625
vt 0.9266 0.0625
vt 0.9266 -0.0625
vt 0.9266 0.0625
vt 0.9266 -0.0625
vt 0.94049 0.0625
vt 0.94049 -0.0625
vt 0.94049 0.0625
vt 0.94049 -0.0625
vt 1.02582 0.0625
vt 1.02582 -0.0625
vt 1.02582 0.0625
vt 1.02582 -0.0625
vt 1.04065 0.0625
vt 1.04065 -0.0625
vt 1.04065 0.0625
vt 1.04065 -0.0625
vt 1.05352 0.0625
vt 1.05352 -0.0625
vt 1.05352 0.0625
vt 1.05352 -0.0625
vt 1.06817 0.0625
vt 1.06817 -0.0625
vt 1.06817 0.0625
vt 1.06817 -0.0625
vt 1.20775 0.0625
vt 1.20775 -0.0625
vt 1.20775 0.0625
vt 1.20775 -0.0625
vt 1.22679 0.0625
vt 1.22679 -0.0625
vt 1.22679 0.0625
vt 1.22679 -0.0625
vt 1.24259 0.0625
vt 1.24259 -0.0625
vt 1.24259 0.0625
vt 1.24259 -0.0625
vt 1.25724 0.0625
vt 1.25724 -0.0625
vt 1.25724 0.0625
vt 1.25724 -0.0625
vt 1.27334 0.0625
vt 1.27334 -0.0625
vt 1.27334 0.0625
vt 1.27334 -0.0625
vt 1.44117 0.0625
vt 1.44117 -0.0625
vt 1.44117 0.0625
vt 1.44117 -0.0625
vt 1.45575 0.0625
vt 1.45575 -0.0625
vt 1.45575 0.0625
vt 1.45575 -0.0625
vt 1.46782 0.0625
vt 1.46782 -0.0625
vt 1.46782 0.0625
vt 1.46782 -0.0625
vt 1.48147 0.0625
vt 1.48147 -0.0625
vt 1.48147 0.0625
vt 1.48147 -0.0625
vt 1.49976 0.0625
vt 1.49976 -0.0625
vt 1.49976 0.0625
vt 1.49976 -0.0625
vt 1.63934 0.0625
vt 1.63934 -0.0625
vt 1.63934 0.0625
vt 1.63934 -0.0625
vt 1.65302 0.0625
vt 1.65302 -0.0625
vt 1.65302 0.0625
vt 1.65302 -0.0625
vt 1.66382 0.0625
vt 1.66382 -0.0625
vt 1.66382 0.0625
vt 1.66382 -0.0625
vt 1.67771 0.0625
vt 1.67771 -0.0625
vt 1.67771 0.0625
vt 1.67771 -0.0625
vt 1.76163 0.0625
vt 1.76163 -0.0625
vt 1.76163 0.0625
vt 1.76163 -0.0625
vt 1.77647 0.0625
vt 1.77647 -0.0625
vt 1.77647 0.0625
vt 1.77647 -0.0625
vt 1.78933 0.0625
vt 1.78933 -0.0625
vt 1.78933 0.0625
vt 1.78933 -0.0625
vt 1.80397 0.0625
vt 1.80397 -0.0625
vt 1.80397 0.0625
vt 1.80397 -0.0625
vt 1.97342 0.0625
vt 1.97342 -0.0625
vt 0 0.0625
vt 0 -0.0625
vt 0.01464 0.0625
vt 0.01464 -0.0625
vt 0.01464 0.0625
vt 0.01464 -0.0625
vt 0.0305 0.0625
vt 0.0305 -0.0625
vt 0.0305 0.0625
vt 0.0305 -0.0625
vt 0.04336 0.0625
vt 0.04336 -0.0625
vt 0.04336 0.0625
vt 0.04336 -0.0625
vt 0.05903 0.0625
vt 0.05903 -0.0625
vt 0.05903 0.0625
vt 0.05903 -0.0625
vt 0.07387 0.0625
vt 0.07387 -0.0625
vt 0.07387 0.0625
vt 0.07387 -0.0625
vt 0.07965 0.0625
vt 0.07965 -0.0625
vt 0.07965 0.0625
vt 0.07965 -0.0625
vt 0.16216 0.0625
vt 0.16216 -0.0625
vt 0.16216 0.0625
vt 0.16216 -0.0625
vt 0.16834 0.0625
vt 0.16834 -0.0625
vt 0.16834 0.0625
vt 0.16834 -0.0625
vt 0.18223 0.0625
vt 0.18223 -0.0625
vt 0.18223 0.0625
vt 0.18223 -0.0625
vt 0.20267 0.0625
vt 0.20267 -0.0625
vt 0.20267 0.0625
vt 0.20267 -0.0625
vt 0.21346 0.0625
vt 0.21346 -0.0625
vt 0.21346 0.0625
vt 0.21346 -0.0625
vt 0.2342 0.0625
vt 0.2342 -0.0625
vt 0.2342 0.0625
vt 0.2342 -0.0625
vt 0.24789 0.0625
vt 0.24789 -0.0625
vt 0.24789 0.0625
vt 0.24789 -0.0625
vt 0.25427 0.0625
vt 0.25427 -0.0625
vt 0.25427 0.0625
vt 0.25427 -0.0625
vt 0.28262 0.0625
vt 0.28262 -0.0625
vt 0.28262 0.0625
vt 0.28262 -0.0625
vt 0.28562 0.0625
vt 0.28562 -0.0625
vt 0.28562 0.0625
vt 0.28562 -0.0625
vt 0.30149 0.0625
vt 0.30149 -0.0625
vt 0.30149 0.0625
vt 0.30149 -0.0625
vt 0.31436 0.0625
vt 0.31436 -0.0625
vt 0.31436 0.0625
vt 0.31436 -0.0625
vt 0.33001 0.0625
vt 0.33001 -0.0625
vt 0.33001 0.0625
vt 0.33001 -0.0625
vt 0.34484 0.0625
vt 0.34484 -0.0625
vt 0.34484 0.0625
vt 0.34484 -0.0625
vt 0.35063 0.0625
vt 0.35063 -0.0625
vt 0.35063 0.0625
vt 0.35063 -0.0625
vt 0.42609 0.0625
vt 0.42609 -0.0625
vt 0.42609 0.0625
vt 0.42609 -0.0625
vt 0.43228 0.0625
vt 0.43228 -0.0625
vt 0.43228 0.0625
vt 0.43228 -0.0625
vt 0.44616 0.0625
vt 0.44616 -0.0625
vt 0.44616 0.0625
vt 0.44616 -0.0625
vt 0.46657 0.0625
vt 0.46657 -0.0625
vt 0.46657 0.0625
vt 0.46657 -0.0625
vt 0.47737 0.0625
vt 0.47737 -0.0625
vt 0.47737 0.0625
vt 0.47737 -0.0625
vt 0.48729 0.0625
vt 0.48729 -0.0625
vt 0.48729 0.0625
vt 0.48729 -0.0625
vt 0.52395 0.0625
vt 0.52395 -0.0625
vt 0.52395 0.0625
vt 0.52395 -0.0625
vt 0.52991 0.0625
vt 0.52991 -0.0625
vt 0.52991 0.0625
vt 0.52991 -0.0625
vt 0.54456 0.0625
vt 0.54456 -0.0625
vt 0.54456 0.0625
vt 0.54456 -0.0625
vt 0.56043 0.0625
vt 0.56043 -0.0625
vt 0.56043 0.0625
vt 0.56043 -0.0625
vt 0.57329 0.0625
vt 0.57329 -0.0625
vt 0.57329 0.0625
vt 0.57329 -0.0625
vt 0.58895 0.0625
vt 0.58895 -0.0625
vt 0.58895 0.0625
vt 0.58895 -0.0625
vt 0.60379 0.0625
vt 0.60379 -0.0625
vt 0.60379 0.0625
vt 0.60379 -0.0625
vt 0.60957 0.0625
vt 0.60957 -0.0625
vt 0.60957 0.0625
vt 0.60957 -0.0625
vt 0.69207 0.0625
vt 0.69207 -0.0625
vt 0.69207 0.0625
vt 0.69207 -0.0625
vt 0.69826 0.0625
vt 0.69826 -0.0625
vt 0.69826 0.0625
vt 0.69826 -0.0625
vt 0.71215 0.0625
vt 0.71215 -0.0625
vt 0.71215 0.0625
vt 0.71215 -0.0625
vt 0.73256 0.0625
vt 0.73256 -0.0625
vt 0.73256 0.0625
vt 0.73256 -0.0625
vt 0.74335 0.0625
vt 0.74335 -0.0625
vt 0.74335 0.0625
vt 0.74335 -0.0625
vt 0.76412 0.0625
vt 0.76412 -0.0625
vt 0.76412 0.0625
vt 0.76412 -0.0625
vt 0.7778 0.0625
vt 0.7778 -0.0625
vt 0.7778 0.0625
vt 0.7778 -0.0625
vt 0.78418 0.0625
vt 0.78418 -0.0625
vt 0.78418 0.0625
vt 0.78418 -0.0625
vt 1.10641 0.0625
vt 1.10641 -0.0625
vt 1.10641 0.0625
vt 1.10641 -0.0625
vt 1.11238 0.0625
vt 1.11238 -0.0625
vt 1.11238 0.0625
vt 1.11238 -0.0625
vt 1.12702 0.0625
vt 1.12702 -0.0625
vt 1.12702 0.0625
vt 1.12702 -0.0625
vt 1.14288 0.0625
vt 1.14288 -0.0625
vt 1.14288 0.0625
vt 1.14288 -0.0625
vt 1.15574 0.0625
vt 1.15574 -0.0625
vt 1.15574 0.0625
vt 1.15574 -0.0625
vt 1.17141 0.0625
vt 1.17141 -0.0625
vt 1.17141 0.0625
vt 1.17141 -0.0625
vt 1.18625 0.0625
vt 1.18625 -0.0625
vt 1.18625 0.0625
vt 1.18625 -0.0625
vt 1.19203 0.0625
vt 1.19203 -0.0625
vt 1.19203 0.0625
vt 1.19203 -0.0625
vt 1.64897 0.0625
vt 1.64897 -0.0625
vt 1.64897 0.0625
vt 1.64897 -0.0625
vt 1.65515 0.0625
vt 1.65515 -0.0625
vt 1.65515 0.0625
vt 1.65515 -0.0625
vt 1.66905 0.0625
vt 1.66905 -0.0625
vt 1.66905 0.0625
vt 1.66905 -0.0625
vt 1.68948 0.0625
vt 1.68948 -0.0625
vt 1.68948 0.0625
vt 1.68948 -0.0625
vt 1.70028 0.0625
vt 1.70028 -0.0625
vt 1.70028 0.0625
vt 1.70028 -0.0625
vt 1.72102 0.0625
vt 1.72102 -0.0625
vt 1.72102 0.0625
vt 1.72102 -0.0625
vt 1.7347 0.0625
vt 1.7347 -0.0625
vt 1.7347 0.0625
vt 1.7347 -0.0625
vt 1.74109 0.0625
vt 1.74109 -0.0625
vt 1.74109 0.0625
vt 1.74109 -0.0625
vt 2.06331 0.0625
vt 2.06331 -0.0625
vt 2.06331 0.0625
vt 2.06331 -0.0625
vt 2.06928 0.0625
vt 2.06928 -0.0625
vt 0 0.0625
vt 0 -0.0625
vt 0.01368 0.0625
vt 0.01368 -0.0625
vt 0.01368 0.0625
vt 0.01368 -0.0625
vt 0.02448 0.0625
vt 0.02448 -0.0625
vt 0.02448 0.0625
vt 0.02448 -0.0625
vt 0.03837 0.0625
vt 0.03837 -0.0625
vt 0.03837 0.0625
vt 0.03837 -0.0625
vt 0.49532 0.0625
vt 0.49532 -0.0625
vt 0.49532 0.0625
vt 0.49532 -0.0625
vt 0.51016 0.0625
vt 0.51016 -0.0625
vt 0.51016 0.0625
vt 0.51016 -0.0625
vt 0.52302 0.0625
vt 0.52302 -0.0625
vt 0.52302 0.0625
vt 0.52302 -0.0625
vt 0.53766 0.0625
vt 0.53766 -0.0625
vt 0.53766 0.0625
vt 0.53766 -0.0625
vt 0.85989 0.0625
vt 0.85989 -0.0625
vt 0.85989 0.0625
vt 0.85989 -0.0625
vt 0.87357 0.0625
vt 0.87357 -0.0625
vt 0.87357 0.0625
vt 0.87357 -0.0625
vt 0.88436 0.0625
vt 0.88436 -0.0625
vt 0.88436 0.0625
vt 0.88436 -0.0625
vt 0.89826 0.0625
vt 0.89826 -0.0625
vt 0.89826 0.0625
vt 0.89826 -0.0625
vt 0.98076 0.0625
vt 0.98076 -0.0625
vt 0.98076 0.0625
vt 0.98076 -0.0625
vt 0.9956 0.0625
vt 0.9956 -0.0625
vt 0.9956 0.0625
vt 0.9956 -0.0625
vt 1.00846 0.0625
vt 1.00846 -0.0625
vt 1.00846 0.0625
vt 1.00846 -0.0625
vt 1.02311 0.0625
vt 1.02311 -0.0625
vt 1.02311 0.0625
vt 1.02311 -0.0625
vt 1.21477 0.0625
vt 1.21477 -0.0625
vt 1.21477 0.0625
vt 1.21477 -0.0625
vt 1.26907 0.0625
vt 1.26907 -0.0625
vt 1.26907 0.0625
vt 1.26907 -0.0625
vt 1.40448 0.0625
vt 1.40448 -0.0625
vt 1.40448 0.0625
vt 1.40448 -0.0625
vt 1.41817 0.0625
vt 1.41817 -0.0625
vt 1.41817 0.0625
vt 1.41817 -0.0625
vt 1.42897 0.0625
vt 1.42897 -0.0625
vt 1.42897 0.0625
vt 1.42897 -0.0625
vt 1.44285 0.0625
vt 1.44285 -0.0625
vt 1.44285 0.0625
vt 1.44285 -0.0625
vt 1.51831 0.0625
vt 1.51831 -0.0625
vt 1.51831 0.0625
vt 1.51831 -0.0625
vt 1.53315 0.0625
vt 1.53315 -0.0625
vt 1.53315 0.0625
vt 1.53315 -0.0625
vt 1.54601 0.0625
vt 1.54601 -0.0625
vt 1.54601 0.0625
vt 1.54601 -0.0625
vt 1.56066 0.0625
vt 1.56066 -0.0625
vt 1.56066 0.0625
vt 1.56066 -0.0625
vt 1.69608 0.0625
vt 1.69608 -0.0625
vt 1.69608 0.0625
vt 1.69608 -0.0625
vt 1.75672 0.0625
vt 1.75672 -0.0625
vt 1.75672 0.0625
vt 1.75672 -0.0625
vt 1.94838 0.0625
vt 1.94838 -0.0625
vt 1.94838 0.0625
vt 1.94838 -0.0625
vt 1.96207 0.0625
vt 1.96207 -0.0625
vt 1.96207 0.0625
vt 1.96207 -0.0625
vt 1.97286 0.0625
vt 1.97286 -0.0625
vt 1.97286 0.0625
vt 1.97286 -0.0625
vt 1.98675 0.0625
vt 1.98675 -0.0625
vt 1.98675 0.0625
vt 1.98675 -0.0625
vt 2.06926 0.0625
vt 2.06926 -0.0625
vt 2.06926 0.0625
vt 2.06926 -0.0625
vt 2.0841 0.0625
vt 2.0841 -0.0625
vt 2.0841 0.0625
vt 2.0841 -0.0625
vt 2.09696 0.0625
vt 2.09696 -0.0625
vt 2.09696 0.0625
vt 2.09696 -0.0625
vt 2.1116 0.0625
vt 2.1116 -0.0625
vt 2.1116 0.0625
vt 2.1116 -0.0625
vt 2.43383 0.0625
vt 2.43383 -0.0625
vt 0 0.0625
vt 0 -0.0625
vt 0.01258 0.0625
vt 0.01258 -0.0625
vt 0.01258 0.0625
vt 0.01258 -0.0625
vt 0.02496 0.0625
vt 0.02496 -0.0625
vt 0.02496 0.0625
vt 0.02496 -0.0625
vt 0.03828 0.0625
vt 0.03828 -0.0625
vt 0.03828 0.0625
vt 0.03828 -0.0625
vt 0.06225 0.0625
vt 0.06225 -0.0625
vt 0.06225 0.0625
vt 0.06225 -0.0625
vt 0.07503 0.0625
vt 0.07503 -0.0625
vt 0.07503 0.0625
vt 0.07503 -0.0625
vt 0.08591 0.0625
vt 0.08591 -0.0625
vt 0.08591 0.0625
vt 0.08591 -0.0625
vt 0.09653 0.0625
vt 0.09653 -0.0625
vt 0.09653 0.0625
vt 0.09653 -0.0625
vt 0.11141 0.0625
vt 0.11141 -0.0625
vt 0.11141 0.0625
vt 0.11141 -0.0625
vt 0.16349 0.0625
vt 0.16349 -0.0625
vt 0.16349 0.0625
vt 0.16349 -0.0625
vt 0.25375 0.0625
vt 0.25375 -0.0625
vt 0.25375 0.0625
vt 0.25375 -0.0625
vt 0.30584 0.0625
vt 0.30584 -0.0625
vt 0.30584 0.0625
vt 0.30584 -0.0625
vt 0.32153 0.0625
vt 0.32153 -0.0625
vt 0 0.0625
vt 0 -0.0625
vt 0.0268 0.0625
vt 0.0268 -0.0625
vt 0.0268 0.0625
vt 0.0268 -0.0625
vt 0.04598 0.0625
vt 0.04598 -0.0625
vt 0.04598 0.0625
vt 0.04598 -0.0625
vt 0.064 0.0625
vt 0.064 -0.0625
vt 0.064 0.0625
vt 0.064 -0.0625
vt 0.07138 0.0625
vt 0.07138 -0.0625
vt 0.07138 0.0625
vt 0.07138 -0.0625
vt 0.07223 0.0625
vt 0.07223 -0.0625
vt 0.07223 0.0625
vt 0.07223 -0.0625
vt 0.07792 0.0625
vt 0.07792 -0.0625
vt 0.07792 0.0625
vt 0.07792 -0.0625
vt 0.09043 0.0625
vt 0.09043 -0.0625
vt 0 0.0625
vt 0 -0.0625
vt 0.01465 0.0625
vt 0.01465 -0.0625
vt 0.01465 0.0625
vt 0.01465 -0.0625
vt 0.03051 0.0625
vt 0.03051 -0.0625
vt 0.03051 0.0625
vt 0.03051 -0.0625
vt 0.04338 0.0625
vt 0.04338 -0.0625
vt 0.04338 0.0625
vt 0.04338 -0.0625
vt 0.05904 0.0625
vt 0.05904 -0.0625
vt 0.05904 0.0625
vt 0.05904 -0.0625
vt 0.07389 0.0625
vt 0.07389 -0.0625
vt 0.07389 0.0625
vt 0.07389 -0.0625
vt 0.07967 0.0625
vt 0.07967 -0.0625
vt 0.07967 0.0625
vt 0.07967 -0.0625
vt 0.19166 0.0625
vt 0.19166 -0.0625
vt 0.19166 0.0625
vt 0.19166 -0.0625
vt 0.25181 0.0625
vt 0.25181 -0.0625
vt 0.25181 0.0625
vt 0.25181 -0.0625
vt 0.35277 0.0625
vt 0.35277 -0.0625
vt 0.35277 0.0625
vt 0.35277 -0.0625
vt 0.35895 0.0625
vt 0.35895 -0.0625
vt 0.35895 0.0625
vt 0.35895 -0.0625
vt 0.37285 0.0625
vt 0.37285 -0.0625
vt 0.37285 0.0625
vt 0.37285 -0.0625
vt 0.39328 0.0625
vt 0.39328 -0.0625
vt 0.39328 0.0625
vt 0.39328 -0.0625
vt 0.40407 0.0625
vt 0.40407 -0.0625
vt 0.40407 0.0625
vt 0.40407 -0.0625
vt 0.42482 0.0625
vt 0.42482 -0.0625
vt 0.42482 0.0625
vt 0.42482 -0.0625
vt 0.4385 0.0625
vt 0.4385 -0.0625
vt 0.4385 0.0625
vt 0.4385 -0.0625
vt 0.44489 0.0625
vt 0.44489 -0.0625
vt 0.44489 0.0625
vt 0.44489 -0.0625
vt 0.55252 0.0625
vt 0.55252 -0.0625
vt 0.55252 0.0625
vt 0.55252 -0.0625
vt 0.55848 0.0625
vt 0.55848 -0.0625
vt 0.55848 0.0625
vt 0.55848 -0.0625
vt 0.57312 0.0625
vt 0.57312 -0.0625
vt 0.57312 0.0625
vt 0.57312 -0.0625
vt 0.58899 0.0625
vt 0.58899 -0.0625
vt 0.58899 0.0625
vt 0.58899 -0.0625
vt 0.60185 0.0625
vt 0.60185 -0.0625
vt 0.60185 0.0625
vt 0.60185 -0.0625
vt 0.61752 0.0625
vt 0.61752 -0.0625
vt 0.61752 0.0625
vt 0.61752 -0.0625
vt 0.63236 0.0625
vt 0.63236 -0.0625
vt 0.63236 0.0625
vt 0.63236 -0.0625
vt 0.63815 0.0625
vt 0.63815 -0.0625
vt 0.63815 0.0625
vt 0.63815 -0.0625
vt 0.78764 0.0625
vt 0.78764 -0.0625
vt 0.78764 0.0625
vt 0.78764 -0.0625
vt 0.78931 0.0625
vt 0.78931 -0.0625
vt 0.78931 0.0625
vt 0.78931 -0.0625
vt 0.80624 0.0625
vt 0.80624 -0.0625
vt 0.80624 0.0625
vt 0.80624 -0.0625
vt 0.81009 0.0625
vt 0.81009 -0.0625
vt 0.81009 0.0625
vt 0.81009 -0.0625
vt 0.8255 0.0625
vt 0.8255 -0.0625
vt 0.8255 0.0625
vt 0.8255 -0.0625
vt 0.8301 0.0625
vt 0.8301 -0.0625
vt 0.8301 0.0625
vt 0.8301 -0.0625
vt 0.84428 0.0625
vt 0.84428 -0.0625
vt 0.84428 0.0625
vt 0.84428 -0.0625
vt 0.84961 0.0625
vt 0.84961 -0.0625
vt 0.84961 0.0625
vt 0.84961 -0.0625
vt 0.86292 0.0625
vt 0.86292 -0.0625
vt 0.86292 0.0625
vt 0.86292 -0.0625
vt 0.86879 0.0625
vt 0.86879 -0.0625
vt 0.86879 0.0625
vt 0.86879 -0.0625
vt 0.88167 0.0625
vt 0.88167 -0.0625
vt 0.88167 0.0625
vt 0.88167 -0.0625
vt 0.88752 0.0625
vt 0.88752 -0.0625
vt 0.88752 0.0625
vt 0.88752 -0.0625
vt 0.90012 0.0625
vt 0.90012 -0.0625
vt 0.90012 0.0625
vt 0.90012 -0.0625
vt 0.90599 0.0625
vt 0.90599 -0.0625
vt 0.90599 0.0625
vt 0.90599 -0.0625
vt 0.91603 0.0625
vt 0.91603 -0.0625
vt 0.91603 0.0625
vt 0.91603 -0.0625
vt 0.91777 0.0625
vt 0.91777 -0.0625
vt 0.91777 0.0625
vt 0.91777 -0.0625
vt 0.92302 0.0625
vt 0.92302 -0.0625
vt 0.92302 0.0625
vt 0.92302 -0.0625
vt 0.935 0.0625
vt 0.935 -0.0625
vt 0.935 0.0625
vt 0.935 -0.0625
vt 0.93811 0.0625
vt 0.93811 -0.0625
vt 0.93811 0.0625
vt 0.93811 -0.0625
vt 0.95077 0.0625
vt 0.95077 -0.0625
vt 0.95077 0.0625
vt 0.95077 -0.0625
vt 0.95357 0.0625
vt 0.95357 -0.0625
vt 0.95357 0.0625
vt 0.95357 -0.0625
vt 0.96701 0.0625
vt 0.96701 -0.0625
vt 0.96701 0.0625
vt 0.96701 -0.0625
vt 0.96948 0.0625
vt 0.96948 -0.0625
vt 0.96948 0.0625
vt 0.96948 -0.0625
vt 0.98382 0.0625
vt 0.98382 -0.0625
vt 0.98382 0.0625
vt 0.98382 -0.0625
vt 0.98493 0.0625
vt 0.98493 -0.0625
vt 0.98493 0.0625
vt 0.98493 -0.0625
vt 1.01737 0.0625
vt 1.01737 -0.0625
vt 1.01737 0.0625
vt 1.01737 -0.0625
vt 1.01879 0.0625
vt 1.01879 -0.0625
vt 1.01879 0.0625
vt 1.01879 -0.0625
vt 1.03574 0.0625
vt 1.03574 -0.0625
vt 1.03574 0.0625
vt 1.03574 -0.0625
vt 1.03893 0.0625
vt 1.03893 -0.0625
vt 1.03893 0.0625
vt 1.03893 -0.0625
vt 1.05467 0.0625
vt 1.05467 -0.0625
vt 1.05467 0.0625
vt 1.05467 -0.0625
vt 1.05835 0.0625
vt 1.05835 -0.0625
vt 1.05835 0.0625
vt 1.05835 -0.0625
vt 1.07305 0.0625
vt 1.07305 -0.0625
vt 1.07305 0.0625
vt 1.07305 -0.0625
vt 1.0772 0.0625
vt 1.0772 -0.0625
vt 1.0772 0.0625
vt 1.0772 -0.0625
vt 1.09111 0.0625
vt 1.09111 -0.0625
vt 1.09111 0.0625
vt 1.09111 -0.0625
vt 1.09655 0.0625
vt 1.09655 -0.0625
vt 1.09655 0.0625
vt 1.09655 -0.0625
vt 1.10989 0.0625
vt 1.10989 -0.0625
vt 1.10989 0.0625
vt 1.10989 -0.0625
vt 1.11649 0.0625
vt 1.11649 -0.0625
vt 1.11649 0.0625
vt 1.11649 -0.0625
vt 1.12975 0.0625
vt 1.12975 -0.0625
vt 1.12975 0.0625
vt 1.12975 -0.0625
vt 1.13617 0.0625
vt 1.13617 -0.0625
vt 1.13617 0.0625
vt 1.13617 -0.0625
vt 1.14992 0.0625
vt 1.14992 -0.0625
vt 1.14992 0.0625
vt 1.14992 -0.0625
vt 1.15567 0.0625
vt 1.15567 -0.0625
vt 1.15567 0.0625
vt 1.15567 -0.0625
vt 1.17046 0.0625
vt 1.17046 -0.0625
vt 1.17046 0.0625
vt 1.17046 -0.0625
vt 1.17496 0.0625
vt 1.17496 -0.0625
vt 1.17496 0.0625
vt 1.17496 -0.0625
vt 1.18571 0.0625
vt 1.18571 -0.0625
vt 1.18571 0.0625
vt 1.18571 -0.0625
vt 1.18923 0.0625
vt 1.18923 -0.0625
vt 1.18923 0.0625
vt 1.18923 -0.0625
vt 1.20097 0.0625
vt 1.20097 -0.0625
vt 1.20097 0.0625
vt 1.20097 -0.0625
vt 1.20387 0.0625
vt 1.20387 -0.0625
vt 1.20387 0.0625
vt 1.20387 -0.0625
vt 1.21673 0.0625
vt 1.21673 -0.0625
vt 1.21673 0.0625
vt 1.21673 -0.0625
vt 1.21915 0.0625
vt 1.21915 -0.0625
vt 1.21915 0.0625
vt 1.21915 -0.0625
vt 1.23322 0.0625
vt 1.23322 -0.0625
vt 1.23322 0.0625
vt 1.23322 -0.0625
vt 1.23527 0.0625
vt 1.23527 -0.0625
vt 1.23527 0.0625
vt 1.23527 -0.0625
vt 1.25062 0.0625
vt 1.25062 -0.0625
vt 1.25062 0.0625
vt 1.25062 -0.0625
vt 1.25233 0.0625
vt 1.25233 -0.0625
vt 1.25233 0.0625
vt 1.25233 -0.0625
vt 1.26901 0.0625
vt 1.26901 -0.0625
vt 1.26901 0.0625
vt 1.26901 -0.0625
vt 1.26977 0.0625
vt 1.26977 -0.0625
vt 1.26977 0.0625
vt 1.26977 -0.0625
vt 1.50102 0.0625
vt 1.50102 -0.0625
vt 1.50102 0.0625
vt 1.50102 -0.0625
vt 1.50698 0.0625
vt 1.50698 -0.0625
vt 1.50698 0.0625
vt 1.50698 -0.0625
vt 1.52162 0.0625
vt 1.52162 -0.0625
vt 1.52162 0.0625
vt 1.52162 -0.0625
vt 1.53748 0.0625
vt 1.53748 -0.0625
vt 1.53748 0.0625
vt 1.53748 -0.0625
vt 1.55034 0.0625
vt 1.55034 -0.0625
vt 1.55034 0.0625
vt 1.55034 -0.0625
vt 1.56601 0.0625
vt 1.56601 -0.0625
vt 1.56601 0.0625
vt 1.56601 -0.0625
vt 1.58085 0.0625
vt 1.58085 -0.0625
vt 1.58085 0.0625
vt 1.58085 -0.0625
vt 1.58663 0.0625
vt 1.58663 -0.0625
vt 1.58663 0.0625
vt 1.58663 -0.0625
vt 2.04358 0.0625
vt 2.04358 -0.0625
vt 2.04358 0.0625
vt 2.04358 -0.0625
vt 2.04976 0.0625
vt 2.04976 -0.0625
vt 2.04976 0.0625
vt 2.04976 -0.0625
vt 2.06365 0.0625
vt 2.06365 -0.0625
vt 2.06365 0.0625
vt 2.06365 -0.0625
vt 2.08407 0.0625
vt 2.08407 -0.0625
vt 2.08407 0.0625
vt 2.08407 -0.0625
vt 2.09485 0.0625
vt 2.09485 -0.0625
vt 2.09485 0.0625
vt 2.09485 -0.0625
vt 2.11562 0.0625
vt 2.11562 -0.0625
vt 2.11562 0.0625
vt 2.11562 -0.0625
vt 2.1293 0.0625
vt 2.1293 -0.0625
vt 2.1293 0.0625
vt 2.1293 -0.0625
vt 2.13569 0.0625
vt 2.13569 -0.0625
vt 2.13569 0.0625
vt 2.13569 -0.0625
vt 2.24263 0.0625
vt 2.24263 -0.0625
vt 2.24263 0.0625
vt 2.24263 -0.0625
vt 2.24859 0.0625
vt 2.24859 -0.0625
vt 0 0.0625
vt 0 -0.0625
vt 0.01368 0.0625
vt 0.01368 -0.0625
vt 0.01368 0.0625
vt 0.01368 -0.0625
vt 0.02447 0.0625
vt 0.02447 -0.0625
vt 0.02447 0.0625
vt 0.02447 -0.0625
vt 0.03837 0.0625
vt 0.03837 -0.0625
vt 0.03837 0.0625
vt 0.03837 -0.0625
vt 0.49531 0.0625
vt 0.49531 -0.0625
vt 0.49531 0.0625
vt 0.49531 -0.0625
vt 0.51015 0.0625
vt 0.51015 -0.0625
vt 0.51015 0.0625
vt 0.51015 -0.0625
vt 0.52301 0.0625
vt 0.52301 -0.0625
vt 0.52301 0.0625
vt 0.52301 -0.0625
vt 0.53766 0.0625
vt 0.53766 -0.0625
vt 0.53766 0.0625
vt 0.53766 -0.0625
vt 0.76891 0.0625
vt 0.76891 -0.0625
vt 0.76891 0.0625
vt 0.76891 -0.0625
vt 0.78558 0.0625
vt 0.78558 -0.0625
vt 0.78558 0.0625
vt 0.78558 -0.0625
vt 0.80093 0.0625
vt 0.80093 -0.0625
vt 0.80093 0.0625
vt 0.80093 -0.0625
vt 0.815 0.0625
vt 0.815 -0.0625
vt 0.815 0.0625
vt 0.815 -0.0625
vt 0.82785 0.0625
vt 0.82785 -0.0625
vt 0.82785 0.0625
vt 0.82785 -0.0625
vt 0.8396 0.0625
vt 0.8396 -0.0625
vt 0.8396 0.0625
vt 0.8396 -0.0625
vt 0.85035 0.0625
vt 0.85035 -0.0625
vt 0.85035 0.0625
vt 0.85035 -0.0625
vt 0.86514 0.0625
vt 0.86514 -0.0625
vt 0.86514 0.0625
vt 0.86514 -0.0625
vt 0.87889 0.0625
vt 0.87889 -0.0625
vt 0.87889 0.0625
vt 0.87889 -0.0625
vt 0.89215 0.0625
vt 0.89215 -0.0625
vt 0.89215 0.0625
vt 0.89215 -0.0625
vt 0.9055 0.0625
vt 0.9055 -0.0625
vt 0.9055 0.0625
vt 0.9055 -0.0625
vt 0.91941 0.0625
vt 0.91941 -0.0625
vt 0.91941 0.0625
vt 0.91941 -0.0625
vt 0.93411 0.0625
vt 0.93411 -0.0625
vt 0.93411 0.0625
vt 0.93411 -0.0625
vt 0.94985 0.0625
vt 0.94985 -0.0625
vt 0.94985 0.0625
vt 0.94985 -0.0625
vt 0.96681 0.0625
vt 0.96681 -0.0625
vt 0.96681 0.0625
vt 0.96681 -0.0625
vt 0.99925 0.0625
vt 0.99925 -0.0625
vt 0.99925 0.0625
vt 0.99925 -0.0625
vt 1.01359 0.0625
vt 1.01359 -0.0625
vt 1.01359 0.0625
vt 1.01359 -0.0625
vt 1.02704 0.0625
vt 1.02704 -0.0625
vt 1.02704 0.0625
vt 1.02704 -0.0625
vt 1.03969 0.0625
vt 1.03969 -0.0625
vt 1.03969 0.0625
vt 1.03969 -0.0625
vt 1.05167 0.0625
vt 1.05167 -0.0625
vt 1.05167 0.0625
vt 1.05167 -0.0625
vt 1.06705 0.0625
vt 1.06705 -0.0625
vt 1.06705 0.0625
vt 1.06705 -0.0625
vt 1.08259 0.0625
vt 1.08259 -0.0625
vt 1.08259 0.0625
vt 1.08259 -0.0625
vt 1.09908 0.0625
vt 1.09908 -0.0625
vt 1.09908 0.0625
vt 1.09908 -0.0625
vt 1.11352 0.0625
vt 1.11352 -0.0625
vt 1.11352 0.0625
vt 1.11352 -0.0625
vt 1.12692 0.0625
vt 1.12692 -0.0625
vt 1.12692 0.0625
vt 1.12692 -0.0625
vt 1.13964 0.0625
vt 1.13964 -0.0625
vt 1.13964 0.0625
vt 1.13964 -0.0625
vt 1.15206 0.0625
vt 1.15206 -0.0625
vt 1.15206 0.0625
vt 1.15206 -0.0625
vt 1.16466 0.0625
vt 1.16466 -0.0625
vt 1.16466 0.0625
vt 1.16466 -0.0625
vt 1.17754 0.0625
vt 1.17754 -0.0625
vt 1.17754 0.0625
vt 1.17754 -0.0625
vt 1.19085 0.0625
vt 1.19085 -0.0625
vt 1.19085 0.0625
vt 1.19085 -0.0625
vt 1.20504 0.0625
vt 1.20504 -0.0625
vt 1.20504 0.0625
vt 1.20504 -0.0625
vt 1.22045 0.0625
vt 1.22045 -0.0625
vt 1.22045 0.0625
vt 1.22045 -0.0625
vt 1.23739 0.0625
vt 1.23739 -0.0625
vt 1.23739 0.0625
vt 1.23739 -0.0625
vt 1.38688 0.0625
vt 1.38688 -0.0625
vt 1.38688 0.0625
vt 1.38688 -0.0625
vt 1.40172 0.0625
vt 1.40172 -0.0625
vt 1.40172 0.0625
vt 1.40172 -0.0625
vt 1.41458 0.0625
vt 1.41458 -0.0625
vt 1.41458 0.0625
vt 1.41458 -0.0625
vt 1.42923 0.0625
vt 1.42923 -0.0625
vt 1.42923 0.0625
vt 1.42923 -0.0625
vt 1.53686 0.0625
vt 1.53686 -0.0625
vt 1.53686 0.0625
vt 1.53686 -0.0625
vt 1.55055 0.0625
vt 1.55055 -0.0625
vt 1.55055 0.0625
vt 1.55055 -0.0625
vt 1.56134 0.0625
vt 1.56134 -0.0625
vt 1.56134 0.0625
vt 1.56134 -0.0625
vt 1.57524 0.0625
vt 1.57524 -0.0625
vt 1.57524 0.0625
vt 1.57524 -0.0625
vt 1.68313 0.0625
vt 1.68313 -0.0625
vt 1.68313 0.0625
vt 1.68313 -0.0625
vt 1.69688 0.0625
vt 1.69688 -0.0625
vt 1.69688 0.0625
vt 1.69688 -0.0625
vt 1.70649 0.0625
vt 1.70649 -0.0625
vt 1.70649 0.0625
vt 1.70649 -0.0625
vt 1.71534 0.0625
vt 1.71534 -0.0625
vt 1.71534 0.0625
vt 1.71534 -0.0625
vt 1.72758 0.0625
vt 1.72758 -0.0625
vt 1.72758 0.0625
vt 1.72758 -0.0625
vt 1.82479 0.0625
vt 1.82479 -0.0625
vt 1.82479 0.0625
vt 1.82479 -0.0625
vt 1.963 0.0625
vt 1.963 -0.0625
vt 1.963 0.0625
vt 1.963 -0.0625
vt 1.97784 0.0625
vt 1.97784 -0.0625
vt 1.97784 0.0625
vt 1.97784 -0.0625
vt 1.99071 0.0625
vt 1.99071 -0.0625
vt 1.99071 0.0625
vt 1.99071 -0.0625
vt 2.00536 0.0625
vt 2.00536 -0.0625
vt 2.00536 0.0625
vt 2.00536 -0.0625
vt 2.1123 0.0625
vt 2.1123 -0.0625
vt 0.16968 0.00278
vt 0.17948 0.01111
vt 0.18471 0.025
vt 0.22781 0.26944
vt 0.25544 0.19375
vt 0.2626 0.1814
vt 0.27356 0.174
vt 0.28833 0.17153
vt 0.3161 0.17153
vt 0.33174 0.174
vt 0.34531 0.1814
vt 0.35683 0.19375
vt 0.41115 0.26944
vt 0.36804 0.025
vt 0.36837 0.01111
vt 0.37524 0.00278
vt 0.38864 0
vt 0.49558 0
vt 0.50996 0.00278
vt 0.51976 0.01111
vt 0.52499 0.025
vt 0.60434 0.475
vt 0.60401 0.48889
vt 0.59714 0.49722
vt 0.58374 0.5
vt 0.47124 0.5
vt 0.45803 0.49769
vt 0.44616 0.49074
vt 0.43563 0.47917
vt 0.35386 0.36597
vt 0.3497 0.36059
vt 0.34637 0.35694
vt 0.34314 0.35486
vt 0.33928 0.35417
vt 0.33303 0.35417
vt 0.32942 0.35486
vt 0.32692 0.35694
vt 0.32487 0.36059
vt 0.32261 0.36597
vt 0.28007 0.47917
vt 0.27362 0.49074
vt 0.2642 0.49769
vt 0.2518 0.5
vt 0.13999 0.5
vt 0.12562 0.49722
vt 0.11581 0.48889
vt 0.11059 0.475
vt 0.03124 0.025
vt 0.03157 0.01111
vt 0.03843 0.00278
vt 0.05183 0
vt 0.1553 0
vt 0.99364 0.00278
vt 1.00344 0.01111
vt 1.00867 0.025
vt 1.023 0.10625
vt 1.02267 0.12014
vt 1.0158 0.12847
vt 1.0024 0.13125
vt 0.81074 0.13125
vt 0.82127 0.19097
vt 0.95669 0.19097
vt 0.97106 0.19375
vt 0.98087 0.20208
vt 0.98609 0.21597
vt 0.9992 0.29028
vt 0.99887 0.30417
vt 0.992 0.3125
vt 0.9786 0.31528
vt 0.84319 0.31528
vt 0.85262 0.36875
vt 1.04428 0.36875
vt 1.05866 0.37153
vt 1.06846 0.37986
vt 1.07369 0.39375
vt 1.08802 0.475
vt 1.08769 0.48889
vt 1.08082 0.49722
vt 1.06743 0.5
vt 0.7452 0.5
vt 0.73082 0.49722
vt 0.72102 0.48889
vt 0.71579 0.475
vt 0.63645 0.025
vt 0.63678 0.01111
vt 0.64364 0.00278
vt 0.65704 0
vt 0.97926 0
vt 1.49468 0.00278
vt 1.50448 0.01111
vt 1.50971 0.025
vt 1.54828 0.24375
vt 1.54795 0.25764
vt 1.54109 0.26597
vt 1.52769 0.26875
vt 1.427 0.26875
vt 1.41262 0.26597
vt 1.40282 0.25764
vt 1.39759 0.24375
vt 1.37775 0.13125
vt 1.28261 0.13125
vt 1.34323 0.475
vt 1.3429 0.48889
vt 1.33603 0.49722
vt 1.32263 0.5
vt 1.21499 0.5
vt 1.20062 0.49722
vt 1.19081 0.48889
vt 1.18559 0.475
vt 1.10624 0.025
vt 1.10657 0.01111
vt 1.11343 0.00278
vt 1.12683 0
vt 1.4803 0
vt 2.09077 0.38366
vt 2.09163 0.39852
vt 2.09119 0.41265
vt 2.08945 0.42604
vt 2.08609 0.43861
vt 2.08079 0.45026
vt 2.07355 0.461
vt 2.06437 0.47083
vt 2.05545 0.478
vt 2.04494 0.4845
vt 2.03285 0.49033
vt 2.01916 0.4955
vt 2.00388 0.5
vt 1.99189 0.50276
vt 1.97888 0.5051
vt 1.96484 0.50702
vt 1.94977 0.5085
vt 1.93368 0.50957
vt 1.91657 0.5102
vt 1.89843 0.51042
vt 1.88022 0.5102
vt 1.86288 0.50957
vt 1.84641 0.5085
vt 1.83082 0.50702
vt 1.81611 0.5051
vt 1.80227 0.50276
vt 1.7893 0.5
vt 1.77244 0.4955
vt 1.75693 0.49033
vt 1.74278 0.4845
vt 1.72998 0.478
vt 1.71853 0.47083
vt 1.70586 0.461
vt 1.69477 0.45026
vt 1.68525 0.43861
vt 1.6773 0.42604
vt 1.67069 0.41265
vt 1.66516 0.39852
vt 1.66071 0.38366
vt 1.65735 0.36806
vt 1.6156 0.13125
vt 1.61346 0.11565
vt 1.61266 0.10078
vt 1.6132 0.08665
vt 1.6151 0.07326
vt 1.61861 0.0607
vt 1.62402 0.04905
vt 1.63133 0.0383
vt 1.64053 0.02847
vt 1.64945 0.02132
vt 1.65997 0.01486
vt 1.67207 0.0091
vt 1.68578 0.00403
vt 1.70108 -0.00035
vt 1.71308 -0.00302
vt 1.72611 -0.00528
vt 1.74016 -0.00713
vt 1.75524 -0.00857
vt 1.77133 -0.00959
vt 1.78845 -0.01021
vt 1.80659 -0.01042
vt 1.8248 -0.01021
vt 1.84214 -0.00959
vt 1.8586 -0.00857
vt 1.87418 -0.00713
vt 1.88888 -0.00528
vt 1.90271 -0.00302
vt 1.91566 -0.00035
vt 1.9325 0.00403
vt 1.94799 0.0091
vt 1.96213 0.01486
vt 1.97492 0.02132
vt 1.98637 0.02847
vt 1.99901 0.0383
vt 2.01005 0.04905
vt 2.01946 0.0607
vt 2.02725 0.07326
vt 2.03371 0.08665
vt 2.03913 0.10078
vt 2.04351 0.11565
vt 2.04685 0.13125
vt 2.0886 0.36806
vt 1.81542 0.35573
vt 1.82504 0.36597
vt 1.83264 0.36992
vt 1.84342 0.37274
vt 1.85739 0.37444
vt 1.87455 0.375
vt 1.89179 0.37444
vt 1.90532 0.37274
vt 1.91513 0.36992
vt 1.92122 0.36597
vt 1.92697 0.35573
vt 1.92725 0.34306
vt 1.89431 0.15625
vt 1.88955 0.14349
vt 1.88014 0.13299
vt 1.87263 0.12888
vt 1.8618 0.12595
vt 1.84767 0.1242
vt 1.83022 0.12361
vt 1.81327 0.1242
vt 1.79991 0.12595
vt 1.79014 0.12888
vt 1.78396 0.13299
vt 1.778 0.14349
vt 1.77765 0.15625
vt 1.81058 0.34306
vt 2.27107 0.00278
vt 2.28087 0.01111
vt 2.2861 0.025
vt 2.32651 0.25417
vt 2.41991 0.11042
vt 2.40485 0.025
vt 2.40518 0.01111
vt 2.41204 0.00278
vt 2.42544 0
vt 2.52961 0
vt 2.54399 0.00278
vt 2.55379 0.01111
vt 2.55902 0.025
vt 2.63836 0.475
vt 2.63804 0.48889
vt 2.63117 0.49722
vt 2.61777 0.5
vt 2.51361 0.5
vt 2.49923 0.49722
vt 2.48942 0.48889
vt 2.4842 0.475
vt 2.45812 0.32708
vt 2.35058 0.48125
vt 2.34076 0.49167
vt 2.32821 0.49792
vt 2.31291 0.5
vt 2.24069 0.5
vt 2.22631 0.49722
vt 2.21651 0.48889
vt 2.21128 0.475
vt 2.13193 0.025
vt 2.13226 0.01111
vt 2.13913 0.00278
vt 2.15253 0
vt 2.25669 0
vt 2.98427 0.00278
vt 2.99407 0.01111
vt 2.99929 0.025
vt 3.02329 0.16111
vt 3.12052 0.16111
vt 3.13262 0.15938
vt 3.13978 0.15417
vt 3.14258 0.14497
vt 3.14164 0.13125
vt 3.12291 0.025
vt 3.12323 0.01111
vt 3.1301 0.00278
vt 3.1435 0
vt 3.25114 0
vt 3.26552 0.00278
vt 3.27532 0.01111
vt 3.28054 0.025
vt 3.3065 0.17222
vt 3.30855 0.18903
vt 3.30852 0.20444
vt 3.30641 0.21847
vt 3.30222 0.23111
vt 3.29595 0.24236
vt 3.28788 0.25203
vt 3.27827 0.25992
vt 3.26713 0.26603
vt 3.25445 0.27036
vt 3.24023 0.27292
vt 3.25485 0.28056
vt 3.26679 0.29051
vt 3.27605 0.30278
vt 3.28157 0.31341
vt 3.28625 0.32517
vt 3.29009 0.33806
vt 3.29308 0.35208
vt 3.29871 0.38403
vt 3.3009 0.40085
vt 3.30133 0.41658
vt 3.3 0.43123
vt 3.29693 0.44479
vt 3.29176 0.4571
vt 3.28417 0.46797
vt 3.27416 0.47741
vt 3.26173 0.48542
vt 3.25194 0.48987
vt 3.24078 0.49352
vt 3.22824 0.49635
vt 3.21432 0.49838
vt 3.19903 0.49959
vt 3.18236 0.5
vt 2.95111 0.5
vt 2.93673 0.49722
vt 2.92692 0.48889
vt 2.9217 0.475
vt 2.84235 0.025
vt 2.84268 0.01111
vt 2.84954 0.00278
vt 2.86294 0
vt 2.96989 0
vt 3.12778 0.37266
vt 3.13575 0.36563
vt 3.13858 0.35512
vt 3.13789 0.34236
vt 3.13373 0.31875
vt 3.12992 0.30599
vt 3.12338 0.29549
vt 3.11294 0.28845
vt 3.09742 0.28611
vt 3.04534 0.28611
vt 3.06101 0.375
vt 3.11309 0.375
vt 3.65567 0.12222
vt 3.63853 0.025
vt 3.63909 0.01111
vt 3.64665 0.00278
vt 3.66121 0
vt 3.76607 0
vt 3.78045 0.00278
vt 3.79025 0.01111
vt 3.79548 0.025
vt 3.8278 0.20833
vt 3.8293 0.21914
vt 3.8301 0.23073
vt 3.83022 0.2431
vt 3.82965 0.25625
vt 3.8287 0.26744
vt 3.82728 0.27936
vt 3.82542 0.292
vt 3.82309 0.30536
vt 3.82031 0.31944
vt 3.78769 0.47708
vt 3.78268 0.48981
vt 3.77245 0.49745
vt 3.75701 0.5
vt 3.5702 0.5
vt 3.55347 0.49745
vt 3.54032 0.48981
vt 3.53075 0.47708
vt 3.44253 0.31944
vt 3.43479 0.30536
vt 3.42775 0.292
vt 3.42142 0.27936
vt 3.41581 0.26744
vt 3.4109 0.25625
vt 3.4057 0.2431
vt 3.40146 0.23073
vt 3.39818 0.21914
vt 3.39586 0.20833
vt 3.36353 0.025
vt 3.36386 0.01111
vt 3.37072 0.00278
vt 3.38412 0
vt 3.48621 0
vt 3.50058 0.00278
vt 3.51039 0.01111
vt 3.51561 0.025
vt 3.53276 0.12222
vt 3.62053 0.36302
vt 3.62851 0.36597
vt 3.64588 0.36597
vt 3.65282 0.36302
vt 3.65699 0.35417
vt 3.67102 0.24861
vt 3.56199 0.24861
vt 3.61324 0.35417
vt 4.23913 0.00278
vt 4.24893 0.01111
vt 4.25416 0.025
vt 4.26873 0.10764
vt 4.2684 0.12153
vt 4.26153 0.12986
vt 4.24814 0.13264
vt 4.10855 0.13264
vt 4.09039 0.13472
vt 4.07825 0.14097
vt 4.07214 0.15139
vt 4.07207 0.16597
vt 4.10121 0.33125
vt 4.10654 0.34644
vt 4.11639 0.35729
vt 4.13078 0.3638
vt 4.1497 0.36597
vt 4.28928 0.36597
vt 4.30366 0.36875
vt 4.31346 0.37708
vt 4.31869 0.39097
vt 4.3335 0.475
vt 4.33317 0.48889
vt 4.32631 0.49722
vt 4.31291 0.5
vt 4.14347 0.5
vt 4.12451 0.49957
vt 4.10654 0.49829
vt 4.08955 0.49614
vt 4.07353 0.49314
vt 4.0585 0.48928
vt 4.04445 0.48457
vt 4.03138 0.479
vt 4.01929 0.47257
vt 4.00818 0.46528
vt 3.99678 0.456
vt 3.98647 0.44553
vt 3.97725 0.43387
vt 3.96912 0.42101
vt 3.96209 0.40696
vt 3.95614 0.39171
vt 3.95129 0.37527
vt 3.94753 0.35764
vt 3.90945 0.14167
vt 3.90702 0.1242
vt 3.9061 0.1079
vt 3.90669 0.09277
vt 3.90878 0.07882
vt 3.91239 0.06604
vt 3.9175 0.05443
vt 3.92413 0.04399
vt 3.93226 0.03472
vt 3.9408 0.02743
vt 3.95062 0.021
vt 3.96173 0.01543
vt 3.97412 0.01072
vt 3.98779 0.00686
vt 4.00274 0.00386
vt 4.01898 0.00171
vt 4.0365 0.00043
vt 4.0553 0
vt 4.22475 0
vt 4.70545 0.00278
vt 4.71525 0.01111
vt 4.72048 0.025
vt 4.7348 0.10625
vt 4.73447 0.12014
vt 4.72761 0.12847
vt 4.71421 0.13125
vt 4.52254 0.13125
vt 4.53307 0.19097
vt 4.66849 0.19097
vt 4.68287 0.19375
vt 4.69267 0.20208
vt 4.6979 0.21597
vt 4.711 0.29028
vt 4.71067 0.30417
vt 4.70381 0.3125
vt 4.69041 0.31528
vt 4.55499 0.31528
vt 4.56442 0.36875
vt 4.75609 0.36875
vt 4.77047 0.37153
vt 4.78027 0.37986
vt 4.7855 0.39375
vt 4.79982 0.475
vt 4.79949 0.48889
vt 4.79263 0.49722
vt 4.77923 0.5
vt 4.45701 0.5
vt 4.44263 0.49722
vt 4.43283 0.48889
vt 4.4276 0.475
vt 4.34825 0.025
vt 4.34858 0.01111
vt 4.35545 0.00278
vt 4.36884 0
vt 4.69107 0
vt 4.95996 0.00278
vt 4.96976 0.01111
vt 4.97499 0.025
vt 4.99899 0.16111
vt 5.09621 0.16111
vt 5.10832 0.15938
vt 5.11547 0.15417
vt 5.11828 0.14497
vt 5.11734 0.13125
vt 5.0986 0.025
vt 5.09893 0.01111
vt 5.10579 0.00278
vt 5.11919 0
vt 5.22683 0
vt 5.24121 0.00278
vt 5.25101 0.01111
vt 5.25624 0.025
vt 5.2822 0.17222
vt 5.28425 0.18903
vt 5.28421 0.20444
vt 5.2821 0.21847
vt 5.27792 0.23111
vt 5.27165 0.24236
vt 5.26358 0.25203
vt 5.25397 0.25992
vt 5.24282 0.26603
vt 5.23014 0.27036
vt 5.21593 0.27292
vt 5.23054 0.28056
vt 5.24248 0.29051
vt 5.25175 0.30278
vt 5.25727 0.31341
vt 5.26195 0.32517
vt 5.26578 0.33806
vt 5.26877 0.35208
vt 5.27441 0.38403
vt 5.27659 0.40085
vt 5.27702 0.41658
vt 5.2757 0.43123
vt 5.27262 0.44479
vt 5.26746 0.4571
vt 5.25987 0.46797
vt 5.24986 0.47741
vt 5.23742 0.48542
vt 5.22764 0.48987
vt 5.21648 0.49352
vt 5.20394 0.49635
vt 5.19002 0.49838
vt 5.17472 0.49959
vt 5.15805 0.5
vt 4.9268 0.5
vt 4.91242 0.49722
vt 4.90262 0.48889
vt 4.89739 0.475
vt 4.81804 0.025
vt 4.81837 0.01111
vt 4.82524 0.00278
vt 4.83864 0
vt 4.94558 0
vt 5.10348 0.37266
vt 5.11144 0.36563
vt 5.11427 0.35512
vt 5.11359 0.34236
vt 5.10942 0.31875
vt 5.10561 0.30599
vt 5.09907 0.29549
vt 5.08863 0.28845
vt 5.07311 0.28611
vt 5.02103 0.28611
vt 5.0367 0.375
vt 5.08879 0.375
vt 0 0.08594
vt 0 -0.0625
vt 0.01287 0.08594
vt 0.01287 -0.0625
vt 0.01287 0.08594
vt 0.01287 -0.0625
vt 0.02771 0.08594
vt 0.02771 -0.0625
vt 0.02771 0.08594
vt 0.02771 -0.0625
vt 0.27592 0.08594
vt 0.27592 -0.0625
vt 0.27592 0.08594
vt 0.27592 -0.0625
vt 0.3565 0.08594
vt 0.3565 -0.0625
vt 0.3565 0.08594
vt 0.3565 -0.0625
vt 0.37077 0.08594
vt 0.37077 -0.0625
vt 0.37077 0.08594
vt 0.37077 -0.0625
vt 0.384 0.08594
vt 0.384 -0.0625
vt 0.384 0.08594
vt 0.384 -0.0625
vt 0.39897 0.08594
vt 0.39897 -0.0625
vt 0.39897 0.08594
vt 0.39897 -0.0625
vt 0.42675 0.08594
vt 0.42675 -0.0625
vt 0.42675 0.08594
vt 0.42675 -0.0625
vt 0.44258 0.08594
vt 0.44258 -0.0625
vt 0.44258 0.08594
vt 0.44258 -0.0625
vt 0.45804 0.08594
vt 0.45804 -0.0625
vt 0.45804 0.08594
vt 0.45804 -0.0625
vt 0.47492 0.08594
vt 0.47492 -0.0625
vt 0.47492 0.08594
vt 0.47492 -0.0625
vt 0.56809 0.08594
vt 0.56809 -0.0625
vt 0.56809 0.08594
vt 0.56809 -0.0625
vt 0.81631 0.08594
vt 0.81631 -0.0625
vt 0.81631 0.08594
vt 0.81631 -0.0625
vt 0.8302 0.08594
vt 0.8302 -0.0625
vt 0.8302 0.08594
vt 0.8302 -0.0625
vt 0.841 0.08594
vt 0.841 -0.0625
vt 0.841 0.08594
vt 0.841 -0.0625
vt 0.85468 0.08594
vt 0.85468 -0.0625
vt 0.85468 0.08594
vt 0.85468 -0.0625
vt 0.96162 0.08594
vt 0.96162 -0.0625
vt 0.96162 0.08594
vt 0.96162 -0.0625
vt 0.97627 0.08594
vt 0.97627 -0.0625
vt 0.97627 0.08594
vt 0.97627 -0.0625
vt 0.98914 0.08594
vt 0.98914 -0.0625
vt 0.98914 0.08594
vt 0.98914 -0.0625
vt 1.00398 0.08594
vt 1.00398 -0.0625
vt 1.00398 0.08594
vt 1.00398 -0.0625
vt 1.46092 0.08594
vt 1.46092 -0.0625
vt 1.46092 0.08594
vt 1.46092 -0.0625
vt 1.47481 0.08594
vt 1.47481 -0.0625
vt 1.47481 0.08594
vt 1.47481 -0.0625
vt 1.48561 0.08594
vt 1.48561 -0.0625
vt 1.48561 0.08594
vt 1.48561 -0.0625
vt 1.49929 0.08594
vt 1.49929 -0.0625
vt 1.49929 0.08594
vt 1.49929 -0.0625
vt 1.61179 0.08594
vt 1.61179 -0.0625
vt 1.61179 0.08594
vt 1.61179 -0.0625
vt 1.62521 0.08594
vt 1.62521 -0.0625
vt 1.62521 0.08594
vt 1.62521 -0.0625
vt 1.63896 0.08594
vt 1.63896 -0.0625
vt 1.63896 0.08594
vt 1.63896 -0.0625
vt 1.65461 0.08594
vt 1.65461 -0.0625
vt 1.65461 0.08594
vt 1.65461 -0.0625
vt 1.79425 0.08594
vt 1.79425 -0.0625
vt 1.79425 0.08594
vt 1.79425 -0.0625
vt 1.80105 0.08594
vt 1.80105 -0.0625
vt 1.80105 0.08594
vt 1.80105 -0.0625
vt 1.80599 0.08594
vt 1.80599 -0.0625
vt 1.80599 0.08594
vt 1.80599 -0.0625
vt 1.80983 0.08594
vt 1.80983 -0.0625
vt 1.80983 0.08594
vt 1.80983 -0.0625
vt 1.81375 0.08594
vt 1.81375 -0.0625
vt 1.81375 0.08594
vt 1.81375 -0.0625
vt 1.82 0.08594
vt 1.82 -0.0625
vt 1.82 0.08594
vt 1.82 -0.0625
vt 1.82368 0.08594
vt 1.82368 -0.0625
vt 1.82368 0.08594
vt 1.82368 -0.0625
vt 1.82693 0.08594
vt 1.82693 -0.0625
vt 1.82693 0.08594
vt 1.82693 -0.0625
vt 1.83111 0.08594
vt 1.83111 -0.0625
vt 1.83111 0.08594
vt 1.83111 -0.0625
vt 1.83695 0.08594
vt 1.83695 -0.0625
vt 1.83695 0.08594
vt 1.83695 -0.0625
vt 1.95787 0.08594
vt 1.95787 -0.0625
vt 1.95787 0.08594
vt 1.95787 -0.0625
vt 1.97112 0.08594
vt 1.97112 -0.0625
vt 1.97112 0.08594
vt 1.97112 -0.0625
vt 1.98283 0.08594
vt 1.98283 -0.0625
vt 1.98283 0.08594
vt 1.98283 -0.0625
vt 1.99544 0.08594
vt 1.99544 -0.0625
vt 1.99544 0.08594
vt 1.99544 -0.0625
vt 2.10725 0.08594
vt 2.10725 -0.0625
vt 2.10725 0.08594
vt 2.10725 -0.0625
vt 2.12189 0.08594
vt 2.12189 -0.0625
vt 2.12189 0.08594
vt 2.12189 -0.0625
vt 2.13476 0.08594
vt 2.13476 -0.0625
vt 2.13476 0.08594
vt 2.13476 -0.0625
vt 2.1496 0.08594
vt 2.1496 -0.0625
vt 2.1496 0.08594
vt 2.1496 -0.0625
vt 2.60654 0.08594
vt 2.60654 -0.0625
vt 2.60654 0.08594
vt 2.60654 -0.0625
vt 2.62043 0.08594
vt 2.62043 -0.0625
vt 2.62043 0.08594
vt 2.62043 -0.0625
vt 2.63123 0.08594
vt 2.63123 -0.0625
vt 2.63123 0.08594
vt 2.63123 -0.0625
vt 2.64491 0.08594
vt 2.64491 -0.0625
vt 2.64491 0.08594
vt 2.64491 -0.0625
vt 2.74839 0.08594
vt 2.74839 -0.0625
vt 2.74839 0.08594
vt 2.74839 -0.0625
vt 2.76303 0.08594
vt 2.76303 -0.0625
vt 0 0.08594
vt 0 -0.0625
vt 0.01287 0.08594
vt 0.01287 -0.0625
vt 0.01287 0.08594
vt 0.01287 -0.0625
vt 0.02771 0.08594
vt 0.02771 -0.0625
vt 0.02771 0.08594
vt 0.02771 -0.0625
vt 0.11021 0.08594
vt 0.11021 -0.0625
vt 0.11021 0.08594
vt 0.11021 -0.0625
vt 0.1241 0.08594
vt 0.1241 -0.0625
vt 0.1241 0.08594
vt 0.1241 -0.0625
vt 0.1349 0.08594
vt 0.1349 -0.0625
vt 0.1349 0.08594
vt 0.1349 -0.0625
vt 0.14858 0.08594
vt 0.14858 -0.0625
vt 0.14858 0.08594
vt 0.14858 -0.0625
vt 0.34025 0.08594
vt 0.34025 -0.0625
vt 0.34025 0.08594
vt 0.34025 -0.0625
vt 0.40089 0.08594
vt 0.40089 -0.0625
vt 0.40089 0.08594
vt 0.40089 -0.0625
vt 0.53631 0.08594
vt 0.53631 -0.0625
vt 0.53631 0.08594
vt 0.53631 -0.0625
vt 0.55095 0.08594
vt 0.55095 -0.0625
vt 0.55095 0.08594
vt 0.55095 -0.0625
vt 0.56382 0.08594
vt 0.56382 -0.0625
vt 0.56382 0.08594
vt 0.56382 -0.0625
vt 0.57866 0.08594
vt 0.57866 -0.0625
vt 0.57866 0.08594
vt 0.57866 -0.0625
vt 0.65411 0.08594
vt 0.65411 -0.0625
vt 0.65411 0.08594
vt 0.65411 -0.0625
vt 0.668 0.08594
vt 0.668 -0.0625
vt 0.668 0.08594
vt 0.668 -0.0625
vt 0.6788 0.08594
vt 0.6788 -0.0625
vt 0.6788 0.08594
vt 0.6788 -0.0625
vt 0.69248 0.08594
vt 0.69248 -0.0625
vt 0.69248 0.08594
vt 0.69248 -0.0625
vt 0.8279 0.08594
vt 0.8279 -0.0625
vt 0.8279 0.08594
vt 0.8279 -0.0625
vt 0.8822 0.08594
vt 0.8822 -0.0625
vt 0.8822 0.08594
vt 0.8822 -0.0625
vt 1.07387 0.08594
vt 1.07387 -0.0625
vt 1.07387 0.08594
vt 1.07387 -0.0625
vt 1.08851 0.08594
vt 1.08851 -0.0625
vt 1.08851 0.08594
vt 1.08851 -0.0625
vt 1.10138 0.08594
vt 1.10138 -0.0625
vt 1.10138 0.08594
vt 1.10138 -0.0625
vt 1.11622 0.08594
vt 1.11622 -0.0625
vt 1.11622 0.08594
vt 1.11622 -0.0625
vt 1.19872 0.08594
vt 1.19872 -0.0625
vt 1.19872 0.08594
vt 1.19872 -0.0625
vt 1.21261 0.08594
vt 1.21261 -0.0625
vt 1.21261 0.08594
vt 1.21261 -0.0625
vt 1.22341 0.08594
vt 1.22341 -0.0625
vt 1.22341 0.08594
vt 1.22341 -0.0625
vt 1.23709 0.08594
vt 1.23709 -0.0625
vt 1.23709 0.08594
vt 1.23709 -0.0625
vt 1.55931 0.08594
vt 1.55931 -0.0625
vt 1.55931 0.08594
vt 1.55931 -0.0625
vt 1.57396 0.08594
vt 1.57396 -0.0625
vt 1.57396 0.08594
vt 1.57396 -0.0625
vt 1.58682 0.08594
vt 1.58682 -0.0625
vt 1.58682 0.08594
vt 1.58682 -0.0625
vt 1.60166 0.08594
vt 1.60166 -0.0625
vt 1.60166 0.08594
vt 1.60166 -0.0625
vt 2.05861 0.08594
vt 2.05861 -0.0625
vt 2.05861 0.08594
vt 2.05861 -0.0625
vt 2.0725 0.08594
vt 2.0725 -0.0625
vt 2.0725 0.08594
vt 2.0725 -0.0625
vt 2.0833 0.08594
vt 2.0833 -0.0625
vt 2.0833 0.08594
vt 2.0833 -0.0625
vt 2.09698 0.08594
vt 2.09698 -0.0625
vt 2.09698 0.08594
vt 2.09698 -0.0625
vt 2.4192 0.08594
vt 2.4192 -0.0625
vt 2.4192 0.08594
vt 2.4192 -0.0625
vt 2.43385 0.08594
vt 2.43385 -0.0625
vt 0 0.08594
vt 0 -0.0625
vt 0.01287 0.08594
vt 0.01287 -0.0625
vt 0.01287 0.08594
vt 0.01287 -0.0625
vt 0.02771 0.08594
vt 0.02771 -0.0625
vt 0.02771 0.08594
vt 0.02771 -0.0625
vt 0.24983 0.08594
vt 0.24983 -0.0625
vt 0.24983 0.08594
vt 0.24983 -0.0625
vt 0.26372 0.08594
vt 0.26372 -0.0625
vt 0.26372 0.08594
vt 0.26372 -0.0625
vt 0.27452 0.08594
vt 0.27452 -0.0625
vt 0.27452 0.08594
vt 0.27452 -0.0625
vt 0.2882 0.08594
vt 0.2882 -0.0625
vt 0.2882 0.08594
vt 0.2882 -0.0625
vt 0.3889 0.08594
vt 0.3889 -0.0625
vt 0.3889 0.08594
vt 0.3889 -0.0625
vt 0.40354 0.08594
vt 0.40354 -0.0625
vt 0.40354 0.08594
vt 0.40354 -0.0625
vt 0.41641 0.08594
vt 0.41641 -0.0625
vt 0.41641 0.08594
vt 0.41641 -0.0625
vt 0.43125 0.08594
vt 0.43125 -0.0625
vt 0.43125 0.08594
vt 0.43125 -0.0625
vt 0.54548 0.08594
vt 0.54548 -0.0625
vt 0.54548 0.08594
vt 0.54548 -0.0625
vt 0.64062 0.08594
vt 0.64062 -0.0625
vt 0.64062 0.08594
vt 0.64062 -0.0625
vt 0.98968 0.08594
vt 0.98968 -0.0625
vt 0.98968 0.08594
vt 0.98968 -0.0625
vt 1.00357 0.08594
vt 1.00357 -0.0625
vt 1.00357 0.08594
vt 1.00357 -0.0625
vt 1.01436 0.08594
vt 1.01436 -0.0625
vt 1.01436 0.08594
vt 1.01436 -0.0625
vt 1.02805 0.08594
vt 1.02805 -0.0625
vt 1.02805 0.08594
vt 1.02805 -0.0625
vt 1.13569 0.08594
vt 1.13569 -0.0625
vt 1.13569 0.08594
vt 1.13569 -0.0625
vt 1.15033 0.08594
vt 1.15033 -0.0625
vt 1.15033 0.08594
vt 1.15033 -0.0625
vt 1.1632 0.08594
vt 1.1632 -0.0625
vt 1.1632 0.08594
vt 1.1632 -0.0625
vt 1.17804 0.08594
vt 1.17804 -0.0625
vt 1.17804 0.08594
vt 1.17804 -0.0625
vt 1.63498 0.08594
vt 1.63498 -0.0625
vt 1.63498 0.08594
vt 1.63498 -0.0625
vt 1.64887 0.08594
vt 1.64887 -0.0625
vt 1.64887 0.08594
vt 1.64887 -0.0625
vt 1.65967 0.08594
vt 1.65967 -0.0625
vt 1.65967 0.08594
vt 1.65967 -0.0625
vt 1.67335 0.08594
vt 1.67335 -0.0625
vt 1.67335 0.08594
vt 1.67335 -0.0625
vt 2.02683 0.08594
vt 2.02683 -0.0625
vt 2.02683 0.08594
vt 2.02683 -0.0625
vt 2.04147 0.08594
vt 2.04147 -0.0625
vt 0 0.08594
vt 0 -0.0625
vt 0.01489 0.08594
vt 0.01489 -0.0625
vt 0.01489 0.08594
vt 0.01489 -0.0625
vt 0.02902 0.08594
vt 0.02902 -0.0625
vt 0.02902 0.08594
vt 0.02902 -0.0625
vt 0.04253 0.08594
vt 0.04253 -0.0625
vt 0.04253 0.08594
vt 0.04253 -0.0625
vt 0.05553 0.08594
vt 0.05553 -0.0625
vt 0.05553 0.08594
vt 0.05553 -0.0625
vt 0.06834 0.08594
vt 0.06834 -0.0625
vt 0.06834 0.08594
vt 0.06834 -0.0625
vt 0.08129 0.08594
vt 0.08129 -0.0625
vt 0.08129 0.08594
vt 0.08129 -0.0625
vt 0.09474 0.08594
vt 0.09474 -0.0625
vt 0.09474 0.08594
vt 0.09474 -0.0625
vt 0.10618 0.08594
vt 0.10618 -0.0625
vt 0.10618 0.08594
vt 0.10618 -0.0625
vt 0.11854 0.08594
vt 0.11854 -0.0625
vt 0.11854 0.08594
vt 0.11854 -0.0625
vt 0.13197 0.08594
vt 0.13197 -0.0625
vt 0.13197 0.08594
vt 0.13197 -0.0625
vt 0.1466 0.08594
vt 0.1466 -0.0625
vt 0.1466 0.08594
vt 0.1466 -0.0625
vt 0.16252 0.08594
vt 0.16252 -0.0625
vt 0.16252 0.08594
vt 0.16252 -0.0625
vt 0.17483 0.08594
vt 0.17483 -0.0625
vt 0.17483 0.08594
vt 0.17483 -0.0625
vt 0.18805 0.08594
vt 0.18805 -0.0625
vt 0.18805 0.08594
vt 0.18805 -0.0625
vt 0.20222 0.08594
vt 0.20222 -0.0625
vt 0.20222 0.08594
vt 0.20222 -0.0625
vt 0.21736 0.08594
vt 0.21736 -0.0625
vt 0.21736 0.08594
vt 0.21736 -0.0625
vt 0.23349 0.08594
vt 0.23349 -0.0625
vt 0.23349 0.08594
vt 0.23349 -0.0625
vt 0.25061 0.08594
vt 0.25061 -0.0625
vt 0.25061 0.08594
vt 0.25061 -0.0625
vt 0.26875 0.08594
vt 0.26875 -0.0625
vt 0.26875 0.08594
vt 0.26875 -0.0625
vt 0.28697 0.08594
vt 0.28697 -0.0625
vt 0.28697 0.08594
vt 0.28697 -0.0625
vt 0.30432 0.08594
vt 0.30432 -0.0625
vt 0.30432 0.08594
vt 0.30432 -0.0625
vt 0.32082 0.08594
vt 0.32082 -0.0625
vt 0.32082 0.08594
vt 0.32082 -0.0625
vt 0.33648 0.08594
vt 0.33648 -0.0625
vt 0.33648 0.08594
vt 0.33648 -0.0625
vt 0.35132 0.08594
vt 0.35132 -0.0625
vt 0.35132 0.08594
vt 0.35132 -0.0625
vt 0.36535 0.08594
vt 0.36535 -0.0625
vt 0.36535 0.08594
vt 0.36535 -0.0625
vt 0.37861 0.08594
vt 0.37861 -0.0625
vt 0.37861 0.08594
vt 0.37861 -0.0625
vt 0.39606 0.08594
vt 0.39606 -0.0625
vt 0.39606 0.08594
vt 0.39606 -0.0625
vt 0.41241 0.08594
vt 0.41241 -0.0625
vt 0.41241 0.08594
vt 0.41241 -0.0625
vt 0.42772 0.08594
vt 0.42772 -0.0625
vt 0.42772 0.08594
vt 0.42772 -0.0625
vt 0.44207 0.08594
vt 0.44207 -0.0625
vt 0.44207 0.08594
vt 0.44207 -0.0625
vt 0.45558 0.08594
vt 0.45558 -0.0625
vt 0.45558 0.08594
vt 0.45558 -0.0625
vt 0.47161 0.08594
vt 0.47161 -0.0625
vt 0.47161 0.08594
vt 0.47161 -0.0625
vt 0.48706 0.08594
vt 0.48706 -0.0625
vt 0.48706 0.08594
vt 0.48706 -0.0625
vt 0.5021 0.08594
vt 0.5021 -0.0625
vt 0.5021 0.08594
vt 0.5021 -0.0625
vt 0.51697 0.08594
vt 0.51697 -0.0625
vt 0.51697 0.08594
vt 0.51697 -0.0625
vt 0.5319 0.08594
vt 0.5319 -0.0625
vt 0.5319 0.08594
vt 0.5319 -0.0625
vt 0.54708 0.08594
vt 0.54708 -0.0625
vt 0.54708 0.08594
vt 0.54708 -0.0625
vt 0.56259 0.08594
vt 0.56259 -0.0625
vt 0.56259 0.08594
vt 0.56259 -0.0625
vt 0.57855 0.08594
vt 0.57855 -0.0625
vt 0.57855 0.08594
vt 0.57855 -0.0625
vt 0.81901 0.08594
vt 0.81901 -0.0625
vt 0.81901 0.08594
vt 0.81901 -0.0625
vt 0.83476 0.08594
vt 0.83476 -0.0625
vt 0.83476 0.08594
vt 0.83476 -0.0625
vt 0.84965 0.08594
vt 0.84965 -0.0625
vt 0.84965 0.08594
vt 0.84965 -0.0625
vt 0.86379 0.08594
vt 0.86379 -0.0625
vt 0.86379 0.08594
vt 0.86379 -0.0625
vt 0.87731 0.08594
vt 0.87731 -0.0625
vt 0.87731 0.08594
vt 0.87731 -0.0625
vt 0.89036 0.08594
vt 0.89036 -0.0625
vt 0.89036 0.08594
vt 0.89036 -0.0625
vt 0.9032 0.08594
vt 0.9032 -0.0625
vt 0.9032 0.08594
vt 0.9032 -0.0625
vt 0.9162 0.08594
vt 0.9162 -0.0625
vt 0.9162 0.08594
vt 0.9162 -0.0625
vt 0.92966 0.08594
vt 0.92966 -0.0625
vt 0.92966 0.08594
vt 0.92966 -0.0625
vt 0.9411 0.08594
vt 0.9411 -0.0625
vt 0.9411 0.08594
vt 0.9411 -0.0625
vt 0.95344 0.08594
vt 0.95344 -0.0625
vt 0.95344 0.08594
vt 0.95344 -0.0625
vt 0.96685 0.08594
vt 0.96685 -0.0625
vt 0.96685 0.08594
vt 0.96685 -0.0625
vt 0.98146 0.08594
vt 0.98146 -0.0625
vt 0.98146 0.08594
vt 0.98146 -0.0625
vt 0.99737 0.08594
vt 0.99737 -0.0625
vt 0.99737 0.08594
vt 0.99737 -0.0625
vt 1.00967 0.08594
vt 1.00967 -0.0625
vt 1.00967 0.08594
vt 1.00967 -0.0625
vt 1.02289 0.08594
vt 1.02289 -0.0625
vt 1.02289 0.08594
vt 1.02289 -0.0625
vt 1.03707 0.08594
vt 1.03707 -0.0625
vt 1.03707 0.08594
vt 1.03707 -0.0625
vt 1.05221 0.08594
vt 1.05221 -0.0625
vt 1.05221 0.08594
vt 1.05221 -0.0625
vt 1.06834 0.08594
vt 1.06834 -0.0625
vt 1.06834 0.08594
vt 1.06834 -0.0625
vt 1.08547 0.08594
vt 1.08547 -0.0625
vt 1.08547 0.08594
vt 1.08547 -0.0625
vt 1.10361 0.08594
vt 1.10361 -0.0625
vt 1.10361 0.08594
vt 1.10361 -0.0625
vt 1.12182 0.08594
vt 1.12182 -0.0625
vt 1.12182 0.08594
vt 1.12182 -0.0625
vt 1.13917 0.08594
vt 1.13917 -0.0625
vt 1.13917 0.08594
vt 1.13917 -0.0625
vt 1.15566 0.08594
vt 1.15566 -0.0625
vt 1.15566 0.08594
vt 1.15566 -0.0625
vt 1.1713 0.08594
vt 1.1713 -0.0625
vt 1.1713 0.08594
vt 1.1713 -0.0625
vt 1.18612 0.08594
vt 1.18612 -0.0625
vt 1.18612 0.08594
vt 1.18612 -0.0625
vt 1.20013 0.08594
vt 1.20013 -0.0625
vt 1.20013 0.08594
vt 1.20013 -0.0625
vt 1.21336 0.08594
vt 1.21336 -0.0625
vt 1.21336 0.08594
vt 1.21336 -0.0625
vt 1.23076 0.08594
vt 1.23076 -0.0625
vt 1.23076 0.08594
vt 1.23076 -0.0625
vt 1.24706 0.08594
vt 1.24706 -0.0625
vt 1.24706 0.08594
vt 1.24706 -0.0625
vt 1.26233 0.08594
vt 1.26233 -0.0625
vt 1.26233 0.08594
vt 1.26233 -0.0625
vt 1.27666 0.08594
vt 1.27666 -0.0625
vt 1.27666 0.08594
vt 1.27666 -0.0625
vt 1.29015 0.08594
vt 1.29015 -0.0625
vt 1.29015 0.08594
vt 1.29015 -0.0625
vt 1.30617 0.08594
vt 1.30617 -0.0625
vt 1.30617 0.08594
vt 1.30617 -0.0625
vt 1.32157 0.08594
vt 1.32157 -0.0625
vt 1.32157 0.08594
vt 1.32157 -0.0625
vt 1.33655 0.08594
vt 1.33655 -0.0625
vt 1.33655 0.08594
vt 1.33655 -0.0625
vt 1.35133 0.08594
vt 1.35133 -0.0625
vt 1.35133 0.08594
vt 1.35133 -0.0625
vt 1.3662 0.08594
vt 1.3662 -0.0625
vt 1.3662 0.08594
vt 1.3662 -0.0625
vt 1.38133 0.08594
vt 1.38133 -0.0625
vt 1.38133 0.08594
vt 1.38133 -0.0625
vt 1.39683 0.08594
vt 1.39683 -0.0625
vt 1.39683 0.08594
vt 1.39683 -0.0625
vt 1.41279 0.08594
vt 1.41279 -0.0625
vt 1.41279 0.08594
vt 1.41279 -0.0625
vt 1.65324 0.08594
vt 1.65324 -0.0625
vt 1.65324 0.08594
vt 1.65324 -0.0625
vt 1.669 0.08594
vt 1.669 -0.0625
vt 0 0.08594
vt 0 -0.0625
vt 0.01405 0.08594
vt 0.01405 -0.0625
vt 0.01405 0.08594
vt 0.01405 -0.0625
vt 0.02261 0.08594
vt 0.02261 -0.0625
vt 0.02261 0.08594
vt 0.02261 -0.0625
vt 0.03376 0.08594
vt 0.03376 -0.0625
vt 0.03376 0.08594
vt 0.03376 -0.0625
vt 0.04783 0.08594
vt 0.04783 -0.0625
vt 0.04783 0.08594
vt 0.04783 -0.0625
vt 0.065 0.08594
vt 0.065 -0.0625
vt 0.065 0.08594
vt 0.065 -0.0625
vt 0.08225 0.08594
vt 0.08225 -0.0625
vt 0.08225 0.08594
vt 0.08225 -0.0625
vt 0.09588 0.08594
vt 0.09588 -0.0625
vt 0.09588 0.08594
vt 0.09588 -0.0625
vt 0.10609 0.08594
vt 0.10609 -0.0625
vt 0.10609 0.08594
vt 0.10609 -0.0625
vt 0.11335 0.08594
vt 0.11335 -0.0625
vt 0.11335 0.08594
vt 0.11335 -0.0625
vt 0.1251 0.08594
vt 0.1251 -0.0625
vt 0.1251 0.08594
vt 0.1251 -0.0625
vt 0.13777 0.08594
vt 0.13777 -0.0625
vt 0.13777 0.08594
vt 0.13777 -0.0625
vt 0.32746 0.08594
vt 0.32746 -0.0625
vt 0.32746 0.08594
vt 0.32746 -0.0625
vt 0.34108 0.08594
vt 0.34108 -0.0625
vt 0.34108 0.08594
vt 0.34108 -0.0625
vt 0.35518 0.08594
vt 0.35518 -0.0625
vt 0.35518 0.08594
vt 0.35518 -0.0625
vt 0.36374 0.08594
vt 0.36374 -0.0625
vt 0.36374 0.08594
vt 0.36374 -0.0625
vt 0.37496 0.08594
vt 0.37496 -0.0625
vt 0.37496 0.08594
vt 0.37496 -0.0625
vt 0.3892 0.08594
vt 0.3892 -0.0625
vt 0.3892 0.08594
vt 0.3892 -0.0625
vt 0.40665 0.08594
vt 0.40665 -0.0625
vt 0.40665 0.08594
vt 0.40665 -0.0625
vt 0.42362 0.08594
vt 0.42362 -0.0625
vt 0.42362 0.08594
vt 0.42362 -0.0625
vt 0.43709 0.08594
vt 0.43709 -0.0625
vt 0.43709 0.08594
vt 0.43709 -0.0625
vt 0.44729 0.08594
vt 0.44729 -0.0625
vt 0.44729 0.08594
vt 0.44729 -0.0625
vt 0.45471 0.08594
vt 0.45471 -0.0625
vt 0.45471 0.08594
vt 0.45471 -0.0625
vt 0.46678 0.08594
vt 0.46678 -0.0625
vt 0.46678 0.08594
vt 0.46678 -0.0625
vt 0.47955 0.08594
vt 0.47955 -0.0625
vt 0.47955 0.08594
vt 0.47955 -0.0625
vt 0.66924 0.08594
vt 0.66924 -0.0625
vt 0.66924 0.08594
vt 0.66924 -0.0625
vt 0.6828 0.08594
vt 0.6828 -0.0625
vt 0 0.08594
vt 0 -0.0625
vt 0.01287 0.08594
vt 0.01287 -0.0625
vt 0.01287 0.08594
vt 0.01287 -0.0625
vt 0.02771 0.08594
vt 0.02771 -0.0625
vt 0.02771 0.08594
vt 0.02771 -0.0625
vt 0.26041 0.08594
vt 0.26041 -0.0625
vt 0.26041 0.08594
vt 0.26041 -0.0625
vt 0.43184 0.08594
vt 0.43184 -0.0625
vt 0.43184 0.08594
vt 0.43184 -0.0625
vt 0.51857 0.08594
vt 0.51857 -0.0625
vt 0.51857 0.08594
vt 0.51857 -0.0625
vt 0.53246 0.08594
vt 0.53246 -0.0625
vt 0.53246 0.08594
vt 0.53246 -0.0625
vt 0.54326 0.08594
vt 0.54326 -0.0625
vt 0.54326 0.08594
vt 0.54326 -0.0625
vt 0.55695 0.08594
vt 0.55695 -0.0625
vt 0.55695 0.08594
vt 0.55695 -0.0625
vt 0.66111 0.08594
vt 0.66111 -0.0625
vt 0.66111 0.08594
vt 0.66111 -0.0625
vt 0.67576 0.08594
vt 0.67576 -0.0625
vt 0.67576 0.08594
vt 0.67576 -0.0625
vt 0.68862 0.08594
vt 0.68862 -0.0625
vt 0.68862 0.08594
vt 0.68862 -0.0625
vt 0.70346 0.08594
vt 0.70346 -0.0625
vt 0.70346 0.08594
vt 0.70346 -0.0625
vt 1.1604 0.08594
vt 1.1604 -0.0625
vt 1.1604 0.08594
vt 1.1604 -0.0625
vt 1.1743 0.08594
vt 1.1743 -0.0625
vt 1.1743 0.08594
vt 1.1743 -0.0625
vt 1.18509 0.08594
vt 1.18509 -0.0625
vt 1.18509 0.08594
vt 1.18509 -0.0625
vt 1.19878 0.08594
vt 1.19878 -0.0625
vt 1.19878 0.08594
vt 1.19878 -0.0625
vt 1.30294 0.08594
vt 1.30294 -0.0625
vt 1.30294 0.08594
vt 1.30294 -0.0625
vt 1.31759 0.08594
vt 1.31759 -0.0625
vt 1.31759 0.08594
vt 1.31759 -0.0625
vt 1.33045 0.08594
vt 1.33045 -0.0625
vt 1.33045 0.08594
vt 1.33045 -0.0625
vt 1.34529 0.08594
vt 1.34529 -0.0625
vt 1.34529 0.08594
vt 1.34529 -0.0625
vt 1.49549 0.08594
vt 1.49549 -0.0625
vt 1.49549 0.08594
vt 1.49549 -0.0625
vt 1.68346 0.08594
vt 1.68346 -0.0625
vt 1.68346 0.08594
vt 1.68346 -0.0625
vt 1.69777 0.08594
vt 1.69777 -0.0625
vt 1.69777 0.08594
vt 1.69777 -0.0625
vt 1.7118 0.08594
vt 1.7118 -0.0625
vt 1.7118 0.08594
vt 1.7118 -0.0625
vt 1.72724 0.08594
vt 1.72724 -0.0625
vt 1.72724 0.08594
vt 1.72724 -0.0625
vt 1.79946 0.08594
vt 1.79946 -0.0625
vt 1.79946 0.08594
vt 1.79946 -0.0625
vt 1.8141 0.08594
vt 1.8141 -0.0625
vt 1.8141 0.08594
vt 1.8141 -0.0625
vt 1.82697 0.08594
vt 1.82697 -0.0625
vt 1.82697 0.08594
vt 1.82697 -0.0625
vt 1.84181 0.08594
vt 1.84181 -0.0625
vt 1.84181 0.08594
vt 1.84181 -0.0625
vt 2.29875 0.08594
vt 2.29875 -0.0625
vt 2.29875 0.08594
vt 2.29875 -0.0625
vt 2.31264 0.08594
vt 2.31264 -0.0625
vt 2.31264 0.08594
vt 2.31264 -0.0625
vt 2.32344 0.08594
vt 2.32344 -0.0625
vt 2.32344 0.08594
vt 2.32344 -0.0625
vt 2.33712 0.08594
vt 2.33712 -0.0625
vt 2.33712 0.08594
vt 2.33712 -0.0625
vt 2.44129 0.08594
vt 2.44129 -0.0625
vt 2.44129 0.08594
vt 2.44129 -0.0625
vt 2.45593 0.08594
vt 2.45593 -0.0625
vt 0 0.08594
vt 0 -0.0625
vt 0.01287 0.08594
vt 0.01287 -0.0625
vt 0.01287 0.08594
vt 0.01287 -0.0625
vt 0.02771 0.08594
vt 0.02771 -0.0625
vt 0.02771 0.08594
vt 0.02771 -0.0625
vt 0.16592 0.08594
vt 0.16592 -0.0625
vt 0.16592 0.08594
vt 0.16592 -0.0625
vt 0.26314 0.08594
vt 0.26314 -0.0625
vt 0.26314 0.08594
vt 0.26314 -0.0625
vt 0.27537 0.08594
vt 0.27537 -0.0625
vt 0.27537 0.08594
vt 0.27537 -0.0625
vt 0.28422 0.08594
vt 0.28422 -0.0625
vt 0.28422 0.08594
vt 0.28422 -0.0625
vt 0.29384 0.08594
vt 0.29384 -0.0625
vt 0.29384 0.08594
vt 0.29384 -0.0625
vt 0.30759 0.08594
vt 0.30759 -0.0625
vt 0.30759 0.08594
vt 0.30759 -0.0625
vt 0.41548 0.08594
vt 0.41548 -0.0625
vt 0.41548 0.08594
vt 0.41548 -0.0625
vt 0.42937 0.08594
vt 0.42937 -0.0625
vt 0.42937 0.08594
vt 0.42937 -0.0625
vt 0.44016 0.08594
vt 0.44016 -0.0625
vt 0.44016 0.08594
vt 0.44016 -0.0625
vt 0.45385 0.08594
vt 0.45385 -0.0625
vt 0.45385 0.08594
vt 0.45385 -0.0625
vt 0.56149 0.08594
vt 0.56149 -0.0625
vt 0.56149 0.08594
vt 0.56149 -0.0625
vt 0.57613 0.08594
vt 0.57613 -0.0625
vt 0.57613 0.08594
vt 0.57613 -0.0625
vt 0.589 0.08594
vt 0.589 -0.0625
vt 0.589 0.08594
vt 0.589 -0.0625
vt 0.60384 0.08594
vt 0.60384 -0.0625
vt 0.60384 0.08594
vt 0.60384 -0.0625
vt 0.75333 0.08594
vt 0.75333 -0.0625
vt 0.75333 0.08594
vt 0.75333 -0.0625
vt 0.77026 0.08594
vt 0.77026 -0.0625
vt 0.77026 0.08594
vt 0.77026 -0.0625
vt 0.78568 0.08594
vt 0.78568 -0.0625
vt 0.78568 0.08594
vt 0.78568 -0.0625
vt 0.79986 0.08594
vt 0.79986 -0.0625
vt 0.79986 0.08594
vt 0.79986 -0.0625
vt 0.81318 0.08594
vt 0.81318 -0.0625
vt 0.81318 0.08594
vt 0.81318 -0.0625
vt 0.82606 0.08594
vt 0.82606 -0.0625
vt 0.82606 0.08594
vt 0.82606 -0.0625
vt 0.83865 0.08594
vt 0.83865 -0.0625
vt 0.83865 0.08594
vt 0.83865 -0.0625
vt 0.85108 0.08594
vt 0.85108 -0.0625
vt 0.85108 0.08594
vt 0.85108 -0.0625
vt 0.86379 0.08594
vt 0.86379 -0.0625
vt 0.86379 0.08594
vt 0.86379 -0.0625
vt 0.87719 0.08594
vt 0.87719 -0.0625
vt 0.87719 0.08594
vt 0.87719 -0.0625
vt 0.89164 0.08594
vt 0.89164 -0.0625
vt 0.89164 0.08594
vt 0.89164 -0.0625
vt 0.90813 0.08594
vt 0.90813 -0.0625
vt 0.90813 0.08594
vt 0.90813 -0.0625
vt 0.92368 0.08594
vt 0.92368 -0.0625
vt 0.92368 0.08594
vt 0.92368 -0.0625
vt 0.93905 0.08594
vt 0.93905 -0.0625
vt 0.93905 0.08594
vt 0.93905 -0.0625
vt 0.95103 0.08594
vt 0.95103 -0.0625
vt 0.95103 0.08594
vt 0.95103 -0.0625
vt 0.96369 0.08594
vt 0.96369 -0.0625
vt 0.96369 0.08594
vt 0.96369 -0.0625
vt 0.97714 0.08594
vt 0.97714 -0.0625
vt 0.97714 0.08594
vt 0.97714 -0.0625
vt 0.99147 0.08594
vt 0.99147 -0.0625
vt 0.99147 0.08594
vt 0.99147 -0.0625
vt 1.02391 0.08594
vt 1.02391 -0.0625
vt 1.02391 0.08594
vt 1.02391 -0.0625
vt 1.04087 0.08594
vt 1.04087 -0.0625
vt 1.04087 0.08594
vt 1.04087 -0.0625
vt 1.05661 0.08594
vt 1.05661 -0.0625
vt 1.05661 0.08594
vt 1.05661 -0.0625
vt 1.07132 0.08594
vt 1.07132 -0.0625
vt 1.07132 0.08594
vt 1.07132 -0.0625
vt 1.08522 0.08594
vt 1.08522 -0.0625
vt 1.08522 0.08594
vt 1.08522 -0.0625
vt 1.09857 0.08594
vt 1.09857 -0.0625
vt 1.09857 0.08594
vt 1.09857 -0.0625
vt 1.11183 0.08594
vt 1.11183 -0.0625
vt 1.11183 0.08594
vt 1.11183 -0.0625
vt 1.12559 0.08594
vt 1.12559 -0.0625
vt 1.12559 0.08594
vt 1.12559 -0.0625
vt 1.14038 0.08594
vt 1.14038 -0.0625
vt 1.14038 0.08594
vt 1.14038 -0.0625
vt 1.15113 0.08594
vt 1.15113 -0.0625
vt 1.15113 0.08594
vt 1.15113 -0.0625
vt 1.16287 0.08594
vt 1.16287 -0.0625
vt 1.16287 0.08594
vt 1.16287 -0.0625
vt 1.17573 0.08594
vt 1.17573 -0.0625
vt 1.17573 0.08594
vt 1.17573 -0.0625
vt 1.18979 0.08594
vt 1.18979 -0.0625
vt 1.18979 0.08594
vt 1.18979 -0.0625
vt 1.20514 0.08594
vt 1.20514 -0.0625
vt 1.20514 0.08594
vt 1.20514 -0.0625
vt 1.22181 0.08594
vt 1.22181 -0.0625
vt 1.22181 0.08594
vt 1.22181 -0.0625
vt 1.45306 0.08594
vt 1.45306 -0.0625
vt 1.45306 0.08594
vt 1.45306 -0.0625
vt 1.46771 0.08594
vt 1.46771 -0.0625
vt 1.46771 0.08594
vt 1.46771 -0.0625
vt 1.48057 0.08594
vt 1.48057 -0.0625
vt 1.48057 0.08594
vt 1.48057 -0.0625
vt 1.49541 0.08594
vt 1.49541 -0.0625
vt 1.49541 0.08594
vt 1.49541 -0.0625
vt 1.95236 0.08594
vt 1.95236 -0.0625
vt 1.95236 0.08594
vt 1.95236 -0.0625
vt 1.96625 0.08594
vt 1.96625 -0.0625
vt 1.96625 0.08594
vt 1.96625 -0.0625
vt 1.97704 0.08594
vt 1.97704 -0.0625
vt 1.97704 0.08594
vt 1.97704 -0.0625
vt 1.99073 0.08594
vt 1.99073 -0.0625
vt 1.99073 0.08594
vt 1.99073 -0.0625
vt 2.09767 0.08594
vt 2.09767 -0.0625
vt 2.09767 0.08594
vt 2.09767 -0.0625
vt 2.11232 0.08594
vt 2.11232 -0.0625
vt 0 0.08594
vt 0 -0.0625
vt 0.01062 0.08594
vt 0.01062 -0.0625
vt 0.01062 0.08594
vt 0.01062 -0.0625
vt 0.0215 0.08594
vt 0.0215 -0.0625
vt 0.0215 0.08594
vt 0.0215 -0.0625
vt 0.03428 0.08594
vt 0.03428 -0.0625
vt 0.03428 0.08594
vt 0.03428 -0.0625
vt 0.05826 0.08594
vt 0.05826 -0.0625
vt 0.05826 0.08594
vt 0.05826 -0.0625
vt 0.07157 0.08594
vt 0.07157 -0.0625
vt 0.07157 0.08594
vt 0.07157 -0.0625
vt 0.08395 0.08594
vt 0.08395 -0.0625
vt 0.08395 0.08594
vt 0.08395 -0.0625
vt 0.09653 0.08594
vt 0.09653 -0.0625
vt 0.09653 0.08594
vt 0.09653 -0.0625
vt 0.11223 0.08594
vt 0.11223 -0.0625
vt 0.11223 0.08594
vt 0.11223 -0.0625
vt 0.16431 0.08594
vt 0.16431 -0.0625
vt 0.16431 0.08594
vt 0.16431 -0.0625
vt 0.25457 0.08594
vt 0.25457 -0.0625
vt 0.25457 0.08594
vt 0.25457 -0.0625
vt 0.30665 0.08594
vt 0.30665 -0.0625
vt 0.30665 0.08594
vt 0.30665 -0.0625
vt 0.32153 0.08594
vt 0.32153 -0.0625
vt 0 0.08594
vt 0 -0.0625
vt 0.09872 0.08594
vt 0.09872 -0.0625
vt 0.09872 0.08594
vt 0.09872 -0.0625
vt 0.11262 0.08594
vt 0.11262 -0.0625
vt 0.11262 0.08594
vt 0.11262 -0.0625
vt 0.12387 0.08594
vt 0.12387 -0.0625
vt 0.12387 0.08594
vt 0.12387 -0.0625
vt 0.13869 0.08594
vt 0.13869 -0.0625
vt 0.13869 0.08594
vt 0.13869 -0.0625
vt 0.24355 0.08594
vt 0.24355 -0.0625
vt 0.24355 0.08594
vt 0.24355 -0.0625
vt 0.2582 0.08594
vt 0.2582 -0.0625
vt 0.2582 0.08594
vt 0.2582 -0.0625
vt 0.27106 0.08594
vt 0.27106 -0.0625
vt 0.27106 0.08594
vt 0.27106 -0.0625
vt 0.2859 0.08594
vt 0.2859 -0.0625
vt 0.2859 0.08594
vt 0.2859 -0.0625
vt 0.47207 0.08594
vt 0.47207 -0.0625
vt 0.47207 0.08594
vt 0.47207 -0.0625
vt 0.48298 0.08594
vt 0.48298 -0.0625
vt 0.48298 0.08594
vt 0.48298 -0.0625
vt 0.49459 0.08594
vt 0.49459 -0.0625
vt 0.49459 0.08594
vt 0.49459 -0.0625
vt 0.50696 0.08594
vt 0.50696 -0.0625
vt 0.50696 0.08594
vt 0.50696 -0.0625
vt 0.52013 0.08594
vt 0.52013 -0.0625
vt 0.52013 0.08594
vt 0.52013 -0.0625
vt 0.53136 0.08594
vt 0.53136 -0.0625
vt 0.53136 0.08594
vt 0.53136 -0.0625
vt 0.54336 0.08594
vt 0.54336 -0.0625
vt 0.54336 0.08594
vt 0.54336 -0.0625
vt 0.55614 0.08594
vt 0.55614 -0.0625
vt 0.55614 0.08594
vt 0.55614 -0.0625
vt 0.5697 0.08594
vt 0.5697 -0.0625
vt 0.5697 0.08594
vt 0.5697 -0.0625
vt 0.58405 0.08594
vt 0.58405 -0.0625
vt 0.58405 0.08594
vt 0.58405 -0.0625
vt 0.74503 0.08594
vt 0.74503 -0.0625
vt 0.74503 0.08594
vt 0.74503 -0.0625
vt 0.75871 0.08594
vt 0.75871 -0.0625
vt 0.75871 0.08594
vt 0.75871 -0.0625
vt 0.77148 0.08594
vt 0.77148 -0.0625
vt 0.77148 0.08594
vt 0.77148 -0.0625
vt 0.78713 0.08594
vt 0.78713 -0.0625
vt 0.78713 0.08594
vt 0.78713 -0.0625
vt 0.97394 0.08594
vt 0.97394 -0.0625
vt 0.97394 0.08594
vt 0.97394 -0.0625
vt 0.99086 0.08594
vt 0.99086 -0.0625
vt 0.99086 0.08594
vt 0.99086 -0.0625
vt 1.00607 0.08594
vt 1.00607 -0.0625
vt 1.00607 0.08594
vt 1.00607 -0.0625
vt 1.022 0.08594
vt 1.022 -0.0625
vt 1.022 0.08594
vt 1.022 -0.0625
vt 1.20264 0.08594
vt 1.20264 -0.0625
vt 1.20264 0.08594
vt 1.20264 -0.0625
vt 1.21872 0.08594
vt 1.21872 -0.0625
vt 1.21872 0.08594
vt 1.21872 -0.0625
vt 1.23382 0.08594
vt 1.23382 -0.0625
vt 1.23382 0.08594
vt 1.23382 -0.0625
vt 1.24795 0.08594
vt 1.24795 -0.0625
vt 1.24795 0.08594
vt 1.24795 -0.0625
vt 1.26112 0.08594
vt 1.26112 -0.0625
vt 1.26112 0.08594
vt 1.26112 -0.0625
vt 1.27335 0.08594
vt 1.27335 -0.0625
vt 1.27335 0.08594
vt 1.27335 -0.0625
vt 1.28749 0.08594
vt 1.28749 -0.0625
vt 1.28749 0.08594
vt 1.28749 -0.0625
vt 1.30057 0.08594
vt 1.30057 -0.0625
vt 1.30057 0.08594
vt 1.30057 -0.0625
vt 1.31261 0.08594
vt 1.31261 -0.0625
vt 1.31261 0.08594
vt 1.31261 -0.0625
vt 1.32366 0.08594
vt 1.32366 -0.0625
vt 1.32366 0.08594
vt 1.32366 -0.0625
vt 1.50983 0.08594
vt 1.50983 -0.0625
vt 1.50983 0.08594
vt 1.50983 -0.0625
vt 1.52372 0.08594
vt 1.52372 -0.0625
vt 1.52372 0.08594
vt 1.52372 -0.0625
vt 1.53451 0.08594
vt 1.53451 -0.0625
vt 1.53451 0.08594
vt 1.53451 -0.0625
vt 1.5482 0.08594
vt 1.5482 -0.0625
vt 1.5482 0.08594
vt 1.5482 -0.0625
vt 1.65028 0.08594
vt 1.65028 -0.0625
vt 1.65028 0.08594
vt 1.65028 -0.0625
vt 1.66493 0.08594
vt 1.66493 -0.0625
vt 1.66493 0.08594
vt 1.66493 -0.0625
vt 1.67779 0.08594
vt 1.67779 -0.0625
vt 1.67779 0.08594
vt 1.67779 -0.0625
vt 1.69263 0.08594
vt 1.69263 -0.0625
vt 1.69263 0.08594
vt 1.69263 -0.0625
vt 1.79135 0.08594
vt 1.79135 -0.0625
vt 1.79135 0.08594
vt 1.79135 -0.0625
vt 1.91427 0.08594
vt 1.91427 -0.0625
vt 0 0.08594
vt 0 -0.0625
vt 0.00851 0.08594
vt 0.00851 -0.0625
vt 0.00851 0.08594
vt 0.00851 -0.0625
vt 0.02587 0.08594
vt 0.02587 -0.0625
vt 0.02587 0.08594
vt 0.02587 -0.0625
vt 0.03342 0.08594
vt 0.03342 -0.0625
vt 0.03342 0.08594
vt 0.03342 -0.0625
vt 0.04321 0.08594
vt 0.04321 -0.0625
vt 0.04321 0.08594
vt 0.04321 -0.0625
vt 0.14969 0.08594
vt 0.14969 -0.0625
vt 0.14969 0.08594
vt 0.14969 -0.0625
vt 0.25872 0.08594
vt 0.25872 -0.0625
vt 0.25872 0.08594
vt 0.25872 -0.0625
vt 0.37606 0.08594
vt 0.37606 -0.0625
vt 0.37606 0.08594
vt 0.37606 -0.0625
vt 0.38753 0.08594
vt 0.38753 -0.0625
vt 0 0.08594
vt 0 -0.0625
vt 0.01287 0.08594
vt 0.01287 -0.0625
vt 0.01287 0.08594
vt 0.01287 -0.0625
vt 0.02771 0.08594
vt 0.02771 -0.0625
vt 0.02771 0.08594
vt 0.02771 -0.0625
vt 0.11162 0.08594
vt 0.11162 -0.0625
vt 0.11162 0.08594
vt 0.11162 -0.0625
vt 0.12551 0.08594
vt 0.12551 -0.0625
vt 0.12551 0.08594
vt 0.12551 -0.0625
vt 0.13631 0.08594
vt 0.13631 -0.0625
vt 0.13631 0.08594
vt 0.13631 -0.0625
vt 0.14999 0.08594
vt 0.14999 -0.0625
vt 0.14999 0.08594
vt 0.14999 -0.0625
vt 0.28958 0.08594
vt 0.28958 -0.0625
vt 0.28958 0.08594
vt 0.28958 -0.0625
vt 0.30786 0.08594
vt 0.30786 -0.0625
vt 0.30786 0.08594
vt 0.30786 -0.0625
vt 0.32151 0.08594
vt 0.32151 -0.0625
vt 0.32151 0.08594
vt 0.32151 -0.0625
vt 0.33359 0.08594
vt 0.33359 -0.0625
vt 0.33359 0.08594
vt 0.33359 -0.0625
vt 0.34817 0.08594
vt 0.34817 -0.0625
vt 0.34817 0.08594
vt 0.34817 -0.0625
vt 0.516 0.08594
vt 0.516 -0.0625
vt 0.516 0.08594
vt 0.516 -0.0625
vt 0.53209 0.08594
vt 0.53209 -0.0625
vt 0.53209 0.08594
vt 0.53209 -0.0625
vt 0.54675 0.08594
vt 0.54675 -0.0625
vt 0.54675 0.08594
vt 0.54675 -0.0625
vt 0.56254 0.08594
vt 0.56254 -0.0625
vt 0.56254 0.08594
vt 0.56254 -0.0625
vt 0.58158 0.08594
vt 0.58158 -0.0625
vt 0.58158 0.08594
vt 0.58158 -0.0625
vt 0.72117 0.08594
vt 0.72117 -0.0625
vt 0.72117 0.08594
vt 0.72117 -0.0625
vt 0.73581 0.08594
vt 0.73581 -0.0625
vt 0.73581 0.08594
vt 0.73581 -0.0625
vt 0.74868 0.08594
vt 0.74868 -0.0625
vt 0.74868 0.08594
vt 0.74868 -0.0625
vt 0.76352 0.08594
vt 0.76352 -0.0625
vt 0.76352 0.08594
vt 0.76352 -0.0625
vt 0.84884 0.08594
vt 0.84884 -0.0625
vt 0.84884 0.08594
vt 0.84884 -0.0625
vt 0.86273 0.08594
vt 0.86273 -0.0625
vt 0.86273 0.08594
vt 0.86273 -0.0625
vt 0.87353 0.08594
vt 0.87353 -0.0625
vt 0.87353 0.08594
vt 0.87353 -0.0625
vt 0.88721 0.08594
vt 0.88721 -0.0625
vt 0.88721 0.08594
vt 0.88721 -0.0625
vt 1.05666 0.08594
vt 1.05666 -0.0625
vt 1.05666 0.08594
vt 1.05666 -0.0625
vt 1.07562 0.08594
vt 1.07562 -0.0625
vt 1.07562 0.08594
vt 1.07562 -0.0625
vt 1.09364 0.08594
vt 1.09364 -0.0625
vt 1.09364 0.08594
vt 1.09364 -0.0625
vt 1.11076 0.08594
vt 1.11076 -0.0625
vt 1.11076 0.08594
vt 1.11076 -0.0625
vt 1.12706 0.08594
vt 1.12706 -0.0625
vt 1.12706 0.08594
vt 1.12706 -0.0625
vt 1.14258 0.08594
vt 1.14258 -0.0625
vt 1.14258 0.08594
vt 1.14258 -0.0625
vt 1.1574 0.08594
vt 1.1574 -0.0625
vt 1.1574 0.08594
vt 1.1574 -0.0625
vt 1.17161 0.08594
vt 1.17161 -0.0625
vt 1.17161 0.08594
vt 1.17161 -0.0625
vt 1.1853 0.08594
vt 1.1853 -0.0625
vt 1.1853 0.08594
vt 1.1853 -0.0625
vt 1.19859 0.08594
vt 1.19859 -0.0625
vt 1.19859 0.08594
vt 1.19859 -0.0625
vt 1.21329 0.08594
vt 1.21329 -0.0625
vt 1.21329 0.08594
vt 1.21329 -0.0625
vt 1.22798 0.08594
vt 1.22798 -0.0625
vt 1.22798 0.08594
vt 1.22798 -0.0625
vt 1.24285 0.08594
vt 1.24285 -0.0625
vt 1.24285 0.08594
vt 1.24285 -0.0625
vt 1.25806 0.08594
vt 1.25806 -0.0625
vt 1.25806 0.08594
vt 1.25806 -0.0625
vt 1.27377 0.08594
vt 1.27377 -0.0625
vt 1.27377 0.08594
vt 1.27377 -0.0625
vt 1.29014 0.08594
vt 1.29014 -0.0625
vt 1.29014 0.08594
vt 1.29014 -0.0625
vt 1.30728 0.08594
vt 1.30728 -0.0625
vt 1.30728 0.08594
vt 1.30728 -0.0625
vt 1.32531 0.08594
vt 1.32531 -0.0625
vt 1.32531 0.08594
vt 1.32531 -0.0625
vt 1.54461 0.08594
vt 1.54461 -0.0625
vt 1.54461 0.08594
vt 1.54461 -0.0625
vt 1.56225 0.08594
vt 1.56225 -0.0625
vt 1.56225 0.08594
vt 1.56225 -0.0625
vt 1.57857 0.08594
vt 1.57857 -0.0625
vt 1.57857 0.08594
vt 1.57857 -0.0625
vt 1.59371 0.08594
vt 1.59371 -0.0625
vt 1.59371 0.08594
vt 1.59371 -0.0625
vt 1.60782 0.08594
vt 1.60782 -0.0625
vt 1.60782 0.08594
vt 1.60782 -0.0625
vt 1.6211 0.08594
vt 1.6211 -0.0625
vt 1.6211 0.08594
vt 1.6211 -0.0625
vt 1.63379 0.08594
vt 1.63379 -0.0625
vt 1.63379 0.08594
vt 1.63379 -0.0625
vt 1.64615 0.08594
vt 1.64615 -0.0625
vt 1.64615 0.08594
vt 1.64615 -0.0625
vt 1.65848 0.08594
vt 1.65848 -0.0625
vt 1.65848 0.08594
vt 1.65848 -0.0625
vt 1.6697 0.08594
vt 1.6697 -0.0625
vt 1.6697 0.08594
vt 1.6697 -0.0625
vt 1.68144 0.08594
vt 1.68144 -0.0625
vt 1.68144 0.08594
vt 1.68144 -0.0625
vt 1.69387 0.08594
vt 1.69387 -0.0625
vt 1.69387 0.08594
vt 1.69387 -0.0625
vt 1.70713 0.08594
vt 1.70713 -0.0625
vt 1.70713 0.08594
vt 1.70713 -0.0625
vt 1.72133 0.08594
vt 1.72133 -0.0625
vt 1.72133 0.08594
vt 1.72133 -0.0625
vt 1.73658 0.08594
vt 1.73658 -0.0625
vt 1.73658 0.08594
vt 1.73658 -0.0625
vt 1.75296 0.08594
vt 1.75296 -0.0625
vt 1.75296 0.08594
vt 1.75296 -0.0625
vt 1.77053 0.08594
vt 1.77053 -0.0625
vt 1.77053 0.08594
vt 1.77053 -0.0625
vt 1.78934 0.08594
vt 1.78934 -0.0625
vt 1.78934 0.08594
vt 1.78934 -0.0625
vt 1.95878 0.08594
vt 1.95878 -0.0625
vt 1.95878 0.08594
vt 1.95878 -0.0625
vt 1.97343 0.08594
vt 1.97343 -0.0625
vt 0 0.08594
vt 0 -0.0625
vt 0.01287 0.08594
vt 0.01287 -0.0625
vt 0.01287 0.08594
vt 0.01287 -0.0625
vt 0.02771 0.08594
vt 0.02771 -0.0625
vt 0.02771 0.08594
vt 0.02771 -0.0625
vt 0.11021 0.08594
vt 0.11021 -0.0625
vt 0.11021 0.08594
vt 0.11021 -0.0625
vt 0.1241 0.08594
vt 0.1241 -0.0625
vt 0.1241 0.08594
vt 0.1241 -0.0625
vt 0.1349 0.08594
vt 0.1349 -0.0625
vt 0.1349 0.08594
vt 0.1349 -0.0625
vt 0.14858 0.08594
vt 0.14858 -0.0625
vt 0.14858 0.08594
vt 0.14858 -0.0625
vt 0.34025 0.08594
vt 0.34025 -0.0625
vt 0.34025 0.08594
vt 0.34025 -0.0625
vt 0.40089 0.08594
vt 0.40089 -0.0625
vt 0.40089 0.08594
vt 0.40089 -0.0625
vt 0.53631 0.08594
vt 0.53631 -0.0625
vt 0.53631 0.08594
vt 0.53631 -0.0625
vt 0.55095 0.08594
vt 0.55095 -0.0625
vt 0.55095 0.08594
vt 0.55095 -0.0625
vt 0.56382 0.08594
vt 0.56382 -0.0625
vt 0.56382 0.08594
vt 0.56382 -0.0625
vt 0.57866 0.08594
vt 0.57866 -0.0625
vt 0.57866 0.08594
vt 0.57866 -0.0625
vt 0.65411 0.08594
vt 0.65411 -0.0625
vt 0.65411 0.08594
vt 0.65411 -0.0625
vt 0.668 0.08594
vt 0.668 -0.0625
vt 0.668 0.08594
vt 0.668 -0.0625
vt 0.6788 0.08594
vt 0.6788 -0.0625
vt 0.6788 0.08594
vt 0.6788 -0.0625
vt 0.69248 0.08594
vt 0.69248 -0.0625
vt 0.69248 0.08594
vt 0.69248 -0.0625
vt 0.8279 0.08594
vt 0.8279 -0.0625
vt 0.8279 0.08594
vt 0.8279 -0.0625
vt 0.8822 0.08594
vt 0.8822 -0.0625
vt 0.8822 0.08594
vt 0.8822 -0.0625
vt 1.07387 0.08594
vt 1.07387 -0.0625
vt 1.07387 0.08594
vt 1.07387 -0.0625
vt 1.08851 0.08594
vt 1.08851 -0.0625
vt 1.08851 0.08594
vt 1.08851 -0.0625
vt 1.10138 0.08594
vt 1.10138 -0.0625
vt 1.10138 0.08594
vt 1.10138 -0.0625
vt 1.11622 0.08594
vt 1.11622 -0.0625
vt 1.11622 0.08594
vt 1.11622 -0.0625
vt 1.19872 0.08594
vt 1.19872 -0.0625
vt 1.19872 0.08594
vt 1.19872 -0.0625
vt 1.21261 0.08594
vt 1.21261 -0.0625
vt 1.21261 0.08594
vt 1.21261 -0.0625
vt 1.22341 0.08594
vt 1.22341 -0.0625
vt 1.22341 0.08594
vt 1.22341 -0.0625
vt 1.23709 0.08594
vt 1.23709 -0.0625
vt 1.23709 0.08594
vt 1.23709 -0.0625
vt 1.55931 0.08594
vt 1.55931 -0.0625
vt 1.55931 0.08594
vt 1.55931 -0.0625
vt 1.57396 0.08594
vt 1.57396 -0.0625
vt 1.57396 0.08594
vt 1.57396 -0.0625
vt 1.58682 0.08594
vt 1.58682 -0.0625
vt 1.58682 0.08594
vt 1.58682 -0.0625
vt 1.60166 0.08594
vt 1.60166 -0.0625
vt 1.60166 0.08594
vt 1.60166 -0.0625
vt 2.05861 0.08594
vt 2.05861 -0.0625
vt 2.05861 0.08594
vt 2.05861 -0.0625
vt 2.0725 0.08594
vt 2.0725 -0.0625
vt 2.0725 0.08594
vt 2.0725 -0.0625
vt 2.0833 0.08594
vt 2.0833 -0.0625
vt 2.0833 0.08594
vt 2.0833 -0.0625
vt 2.09698 0.08594
vt 2.09698 -0.0625
vt 2.09698 0.08594
vt 2.09698 -0.0625
vt 2.4192 0.08594
vt 2.4192 -0.0625
vt 2.4192 0.08594
vt 2.4192 -0.0625
vt 2.43385 0.08594
vt 2.43385 -0.0625
vt 0 0.08594
vt 0 -0.0625
vt 0.01287 0.08594
vt 0.01287 -0.0625
vt 0.01287 0.08594
vt 0.01287 -0.0625
vt 0.02771 0.08594
vt 0.02771 -0.0625
vt 0.02771 0.08594
vt 0.02771 -0.0625
vt 0.16592 0.08594
vt 0.16592 -0.0625
vt 0.16592 0.08594
vt 0.16592 -0.0625
vt 0.26314 0.08594
vt 0.26314 -0.0625
vt 0.26314 0.08594
vt 0.26314 -0.0625
vt 0.27537 0.08594
vt 0.27537 -0.0625
vt 0.27537 0.08594
vt 0.27537 -0.0625
vt 0.28422 0.08594
vt 0.28422 -0.0625
vt 0.28422 0.08594
vt 0.28422 -0.0625
vt 0.29384 0.08594
vt 0.29384 -0.0625
vt 0.29384 0.08594
vt 0.29384 -0.0625
vt 0.30759 0.08594
vt 0.30759 -0.0625
vt 0.30759 0.08594
vt 0.30759 -0.0625
vt 0.41548 0.08594
vt 0.41548 -0.0625
vt 0.41548 0.08594
vt 0.41548 -0.0625
vt 0.42937 0.08594
vt 0.42937 -0.0625
vt 0.42937 0.08594
vt 0.42937 -0.0625
vt 0.44016 0.08594
vt 0.44016 -0.0625
vt 0.44016 0.08594
vt 0.44016 -0.0625
vt 0.45385 0.08594
vt 0.45385 -0.0625
vt 0.45385 0.08594
vt 0.45385 -0.0625
vt 0.56149 0.08594
vt 0.56149 -0.0625
vt 0.56149 0.08594
vt 0.56149 -0.0625
vt 0.57613 0.08594
vt 0.57613 -0.0625
vt 0.57613 0.08594
vt 0.57613 -0.0625
vt 0.589 0.08594
vt 0.589 -0.0625
vt 0.589 0.08594
vt 0.589 -0.0625
vt 0.60384 0.08594
vt 0.60384 -0.0625
vt 0.60384 0.08594
vt 0.60384 -0.0625
vt 0.75333 0.08594
vt 0.75333 -0.0625
vt 0.75333 0.08594
vt 0.75333 -0.0625
vt 0.77026 0.08594
vt 0.77026 -0.0625
vt 0.77026 0.08594
vt 0.77026 -0.0625
vt 0.78568 0.08594
vt 0.78568 -0.0625
vt 0.78568 0.08594
vt 0.78568 -0.0625
vt 0.79986 0.08594
vt 0.79986 -0.0625
vt 0.79986 0.08594
vt 0.79986 -0.0625
vt 0.81318 0.08594
vt 0.81318 -0.0625
vt 0.81318 0.08594
vt 0.81318 -0.0625
vt 0.82606 0.08594
vt 0.82606 -0.0625
vt 0.82606 0.08594
vt 0.82606 -0.0625
vt 0.83865 0.08594
vt 0.83865 -0.0625
vt 0.83865 0.08594
vt 0.83865 -0.0625
vt 0.85108 0.08594
vt 0.85108 -0.0625
vt 0.85108 0.08594
vt 0.85108 -0.0625
vt 0.86379 0.08594
vt 0.86379 -0.0625
vt 0.86379 0.08594
vt 0.86379 -0.0625
vt 0.87719 0.08594
vt 0.87719 -0.0625
vt 0.87719 0.08594
vt 0.87719 -0.0625
vt 0.89164 0.08594
vt 0.89164 -0.0625
vt 0.89164 0.08594
vt 0.89164 -0.0625
vt 0.90813 0.08594
vt 0.90813 -0.0625
vt 0.90813 0.08594
vt 0.90813 -0.0625
vt 0.92368 0.08594
vt 0.92368 -0.0625
vt 0.92368 0.08594
vt 0.92368 -0.0625
vt 0.93905 0.08594
vt 0.93905 -0.0625
vt 0.93905 0.08594
vt 0.93905 -0.0625
vt 0.95103 0.08594
vt 0.95103 -0.0625
vt 0.95103 0.08594
vt 0.95103 -0.0625
vt 0.96369 0.08594
vt 0.96369 -0.0625
vt 0.96369 0.08594
vt 0.96369 -0.0625
vt 0.97714 0.08594
vt 0.97714 -0.0625
vt 0.97714 0.08594
vt 0.97714 -0.0625
vt 0.99147 0.08594
vt 0.99147 -0.0625
vt 0.99147 0.08594
vt 0.99147 -0.0625
vt 1.02391 0.08594
vt 1.02391 -0.0625
vt 1.02391 0.08594
vt 1.02391 -0.0625
vt 1.04087 0.08594
vt 1.04087 -0.0625
vt 1.04087 0.08594
vt 1.04087 -0.0625
vt 1.05661 0.08594
vt 1.05661 -0.0625
vt 1.05661 0.08594
vt 1.05661 -0.0625
vt 1.07132 0.08594
vt 1.07132 -0.0625
vt 1.07132 0.08594
vt 1.07132 -0.0625
vt 1.08522 0.08594
vt 1.08522 -0.0625
vt 1.08522 0.08594
vt 1.08522 -0.0625
vt 1.09857 0.08594
vt 1.09857 -0.0625
vt 1.09857 0.08594
vt 1.09857 -0.0625
vt 1.11183 0.08594
vt 1.11183 -0.0625
vt 1.11183 0.08594
vt 1.11183 -0.0625
vt 1.12559 0.08594
vt 1.12559 -0.0625
vt 1.12559 0.08594
vt 1.12559 -0.0625
vt 1.14038 0.08594
vt 1.14038 -0.0625
vt 1.14038 0.08594
vt 1.14038 -0.0625
vt 1.15113 0.08594
vt 1.15113 -0.0625
vt 1.15113 0.08594
vt 1.15113 -0.0625
vt 1.16287 0.08594
vt 1.16287 -0.0625
vt 1.16287 0.08594
vt 1.16287 -0.0625
vt 1.17573 0.08594
vt 1.17573 -0.0625
vt 1.17573 0.08594
vt 1.17573 -0.0625
vt 1.18979 0.08594
vt 1.18979 -0.0625
vt 1.18979 0.08594
vt 1.18979 -0.0625
vt 1.20514 0.08594
vt 1.20514 -0.0625
vt 1.20514 0.08594
vt 1.20514 -0.0625
vt 1.22181 0.08594
vt 1.22181 -0.0625
vt 1.22181 0.08594
vt 1.22181 -0.0625
vt 1.45306 0.08594
vt 1.45306 -0.0625
vt 1.45306 0.08594
vt 1.45306 -0.0625
vt 1.46771 0.08594
vt 1.46771 -0.0625
vt 1.46771 0.08594
vt 1.46771 -0.0625
vt 1.48057 0.08594
vt 1.48057 -0.0625
vt 1.48057 0.08594
vt 1.48057 -0.0625
vt 1.49541 0.08594
vt 1.49541 -0.0625
vt 1.49541 0.08594
vt 1.49541 -0.0625
vt 1.95236 0.08594
vt 1.95236 -0.0625
vt 1.95236 0.08594
vt 1.95236 -0.0625
vt 1.96625 0.08594
vt 1.96625 -0.0625
vt 1.96625 0.08594
vt 1.96625 -0.0625
vt 1.97704 0.08594
vt 1.97704 -0.0625
vt 1.97704 0.08594
vt 1.97704 -0.0625
vt 1.99073 0.08594
vt 1.99073 -0.0625
vt 1.99073 0.08594
vt 1.99073 -0.0625
vt 2.09767 0.08594
vt 2.09767 -0.0625
vt 2.09767 0.08594
vt 2.09767 -0.0625
vt 2.11232 0.08594
vt 2.11232 -0.0625
vt 0 0.08594
vt 0 -0.0625
vt 0.01062 0.08594
vt 0.01062 -0.0625
vt 0.01062 0.08594
vt 0.01062 -0.0625
vt 0.0215 0.08594
vt 0.0215 -0.0625
vt 0.0215 0.08594
vt 0.0215 -0.0625
vt 0.03428 0.08594
vt 0.03428 -0.0625
vt 0.03428 0.08594
vt 0.03428 -0.0625
vt 0.05826 0.08594
vt 0.05826 -0.0625
vt 0.05826 0.08594
vt 0.05826 -0.0625
vt 0.07157 0.08594
vt 0.07157 -0.0625
vt 0.07157 0.08594
vt 0.07157 -0.0625
vt 0.08395 0.08594
vt 0.08395 -0.0625
vt 0.08395 0.08594
vt 0.08395 -0.0625
vt 0.09653 0.08594
vt 0.09653 -0.0625
vt 0.09653 0.08594
vt 0.09653 -0.0625
vt 0.11223 0.08594
vt 0.11223 -0.0625
vt 0.11223 0.08594
vt 0.11223 -0.0625
vt 0.16431 0.08594
vt 0.16431 -0.0625
vt 0.16431 0.08594
vt 0.16431 -0.0625
vt 0.25457 0.08594
vt 0.25457 -0.0625
vt 0.25457 0.08594
vt 0.25457 -0.0625
vt 0.30665 0.08594
vt 0.30665 -0.0625
vt 0.30665 0.08594
vt 0.30665 -0.0625
vt 0.32153 0.08594
vt 0.32153 -0.0625
vn 0 0 1
vn 0 0 -1
vn 0.07858 -0.99691 0
vn 0.19278 -0.98124 0
vn 0.19278 -0.98124 0
vn 0.37268 -0.92796 0
vn 0.37268 -0.92796 0
vn 0.62107 -0.78375 0
vn 0.62107 -0.78375 0
vn 0.85574 -0.51741 0
vn 0.85574 -0.51741 0
vn 0.96483 -0.26288 0
vn 0.96483 -0.26288 0
vn 0.9971 -0.07609 0
vn 0.9971 -0.07609 0
vn 0.96468 0.26344 0
vn 0.96468 0.26344 0
vn 0.72934 0.68415 0
vn 0.72934 0.68415 0
vn 0.41449 0.91005 0
vn 0.41449 0.91005 0
vn 0.20092 0.97961 0
vn 0.20092 0.97961 0
vn 0.07859 0.99691 0
vn 0.07859 0.99691 0
vn -0.00007 1 0
vn -0.00007 1 0
vn -0.07669 0.99705 0
vn -0.07669 0.99705 0
vn -0.18721 0.98232 0
vn -0.18721 0.98232 0
vn -0.35948 0.93315 0
vn -0.35948 0.93315 0
vn -0.60376 0.79717 0
vn -0.60376 0.79717 0
vn -0.84765 0.53055 0
vn -0.84765 0.53055 0
vn -0.96389 0.2663 0
vn -0.96389 0.2663 0
vn -0.9973 0.07342 0
vn -0.9973 0.07342 0
vn -0.96329 -0.26845 0
vn -0.96329 -0.26845 0
vn -0.7314 -0.68195 0
vn -0.7314 -0.68195 0
vn -0.42477 -0.9053 0
vn -0.42477 -0.9053 0
vn -0.20954 -0.9778 0
vn -0.20954 -0.9778 0
vn -0.08256 -0.99659 0
vn -0.08256 -0.99659 0
vn -0.00048 -1 0
vn -0.00048 -1 0
vn 0.07858 -0.99691 0
vn 0.08242 0.9966 0
vn 0.13052 0.99145 0
vn 0.98481 -0.17365 0
vn 0.96386 -0.26639 0
vn 0.96386 -0.26639 0
vn 0.84762 -0.53061 0
vn 0.84762 -0.53061 0
vn 0.51138 -0.85936 0
vn 0.51138 -0.85936 0
vn 0.18751 -0.98226 0
vn 0.18751 -0.98226 0
vn 0.07661 -0.99706 0
vn 0.07661 -0.99706 0
vn -0.00001 -1 0
vn -0.00001 -1 0
vn -0.07881 -0.99689 0
vn -0.07881 -0.99689 0
vn -0.12466 -0.9922 0
vn -0.98481 0.17365 0
vn -0.96486 0.26278 0
vn -0.96486 0.26278 0
vn -0.85574 0.51741 0
vn -0.85574 0.51741 0
vn -0.52466 0.85131 0
vn -0.52466 0.85131 0
vn -0.19279 0.98124 0
vn -0.19279 0.98124 0
vn -0.07848 0.99692 0
vn -0.07848 0.99692 0
vn 0.00041 1 0
vn 0.00041 1 0
vn 0.08242 0.9966 0
vn 0.02103 -0.99978 0
vn 0.03325 -0.99945 0
vn 0.03325 -0.99945 0
vn 0.04135 -0.99914 0
vn 0.04135 -0.99914 0
vn 0.0546 -0.99851 0
vn 0.0546 -0.99851 0
vn 0.06813 -0.99768 0
vn 0.06813 -0.99768 0
vn 0.08326 -0.99653 0
vn 0.08326 -0.99653 0
vn 0.10012 -0.99498 0
vn 0.10012 -0.99498 0
vn 0.11616 -0.99323 0
vn 0.11616 -0.99323 0
vn 0.13525 -0.99081 0
vn 0.13525 -0.99081 0
vn 0.15388 -0.98809 0
vn 0.15388 -0.98809 0
vn 0.1719 -0.98511 0
vn 0.1719 -0.98511 0
vn 0.19212 -0.98137 0
vn 0.19212 -0.98137 0
vn 0.21243 -0.97718 0
vn 0.21243 -0.97718 0
vn 0.23707 -0.97149 0
vn 0.23707 -0.97149 0
vn 0.26792 -0.96344 0
vn 0.26792 -0.96344 0
vn 0.29752 -0.95472 0
vn 0.29752 -0.95472 0
vn 0.32707 -0.945 0
vn 0.32707 -0.945 0
vn 0.36055 -0.93274 0
vn 0.36055 -0.93274 0
vn 0.39623 -0.91815 0
vn 0.39623 -0.91815 0
vn 0.43291 -0.90144 0
vn 0.43291 -0.90144 0
vn 0.47051 -0.8824 0
vn 0.47051 -0.8824 0
vn 0.50994 -0.86021 0
vn 0.50994 -0.86021 0
vn 0.55162 -0.83409 0
vn 0.55162 -0.83409 0
vn 0.59369 -0.80469 0
vn 0.59369 -0.80469 0
vn 0.63515 -0.77239 0
vn 0.63515 -0.77239 0
vn 0.67708 -0.73591 0
vn 0.67708 -0.73591 0
vn 0.71908 -0.69492 0
vn 0.71908 -0.69492 0
vn 0.75925 -0.65079 0
vn 0.75925 -0.65079 0
vn 0.79735 -0.60352 0
vn 0.79735 -0.60352 0
vn 0.83325 -0.5529 0
vn 0.83325 -0.5529 0
vn 0.86304 -0.50513 0
vn 0.86304 -0.50513 0
vn 0.88851 -0.45886 0
vn 0.88851 -0.45886 0
vn 0.90996 -0.4147 0
vn 0.90996 -0.4147 0
vn 0.92639 -0.37657 0
vn 0.92639 -0.37657 0
vn 0.94019 -0.34064 0
vn 0.94019 -0.34064 0
vn 0.95304 -0.30285 0
vn 0.95304 -0.30285 0
vn 0.96435 -0.26463 0
vn 0.96435 -0.26463 0
vn 0.97371 -0.22779 0
vn 0.97371 -0.22779 0
vn 0.98008 -0.19859 0
vn 0.98008 -0.19859 0
vn 0.98351 -0.18085 0
vn 0.98351 -0.18085 0
vn 0.98609 -0.16622 0
vn 0.98609 -0.16622 0
vn 0.98894 -0.14835 0
vn 0.98894 -0.14835 0
vn 0.99313 -0.11703 0
vn 0.99313 -0.11703 0
vn 0.99704 -0.07693 0
vn 0.99704 -0.07693 0
vn 0.99936 -0.0359 0
vn 0.99936 -0.0359 0
vn 0.99996 0.00844 0
vn 0.99996 0.00844 0
vn 0.99849 0.05491 0
vn 0.99849 0.05491 0
vn 0.99458 0.10396 0
vn 0.99458 0.10396 0
vn 0.98674 0.16229 0
vn 0.98674 0.16229 0
vn 0.97392 0.2269 0
vn 0.97392 0.2269 0
vn 0.95455 0.29804 0
vn 0.95455 0.29804 0
vn 0.92652 0.37624 0
vn 0.92652 0.37624 0
vn 0.89226 0.45152 0
vn 0.89226 0.45152 0
vn 0.8518 0.52387 0
vn 0.8518 0.52387 0
vn 0.8062 0.59164 0
vn 0.8062 0.59164 0
vn 0.75709 0.65331 0
vn 0.75709 0.65331 0
vn 0.70621 0.708 0
vn 0.70621 0.708 0
vn 0.6537 0.75675 0
vn 0.6537 0.75675 0
vn 0.60192 0.79856 0
vn 0.60192 0.79856 0
vn 0.55202 0.83383 0
vn 0.55202 0.83383 0
vn 0.50444 0.86345 0
vn 0.50444 0.86345 0
vn 0.45845 0.88872 0
vn 0.45845 0.88872 0
vn 0.41459 0.91001 0
vn 0.41459 0.91001 0
vn 0.37389 0.92747 0
vn 0.37389 0.92747 0
vn 0.33468 0.94233 0
vn 0.33468 0.94233 0
vn 0.29947 0.95411 0
vn 0.29947 0.95411 0
vn 0.26899 0.96314 0
vn 0.26899 0.96314 0
vn 0.24005 0.97076 0
vn 0.24005 0.97076 0
vn 0.21191 0.97729 0
vn 0.21191 0.97729 0
vn 0.18787 0.98219 0
vn 0.18787 0.98219 0
vn 0.16525 0.98625 0
vn 0.16525 0.98625 0
vn 0.14447 0.98951 0
vn 0.14447 0.98951 0
vn 0.12791 0.99179 0
vn 0.12791 0.99179 0
vn 0.10941 0.994 0
vn 0.10941 0.994 0
vn 0.08798 0.99612 0
vn 0.08798 0.99612 0
vn 0.07188 0.99741 0
vn 0.07188 0.99741 0
vn 0.05922 0.99825 0
vn 0.05922 0.99825 0
vn 0.04499 0.99899 0
vn 0.04499 0.99899 0
vn 0.03327 0.99945 0
vn 0.03327 0.99945 0
vn 0.02037 0.99979 0
vn 0.02037 0.99979 0
vn 0.00581 0.99998 0
vn 0.00581 0.99998 0
vn -0.00579 0.99998 0
vn -0.00579 0.99998 0
vn -0.02049 0.99979 0
vn -0.02049 0.99979 0
vn -0.03316 0.99945 0
vn -0.03316 0.99945 0
vn -0.04116 0.99915 0
vn -0.04116 0.99915 0
vn -0.05491 0.99849 0
vn -0.05491 0.99849 0
vn -0.07339 0.9973 0
vn -0.07339 0.9973 0
vn -0.08856 0.99607 0
vn -0.08856 0.99607 0
vn -0.1018 0.9948 0
vn -0.1018 0.9948 0
vn -0.11894 0.9929 0
vn -0.11894 0.9929 0
vn -0.1403 0.99011 0
vn -0.1403 0.99011 0
vn -0.15898 0.98728 0
vn -0.15898 0.98728 0
vn -0.17676 0.98425 0
vn -0.17676 0.98425 0
vn -0.19785 0.98023 0
vn -0.19785 0.98023 0
vn -0.21977 0.97555 0
vn -0.21977 0.97555 0
vn -0.24444 0.96966 0
vn -0.24444 0.96966 0
vn -0.27341 0.9619 0
vn -0.27341 0.9619 0
vn -0.30243 0.95317 0
vn -0.30243 0.95317 0
vn -0.3322 0.94321 0
vn -0.3322 0.94321 0
vn -0.36481 0.93108 0
vn -0.36481 0.93108 0
vn -0.40018 0.91644 0
vn -0.40018 0.91644 0
vn -0.43604 0.89993 0
vn -0.43604 0.89993 0
vn -0.47174 0.88174 0
vn -0.47174 0.88174 0
vn -0.51062 0.85981 0
vn -0.51062 0.85981 0
vn -0.55161 0.8341 0
vn -0.55161 0.8341 0
vn -0.59292 0.80526 0
vn -0.59292 0.80526 0
vn -0.63428 0.7731 0
vn -0.63428 0.7731 0
vn -0.67554 0.73732 0
vn -0.67554 0.73732 0
vn -0.71643 0.69765 0
vn -0.71643 0.69765 0
vn -0.75571 0.6549 0
vn -0.75571 0.6549 0
vn -0.7933 0.60884 0
vn -0.7933 0.60884 0
vn -0.82898 0.55929 0
vn -0.82898 0.55929 0
vn -0.85924 0.51158 0
vn -0.85924 0.51158 0
vn -0.88472 0.46612 0
vn -0.88472 0.46612 0
vn -0.90541 0.42454 0
vn -0.90541 0.42454 0
vn -0.92277 0.38535 0
vn -0.92277 0.38535 0
vn -0.93892 0.34414 0
vn -0.93892 0.34414 0
vn -0.95234 0.30503 0
vn -0.95234 0.30503 0
vn -0.96354 0.26755 0
vn -0.96354 0.26755 0
vn -0.9733 0.22956 0
vn -0.9733 0.22956 0
vn -0.97938 0.20203 0
vn -0.97938 0.20203 0
vn -0.983 0.1836 0
vn -0.983 0.1836 0
vn -0.98607 0.16633 0
vn -0.98607 0.16633 0
vn -0.98903 0.14773 0
vn -0.98903 0.14773 0
vn -0.9934 0.11472 0
vn -0.9934 0.11472 0
vn -0.99731 0.07326 0
vn -0.99731 0.07326 0
vn -0.99952 0.03083 0
vn -0.99952 0.03083 0
vn -0.99988 -0.01528 0
vn -0.99988 -0.01528 0
vn -0.99797 -0.06374 0
vn -0.99797 -0.06374 0
vn -0.99344 -0.11432 0
vn -0.99344 -0.11432 0
vn -0.98493 -0.17296 0
vn -0.98493 -0.17296 0
vn -0.97133 -0.23776 0
vn -0.97133 -0.23776 0
vn -0.95132 -0.30821 0
vn -0.95132 -0.30821 0
vn -0.92319 -0.38434 0
vn -0.92319 -0.38434 0
vn -0.88916 -0.4576 0
vn -0.88916 -0.4576 0
vn -0.84919 -0.52808 0
vn -0.84919 -0.52808 0
vn -0.80458 -0.59385 0
vn -0.80458 -0.59385 0
vn -0.75619 -0.65436 0
vn -0.75619 -0.65436 0
vn -0.70531 -0.7089 0
vn -0.70531 -0.7089 0
vn -0.65281 -0.75752 0
vn -0.65281 -0.75752 0
vn -0.60041 -0.79969 0
vn -0.60041 -0.79969 0
vn -0.54948 -0.83551 0
vn -0.54948 -0.83551 0
vn -0.50045 -0.86577 0
vn -0.50045 -0.86577 0
vn -0.45373 -0.89114 0
vn -0.45373 -0.89114 0
vn -0.40913 -0.91247 0
vn -0.40913 -0.91247 0
vn -0.36725 -0.93012 0
vn -0.36725 -0.93012 0
vn -0.32985 -0.94403 0
vn -0.32985 -0.94403 0
vn -0.29416 -0.95576 0
vn -0.29416 -0.95576 0
vn -0.26125 -0.96527 0
vn -0.26125 -0.96527 0
vn -0.23236 -0.97263 0
vn -0.23236 -0.97263 0
vn -0.20513 -0.97874 0
vn -0.20513 -0.97874 0
vn -0.18222 -0.98326 0
vn -0.18222 -0.98326 0
vn -0.16017 -0.98709 0
vn -0.16017 -0.98709 0
vn -0.1395 -0.99022 0
vn -0.1395 -0.99022 0
vn -0.12262 -0.99245 0
vn -0.12262 -0.99245 0
vn -0.10532 -0.99444 0
vn -0.10532 -0.99444 0
vn -0.08668 -0.99624 0
vn -0.08668 -0.99624 0
vn -0.07066 -0.9975 0
vn -0.07066 -0.9975 0
vn -0.05442 -0.99852 0
vn -0.05442 -0.99852 0
vn -0.04072 -0.99917 0
vn -0.04072 -0.99917 0
vn -0.03316 -0.99945 0
vn -0.03316 -0.99945 0
vn -0.02074 -0.99978 0
vn -0.02074 -0.99978 0
vn -0.0056 -0.99998 0
vn -0.0056 -0.99998 0
vn 0.00558 -0.99998 0
vn 0.00558 -0.99998 0
vn 0.02103 -0.99978 0
vn 0.02362 0.99972 0
vn 0.04974 0.99876 0
vn 0.04974 0.99876 0
vn 0.07946 0.99684 0
vn 0.07946 0.99684 0
vn 0.11279 0.99362 0
vn 0.11279 0.99362 0
vn 0.15076 0.98857 0
vn 0.15076 0.98857 0
vn 0.19435 0.98093 0
vn 0.19435 0.98093 0
vn 0.2462 0.96922 0
vn 0.2462 0.96922 0
vn 0.3109 0.95044 0
vn 0.3109 0.95044 0
vn 0.38865 0.92139 0
vn 0.38865 0.92139 0
vn 0.47748 0.87864 0
vn 0.47748 0.87864 0
vn 0.5755 0.8178 0
vn 0.5755 0.8178 0
vn 0.67948 0.73369 0
vn 0.67948 0.73369 0
vn 0.78091 0.62464 0
vn 0.78091 0.62464 0
vn 0.86974 0.49352 0
vn 0.86974 0.49352 0
vn 0.93803 0.34656 0
vn 0.93803 0.34656 0
vn 0.97876 0.20502 0
vn 0.97876 0.20502 0
vn 0.996 0.08936 0
vn 0.996 0.08936 0
vn 0.99997 -0.00743 0
vn 0.99997 -0.00743 0
vn 0.99547 -0.09505 0
vn 0.99547 -0.09505 0
vn 0.98791 -0.15505 0
vn 0.98791 -0.15505 0
vn 0.98138 -0.1921 0
vn 0.98138 -0.1921 0
vn 0.96859 -0.24868 0
vn 0.96859 -0.24868 0
vn 0.94543 -0.32583 0
vn 0.94543 -0.32583 0
vn 0.91467 -0.4042 0
vn 0.91467 -0.4042 0
vn 0.87221 -0.48913 0
vn 0.87221 -0.48913 0
vn 0.81138 -0.58452 0
vn 0.81138 -0.58452 0
vn 0.73615 -0.67682 0
vn 0.73615 -0.67682 0
vn 0.65538 -0.7553 0
vn 0.65538 -0.7553 0
vn 0.57259 -0.81984 0
vn 0.57259 -0.81984 0
vn 0.49221 -0.87048 0
vn 0.49221 -0.87048 0
vn 0.41733 -0.90876 0
vn 0.41733 -0.90876 0
vn 0.34875 -0.93722 0
vn 0.34875 -0.93722 0
vn 0.28705 -0.95792 0
vn 0.28705 -0.95792 0
vn 0.2333 -0.9724 0
vn 0.2333 -0.9724 0
vn 0.18752 -0.98226 0
vn 0.18752 -0.98226 0
vn 0.14773 -0.98903 0
vn 0.14773 -0.98903 0
vn 0.11191 -0.99372 0
vn 0.11191 -0.99372 0
vn 0.0796 -0.99683 0
vn 0.0796 -0.99683 0
vn 0.05067 -0.99872 0
vn 0.05067 -0.99872 0
vn 0.02425 -0.99971 0
vn 0.02425 -0.99971 0
vn -0.00002 -1 0
vn -0.00002 -1 0
vn -0.02452 -0.9997 0
vn -0.02452 -0.9997 0
vn -0.05165 -0.99867 0
vn -0.05165 -0.99867 0
vn -0.08199 -0.99663 0
vn -0.08199 -0.99663 0
vn -0.1166 -0.99318 0
vn -0.1166 -0.99318 0
vn -0.1559 -0.98777 0
vn -0.1559 -0.98777 0
vn -0.20075 -0.97964 0
vn -0.20075 -0.97964 0
vn -0.25378 -0.96726 0
vn -0.25378 -0.96726 0
vn -0.31803 -0.94808 0
vn -0.31803 -0.94808 0
vn -0.39407 -0.91908 0
vn -0.39407 -0.91908 0
vn -0.48103 -0.87671 0
vn -0.48103 -0.87671 0
vn -0.57731 -0.81652 0
vn -0.57731 -0.81652 0
vn -0.68034 -0.7329 0
vn -0.68034 -0.7329 0
vn -0.78255 -0.62259 0
vn -0.78255 -0.62259 0
vn -0.87262 -0.48841 0
vn -0.87262 -0.48841 0
vn -0.94133 -0.33748 0
vn -0.94133 -0.33748 0
vn -0.981 -0.19402 0
vn -0.981 -0.19402 0
vn -0.99679 -0.08009 0
vn -0.99679 -0.08009 0
vn -0.99991 0.01339 0
vn -0.99991 0.01339 0
vn -0.9952 0.09787 0
vn -0.9952 0.09787 0
vn -0.98779 0.15578 0
vn -0.98779 0.15578 0
vn -0.98151 0.19139 0
vn -0.98151 0.19139 0
vn -0.96924 0.24611 0
vn -0.96924 0.24611 0
vn -0.94714 0.32082 0
vn -0.94714 0.32082 0
vn -0.91791 0.3968 0
vn -0.91791 0.3968 0
vn -0.87645 0.4815 0
vn -0.87645 0.4815 0
vn -0.81548 0.57879 0
vn -0.81548 0.57879 0
vn -0.73915 0.67354 0
vn -0.73915 0.67354 0
vn -0.65678 0.75408 0
vn -0.65678 0.75408 0
vn -0.57256 0.81986 0
vn -0.57256 0.81986 0
vn -0.49083 0.87126 0
vn -0.49083 0.87126 0
vn -0.41457 0.91002 0
vn -0.41457 0.91002 0
vn -0.3443 0.93886 0
vn -0.3443 0.93886 0
vn -0.28114 0.95967 0
vn -0.28114 0.95967 0
vn -0.22684 0.97393 0
vn -0.22684 0.97393 0
vn -0.18195 0.98331 0
vn -0.18195 0.98331 0
vn -0.14308 0.98971 0
vn -0.14308 0.98971 0
vn -0.10839 0.99411 0
vn -0.10839 0.99411 0
vn -0.07722 0.99701 0
vn -0.07722 0.99701 0
vn -0.04884 0.99881 0
vn -0.04884 0.99881 0
vn -0.02337 0.99973 0
vn -0.02337 0.99973 0
vn 0.00002 1 0
vn 0.00002 1 0
vn 0.02362 0.99972 0
vn 0.14295 -0.98973 0
vn 0.31384 -0.94948 0
vn 0.31384 -0.94948 0
vn 0.54446 -0.83879 0
vn 0.54446 -0.83879 0
vn 0.73853 -0.67422 0
vn 0.73853 -0.67422 0
vn 0.88396 -0.46756 0
vn 0.88396 -0.46756 0
vn 0.95134 -0.30815 0
vn 0.95134 -0.30815 0
vn 0.97577 -0.21878 0
vn 0.97577 -0.21878 0
vn 0.98481 -0.17365 0
vn -0.73027 -0.68316 0
vn -0.64916 -0.76066 0
vn -0.64916 -0.76066 0
vn -0.46816 -0.88365 0
vn -0.46816 -0.88365 0
vn -0.26955 -0.96299 0
vn -0.26955 -0.96299 0
vn -0.12408 -0.99227 0
vn -0.12408 -0.99227 0
vn -0.04156 -0.99914 0
vn -0.04156 -0.99914 0
vn 0.03917 -0.99923 0
vn 0.03917 -0.99923 0
vn 0.11719 -0.99311 0
vn 0.11719 -0.99311 0
vn 0.24003 -0.97077 0
vn 0.24003 -0.97077 0
vn 0.40206 -0.91561 0
vn 0.40206 -0.91561 0
vn 0.47881 -0.87792 0
vn -0.9848 0.17367 0
vn -0.99217 0.1249 0
vn -0.99217 0.1249 0
vn -0.99966 0.02614 0
vn -0.99966 0.02614 0
vn -0.98203 -0.18873 0
vn -0.98203 -0.18873 0
vn -0.86654 -0.4991 0
vn -0.86654 -0.4991 0
vn -0.65378 -0.75669 0
vn -0.65378 -0.75669 0
vn -0.36534 -0.93087 0
vn -0.36534 -0.93087 0
vn -0.15261 -0.98829 0
vn -0.15261 -0.98829 0
vn -0.05085 -0.99871 0
vn -0.05085 -0.99871 0
vn 0.04792 -0.99885 0
vn 0.04792 -0.99885 0
vn 0.14296 -0.98973 0
vn 0.14296 -0.98973 0
vn 0.31369 -0.94953 0
vn 0.31369 -0.94953 0
vn 0.54437 -0.83885 0
vn 0.54437 -0.83885 0
vn 0.73853 -0.67422 0
vn 0.73853 -0.67422 0
vn 0.88396 -0.46756 0
vn 0.88396 -0.46756 0
vn 0.95134 -0.30815 0
vn 0.95134 -0.30815 0
vn 0.97577 -0.21878 0
vn 0.97577 -0.21878 0
vn 0.99217 -0.12489 0
vn 0.99217 -0.12489 0
vn 0.99966 -0.02614 0
vn 0.99966 -0.02614 0
vn 0.98199 0.18895 0
vn 0.98199 0.18895 0
vn 0.86629 0.49954 0
vn 0.86629 0.49954 0
vn 0.65347 0.75695 0
vn 0.65347 0.75695 0
vn 0.36522 0.93092 0
vn 0.36522 0.93092 0
vn 0.15261 0.98829 0
vn 0.15261 0.98829 0
vn 0.05085 0.99871 0
vn 0.05085 0.99871 0
vn -0.04336 0.99906 0
vn -0.04336 0.99906 0
vn -0.12965 0.99156 0
vn -0.12965 0.99156 0
vn -0.25927 0.9658 0
vn -0.25927 0.9658 0
vn -0.42615 0.90465 0
vn -0.42615 0.90465 0
vn -0.56893 0.82238 0
vn -0.56893 0.82238 0
vn -0.68671 0.72693 0
vn -0.68671 0.72693 0
vn -0.75799 0.65227 0
vn -0.75799 0.65227 0
vn -0.79347 0.60861 0
vn -0.79347 0.60861 0
vn -0.81065 0.58554 0
vn 0.93607 0.3518 0
vn 0.92256 0.38585 0
vn 0.92256 0.38585 0
vn 0.89141 0.45321 0
vn 0.89141 0.45321 0
vn 0.81677 0.57696 0
vn 0.81677 0.57696 0
vn 0.67576 0.73713 0
vn 0.67576 0.73713 0
vn 0.49897 0.86662 0
vn 0.49897 0.86662 0
vn 0.29259 0.95624 0
vn 0.29259 0.95624 0
vn 0.13795 0.99044 0
vn 0.13795 0.99044 0
vn 0.04624 0.99893 0
vn 0.04624 0.99893 0
vn -0.04786 0.99885 0
vn -0.04786 0.99885 0
vn -0.14295 0.98973 0
vn -0.14295 0.98973 0
vn -0.31384 0.94948 0
vn -0.31384 0.94948 0
vn -0.54446 0.83879 0
vn -0.54446 0.83879 0
vn -0.73853 0.67422 0
vn -0.73853 0.67422 0
vn -0.88396 0.46756 0
vn -0.88396 0.46756 0
vn -0.95134 0.30815 0
vn -0.95134 0.30815 0
vn -0.97577 0.21878 0
vn -0.97577 0.21878 0
vn -0.99217 0.12489 0
vn -0.99217 0.12489 0
vn -0.99966 0.02614 0
vn -0.99966 0.02614 0
vn -0.98203 -0.18873 0
vn -0.98203 -0.18873 0
vn -0.86654 -0.4991 0
vn -0.86654 -0.4991 0
vn -0.65378 -0.75669 0
vn -0.65378 -0.75669 0
vn -0.36534 -0.93087 0
vn -0.36534 -0.93087 0
vn -0.15261 -0.98829 0
vn -0.15261 -0.98829 0
vn -0.05085 -0.99871 0
vn -0.05085 -0.99871 0
vn 0.04786 -0.99885 0
vn 0.04786 -0.99885 0
vn 0.14295 -0.98973 0
vn 0.10216 0.99477 0
vn 0.20325 0.97913 0
vn 0.77189 0.63576 0
vn 0.77189 0.63576 0
vn 0.99972 0.02362 0
vn 0.99715 -0.07538 0
vn 0.99715 -0.07538 0
vn 0.96451 -0.26403 0
vn 0.96451 -0.26403 0
vn 0.81777 -0.57554 0
vn 0.81777 -0.57554 0
vn 0.43283 -0.90147 0
vn 0.43283 -0.90147 0
vn 0.09541 -0.99544 0
vn 0.09541 -0.99544 0
vn -0.09201 -0.99576 0
vn -0.09201 -0.99576 0
vn -0.39838 -0.91722 0
vn -0.39838 -0.91722 0
vn -0.75064 -0.66071 0
vn -0.75064 -0.66071 0
vn -0.90741 -0.42025 0
vn -0.90741 -0.42025 0
vn -0.92896 -0.37017 0
vn -0.92896 -0.37017 0
vn -0.89822 -0.43954 0
vn -0.89822 -0.43954 0
vn -0.7691 -0.63912 0
vn -0.7691 -0.63912 0
vn -0.4285 -0.90354 0
vn -0.4285 -0.90354 0
vn -0.09501 -0.99548 0
vn -0.09501 -0.99548 0
vn 0.08918 -0.99602 0
vn 0.08918 -0.99602 0
vn 0.36693 -0.93025 0
vn 0.36693 -0.93025 0
vn 0.64533 -0.7639 0
vn 0.64533 -0.7639 0
vn 0.76519 -0.6438 0
vn 0.76519 -0.6438 0
vn 0.80096 -0.59871 0
vn 0.80096 -0.59871 0
vn 0.77642 -0.63021 0
vn 0.77642 -0.63021 0
vn 0.62954 -0.77697 0
vn 0.62954 -0.77697 0
vn 0.34408 -0.93894 0
vn 0.34408 -0.93894 0
vn 0.08654 -0.99625 0
vn 0.08654 -0.99625 0
vn -0.10216 -0.99477 0
vn -0.10216 -0.99477 0
vn -0.20325 -0.97913 0
vn -0.77153 -0.63619 0
vn -0.77153 -0.63619 0
vn -0.99972 -0.02362 0
vn -0.99715 0.07538 0
vn -0.99715 0.07538 0
vn -0.96451 0.26403 0
vn -0.96451 0.26403 0
vn -0.81777 0.57554 0
vn -0.81777 0.57554 0
vn -0.43279 0.9015 0
vn -0.43279 0.9015 0
vn -0.09536 0.99544 0
vn -0.09536 0.99544 0
vn 0.10216 0.99477 0
vn 0.10216 0.99477 0
vn 0.20325 0.97913 0
vn 0.77189 0.63576 0
vn 0.77189 0.63576 0
vn 0.99972 0.02362 0
vn 0.99715 -0.07538 0
vn 0.99715 -0.07538 0
vn 0.98481 -0.17365 0
vn -0.81245 0.58303 0
vn -0.77342 0.63389 0
vn -0.77342 0.63389 0
vn -0.61299 0.79009 0
vn -0.61299 0.79009 0
vn -0.32222 0.94667 0
vn -0.32222 0.94667 0
vn -0.0782 0.99694 0
vn -0.0782 0.99694 0
vn 0.08274 0.99657 0
vn 0.08274 0.99657 0
vn 0.37087 0.92868 0
vn 0.37087 0.92868 0
vn 0.73086 0.68253 0
vn 0.73086 0.68253 0
vn 0.90564 0.42404 0
vn 0.90564 0.42404 0
vn 0.9394 0.34283 0
vn -0.98481 0.17365 0
vn -0.96451 0.26404 0
vn -0.96451 0.26404 0
vn -0.81777 0.57554 0
vn -0.81777 0.57554 0
vn -0.43283 0.90147 0
vn -0.43283 0.90147 0
vn -0.09541 0.99544 0
vn -0.09541 0.99544 0
vn 0.10216 0.99477 0
vn 0.14296 -0.98973 0
vn 0.31369 -0.94953 0
vn 0.31369 -0.94953 0
vn 0.54437 -0.83885 0
vn 0.54437 -0.83885 0
vn 0.73853 -0.67422 0
vn 0.73853 -0.67422 0
vn 0.88396 -0.46756 0
vn 0.88396 -0.46756 0
vn 0.95134 -0.30815 0
vn 0.95134 -0.30815 0
vn 0.97577 -0.2188 0
vn 0.97577 -0.2188 0
vn 0.99219 -0.12476 0
vn 0.99219 -0.12476 0
vn 0.99967 -0.02571 0
vn 0.99967 -0.02571 0
vn 0.98194 0.18921 0
vn 0.98194 0.18921 0
vn 0.86644 0.49927 0
vn 0.86644 0.49927 0
vn 0.65378 0.75669 0
vn 0.65378 0.75669 0
vn 0.36534 0.93087 0
vn 0.36534 0.93087 0
vn 0.15261 0.98829 0
vn 0.15261 0.98829 0
vn 0.05085 0.99871 0
vn 0.05085 0.99871 0
vn 0 1 0
vn 0.1901 -0.98176 0
vn 0.31423 -0.94935 0
vn 0.31423 -0.94935 0
vn 0.54494 -0.83848 0
vn 0.54494 -0.83848 0
vn 0.73876 -0.67396 0
vn 0.73876 -0.67396 0
vn 0.88397 -0.46753 0
vn 0.88397 -0.46753 0
vn 0.95111 -0.30885 0
vn 0.95111 -0.30885 0
vn 0.97563 -0.21941 0
vn 0.97563 -0.21941 0
vn 0.99218 -0.12483 0
vn 0.99218 -0.12483 0
vn 0.99966 -0.02608 0
vn 0.99966 -0.02608 0
vn 0.98198 0.18898 0
vn 0.98198 0.18898 0
vn 0.8664 0.49936 0
vn 0.8664 0.49936 0
vn 0.65387 0.75661 0
vn 0.65387 0.75661 0
vn 0.51727 0.85582 0
vn 0 -1 0
vn 0.04792 -0.99885 0
vn 0.04792 -0.99885 0
vn 0.14296 -0.98973 0
vn 0.14296 -0.98973 0
vn 0.3138 -0.94949 0
vn 0.3138 -0.94949 0
vn 0.54463 -0.83868 0
vn 0.54463 -0.83868 0
vn 0.7387 -0.67403 0
vn 0.7387 -0.67403 0
vn 0.88399 -0.46751 0
vn 0.88399 -0.46751 0
vn 0.95134 -0.30815 0
vn 0.95134 -0.30815 0
vn 0.97577 -0.2188 0
vn 0.97577 -0.2188 0
vn 0.99217 -0.1249 0
vn 0.99217 -0.1249 0
vn 0.99966 -0.02614 0
vn 0.99966 -0.02614 0
vn 0.98203 0.18873 0
vn 0.98203 0.18873 0
vn 0.86654 0.4991 0
vn 0.86654 0.4991 0
vn 0.65378 0.75669 0
vn 0.65378 0.75669 0
vn 0.36529 0.9309 0
vn 0.36529 0.9309 0
vn 0.15255 0.9883 0
vn 0.15255 0.9883 0
vn 0.05085 0.99871 0
vn 0.05085 0.99871 0
vn -0.04786 0.99885 0
vn -0.04786 0.99885 0
vn -0.14295 0.98973 0
vn -0.14295 0.98973 0
vn -0.31384 0.94948 0
vn -0.31384 0.94948 0
vn -0.54446 0.83879 0
vn -0.54446 0.83879 0
vn -0.73853 0.67422 0
vn -0.73853 0.67422 0
vn -0.88396 0.46756 0
vn -0.88396 0.46756 0
vn -0.95134 0.30815 0
vn -0.95134 0.30815 0
vn -0.97577 0.21879 0
vn -0.97577 0.21879 0
vn -0.99217 0.12489 0
vn -0.99217 0.12489 0
vn -0.99966 0.02614 0
vn -0.99966 0.02614 0
vn -0.98199 -0.18895 0
vn -0.98199 -0.18895 0
vn -0.86629 -0.49954 0
vn -0.86629 -0.49954 0
vn -0.65347 -0.75695 0
vn -0.65347 -0.75695 0
vn -0.36522 -0.93092 0
vn -0.36522 -0.93092 0
vn -0.15261 -0.98829 0
vn -0.15261 -0.98829 0
vn -0.05085 -0.99871 0
vn -0.05085 -0.99871 0
vn 0.04792 -0.99885 0
vn 0.04792 -0.99885 0
vn 0.14296 -0.98973 0
vn 0.10216 0.99477 0
vn 0.20325 0.97913 0
vn 0.77153 0.63619 0
vn 0.77153 0.63619 0
vn 0.99972 0.02362 0
vn 0.99715 -0.07539 0
vn 0.99715 -0.07539 0
vn 0.96451 -0.26404 0
vn 0.96451 -0.26404 0
vn 0.81777 -0.57554 0
vn 0.81777 -0.57554 0
vn 0.43283 -0.90147 0
vn 0.43283 -0.90147 0
vn 0.09541 -0.99544 0
vn 0.09541 -0.99544 0
vn -0.1021 -0.99477 0
vn -0.1021 -0.99477 0
vn -0.20313 -0.97915 0
vn -0.77189 -0.63576 0
vn -0.77189 -0.63576 0
vn -0.99972 -0.02362 0
vn -0.99715 0.0754 0
vn -0.99715 0.0754 0
vn -0.96451 0.26405 0
vn -0.96451 0.26405 0
vn -0.81789 0.57538 0
vn -0.81789 0.57538 0
vn -0.43296 0.90141 0
vn -0.43296 0.90141 0
vn -0.09536 0.99544 0
vn -0.09536 0.99544 0
vn 0 1 0
vn -0.9848 0.17368 0
vn -0.9848 0.17368 0
vn 0 -1 0
vn -0.10216 -0.99477 0
vn -0.10216 -0.99477 0
vn -0.20325 -0.97913 0
vn -0.77183 -0.63583 0
vn -0.77183 -0.63583 0
vn -0.99972 -0.02363 0
vn -0.99716 0.07537 0
vn -0.99716 0.07537 0
vn -0.96449 0.26412 0
vn -0.96449 0.26412 0
vn -0.81785 0.57543 0
vn -0.81785 0.57543 0
vn -0.43304 0.90137 0
vn -0.43304 0.90137 0
vn -0.09541 0.99544 0
vn -0.09541 0.99544 0
vn 0 1 0
vn -0.9848 0.17367 0
vn -0.9848 0.17367 0
vn 0 -1 0
vn -0.10216 -0.99477 0
vn -0.10216 -0.99477 0
vn -0.20325 -0.97913 0
vn -0.77189 -0.63576 0
vn -0.77189 -0.63576 0
vn -0.99971 -0.02418 0
vn -0.99717 0.07512 0
vn -0.99717 0.07512 0
vn -0.96451 0.26405 0
vn -0.96451 0.26405 0
vn -0.81777 0.57554 0
vn -0.81777 0.57554 0
vn -0.43279 0.9015 0
vn -0.43279 0.9015 0
vn -0.09536 0.99544 0
vn -0.09536 0.99544 0
vn 0.10216 0.99477 0
vn 0.14295 -0.98973 0
vn 0.31384 -0.94948 0
vn 0.31384 -0.94948 0
vn 0.54446 -0.83879 0
vn 0.54446 -0.83879 0
vn 0.73853 -0.67422 0
vn 0.73853 -0.67422 0
vn 0.88396 -0.46756 0
vn 0.88396 -0.46756 0
vn 0.95134 -0.30815 0
vn 0.95134 -0.30815 0
vn 0.97577 -0.21878 0
vn 0.97577 -0.21878 0
vn 0.99217 -0.12489 0
vn 0.99217 -0.12489 0
vn 0.99966 -0.02614 0
vn 0.99966 -0.02614 0
vn 0.98203 0.18873 0
vn 0.98203 0.18873 0
vn 0.86654 0.4991 0
vn 0.86654 0.4991 0
vn 0.65378 0.75669 0
vn 0.65378 0.75669 0
vn 0.36529 0.9309 0
vn 0.36529 0.9309 0
vn 0.15255 0.9883 0
vn 0.15255 0.9883 0
vn 0.05085 0.99871 0
vn 0.05085 0.99871 0
vn -0.04792 0.99885 0
vn -0.04792 0.99885 0
vn -0.14296 0.98973 0
vn -0.14296 0.98973 0
vn -0.31369 0.94953 0
vn -0.31369 0.94953 0
vn -0.54437 0.83885 0
vn -0.54437 0.83885 0
vn -0.73853 0.67422 0
vn -0.73853 0.67422 0
vn -0.88396 0.46756 0
vn -0.88396 0.46756 0
vn -0.95134 0.30815 0
vn -0.95134 0.30815 0
vn -0.97578 0.21877 0
vn -0.97578 0.21877 0
vn -0.98481 0.17362 0
vn 0 1 0
vn 0 1 0
vn 0.98481 -0.17366 0
vn 0.99217 -0.1249 0
vn 0.99217 -0.1249 0
vn 0.99966 -0.02614 0
vn 0.99966 -0.02614 0
vn 0.98199 0.18895 0
vn 0.98199 0.18895 0
vn 0.86629 0.49954 0
vn 0.86629 0.49954 0
vn 0.65347 0.75695 0
vn 0.65347 0.75695 0
vn 0.36522 0.93092 0
vn 0.36522 0.93092 0
vn 0.15261 0.98829 0
vn 0.15261 0.98829 0
vn 0.05085 0.99871 0
vn 0.05085 0.99871 0
vn -0.04786 0.99885 0
vn -0.04786 0.99885 0
vn -0.14295 0.98973 0
vn -0.14295 0.98973 0
vn -0.31384 0.94948 0
vn -0.31384 0.94948 0
vn -0.54446 0.83879 0
vn -0.54446 0.83879 0
vn -0.73853 0.67422 0
vn -0.73853 0.67422 0
vn -0.88396 0.46756 0
vn -0.88396 0.46756 0
vn -0.95134 0.30815 0
vn -0.95134 0.30815 0
vn -0.97577 0.21878 0
vn -0.97577 0.21878 0
vn -0.99217 0.12489 0
vn -0.99217 0.12489 0
vn -0.99966 0.02614 0
vn -0.99966 0.02614 0
vn -0.98203 -0.18873 0
vn -0.98203 -0.18873 0
vn -0.86654 -0.4991 0
vn -0.86654 -0.4991 0
vn -0.65378 -0.75669 0
vn -0.65378 -0.75669 0
vn -0.36534 -0.93087 0
vn -0.36534 -0.93087 0
vn -0.15261 -0.98829 0
vn -0.15261 -0.98829 0
vn -0.05085 -0.99871 0
vn -0.05085 -0.99871 0
vn 0.04786 -0.99885 0
vn 0.04786 -0.99885 0
vn 0.14295 -0.98973 0
vn 0.10216 0.99477 0
vn 0.20325 0.97913 0
vn 0.77189 0.63576 0
vn 0.77189 0.63576 0
vn 0.99972 0.02362 0
vn 0.99715 -0.07538 0
vn 0.99715 -0.07538 0
vn 0.96451 -0.26403 0
vn 0.96451 -0.26403 0
vn 0.81777 -0.57554 0
vn 0.81777 -0.57554 0
vn 0.43283 -0.90147 0
vn 0.43283 -0.90147 0
vn 0.09541 -0.99544 0
vn 0.09541 -0.99544 0
vn -0.10216 -0.99477 0
vn -0.10216 -0.99477 0
vn -0.20325 -0.97913 0
vn -0.77153 -0.63619 0
vn -0.77153 -0.63619 0
vn -0.99972 -0.02362 0
vn -0.99715 0.07539 0
vn -0.99715 0.07539 0
vn -0.98481 0.17366 0
vn 0 -1 0
vn 0 -1 0
vn 0.98481 -0.17364 0
vn 0.96451 -0.26403 0
vn 0.96451 -0.26403 0
vn 0.81777 -0.57554 0
vn 0.81777 -0.57554 0
vn 0.43279 -0.9015 0
vn 0.43279 -0.9015 0
vn 0.09536 -0.99544 0
vn 0.09536 -0.99544 0
vn -0.1021 -0.99477 0
vn -0.1021 -0.99477 0
vn -0.20313 -0.97915 0
vn -0.77189 -0.63576 0
vn -0.77189 -0.63576 0
vn -0.99972 -0.02362 0
vn -0.99715 0.07538 0
vn -0.99715 0.07538 0
vn -0.96451 0.26404 0
vn -0.96451 0.26404 0
vn -0.81777 0.57554 0
vn -0.81777 0.57554 0
vn -0.43283 0.90147 0
vn -0.43283 0.90147 0
vn -0.09541 0.99544 0
vn -0.09541 0.99544 0
vn 0.10216 0.99477 0
vn 0.14295 -0.98973 0
vn 0.31384 -0.94948 0
vn 0.31384 -0.94948 0
vn 0.54446 -0.83879 0
vn 0.54446 -0.83879 0
vn 0.73853 -0.67422 0
vn 0.73853 -0.67422 0
vn 0.88396 -0.46756 0
vn 0.88396 -0.46756 0
vn 0.95134 -0.30815 0
vn 0.95134 -0.30815 0
vn 0.97577 -0.21879 0
vn 0.97577 -0.21879 0
vn 0.98481 -0.17366 0
vn -0.83856 -0.54481 0
vn -0.83856 -0.54481 0
vn -0.98481 0.17364 0
vn -0.99217 0.12488 0
vn -0.99217 0.12488 0
vn -0.99966 0.02614 0
vn -0.99966 0.02614 0
vn -0.98199 -0.18895 0
vn -0.98199 -0.18895 0
vn -0.86629 -0.49954 0
vn -0.86629 -0.49954 0
vn -0.65347 -0.75695 0
vn -0.65347 -0.75695 0
vn -0.36522 -0.93092 0
vn -0.36522 -0.93092 0
vn -0.15261 -0.98829 0
vn -0.15261 -0.98829 0
vn -0.05085 -0.99871 0
vn -0.05085 -0.99871 0
vn 0.04786 -0.99885 0
vn 0.04786 -0.99885 0
vn 0.14295 -0.98973 0
vn 0.14295 -0.98973 0
vn 0.31384 -0.94948 0
vn 0.31384 -0.94948 0
vn 0.54446 -0.83879 0
vn 0.54446 -0.83879 0
vn 0.73853 -0.67422 0
vn 0.73853 -0.67422 0
vn 0.88396 -0.46756 0
vn 0.88396 -0.46756 0
vn 0.95134 -0.30815 0
vn 0.95134 -0.30815 0
vn 0.97577 -0.21879 0
vn 0.97577 -0.21879 0
vn 0.99217 -0.12489 0
vn 0.99217 -0.12489 0
vn 0.99966 -0.02614 0
vn 0.99966 -0.02614 0
vn 0.98199 0.18895 0
vn 0.98199 0.18895 0
vn 0.86629 0.49954 0
vn 0.86629 0.49954 0
vn 0.65347 0.75695 0
vn 0.65347 0.75695 0
vn 0.36522 0.93092 0
vn 0.36522 0.93092 0
vn 0.15261 0.98829 0
vn 0.15261 0.98829 0
vn 0.05085 0.99871 0
vn 0.05085 0.99871 0
vn -0.04792 0.99885 0
vn -0.04792 0.99885 0
vn -0.14296 0.98973 0
vn -0.14296 0.98973 0
vn -0.31369 0.94953 0
vn -0.31369 0.94953 0
vn -0.54437 0.83885 0
vn -0.54437 0.83885 0
vn -0.73853 0.67422 0
vn -0.73853 0.67422 0
vn -0.88396 0.46756 0
vn -0.88396 0.46756 0
vn -0.95134 0.30815 0
vn -0.95134 0.30815 0
vn -0.97578 0.21877 0
vn -0.97578 0.21877 0
vn -0.98481 0.17362 0
vn 0.82016 0.57214 0
vn 0.79855 0.60193 0
vn 0.79855 0.60193 0
vn 0.75233 0.65878 0
vn 0.75233 0.65878 0
vn 0.66466 0.74715 0
vn 0.66466 0.74715 0
vn 0.52305 0.8523 0
vn 0.52305 0.8523 0
vn 0.37095 0.92865 0
vn 0.37095 0.92865 0
vn 0.21515 0.97658 0
vn 0.21515 0.97658 0
vn 0.10179 0.99481 0
vn 0.10179 0.99481 0
vn 0.0342 0.99942 0
vn 0.0342 0.99942 0
vn -0.04786 0.99885 0
vn -0.04786 0.99885 0
vn -0.14295 0.98973 0
vn -0.14295 0.98973 0
vn -0.31384 0.94948 0
vn -0.31384 0.94948 0
vn -0.54446 0.83879 0
vn -0.54446 0.83879 0
vn -0.73853 0.67422 0
vn -0.73853 0.67422 0
vn -0.88396 0.46756 0
vn -0.88396 0.46756 0
vn -0.95134 0.30815 0
vn -0.95134 0.30815 0
vn -0.97577 0.21878 0
vn -0.97577 0.21878 0
vn -0.99217 0.12489 0
vn -0.99217 0.12489 0
vn -0.99966 0.02614 0
vn -0.99966 0.02614 0
vn -0.98203 -0.18873 0
vn -0.98203 -0.18873 0
vn -0.86654 -0.4991 0
vn -0.86654 -0.4991 0
vn -0.65378 -0.75669 0
vn -0.65378 -0.75669 0
vn -0.36534 -0.93087 0
vn -0.36534 -0.93087 0
vn -0.15261 -0.98829 0
vn -0.15261 -0.98829 0
vn -0.05085 -0.99871 0
vn -0.05085 -0.99871 0
vn 0.04786 -0.99885 0
vn 0.04786 -0.99885 0
vn 0.14295 -0.98973 0
vn 0.10216 0.99477 0
vn 0.20325 0.97913 0
vn 0.77189 0.63576 0
vn 0.77189 0.63576 0
vn 0.99972 0.02362 0
vn 0.99715 -0.07538 0
vn 0.99715 -0.07538 0
vn 0.96451 -0.26403 0
vn 0.96451 -0.26403 0
vn 0.81777 -0.57554 0
vn 0.81777 -0.57554 0
vn 0.43283 -0.90147 0
vn 0.43283 -0.90147 0
vn 0.09541 -0.99544 0
vn 0.09541 -0.99544 0
vn -0.06771 -0.9977 0
vn -0.06771 -0.9977 0
vn -0.29429 -0.95572 0
vn -0.29429 -0.95572 0
vn -0.59601 -0.80298 0
vn -0.59601 -0.80298 0
vn -0.77608 -0.63064 0
vn -0.77608 -0.63064 0
vn -0.82017 -0.57212 0
vn 0.98481 -0.17363 0
vn 0.96452 -0.26403 0
vn 0.96452 -0.26403 0
vn 0.81777 -0.57554 0
vn 0.81777 -0.57554 0
vn 0.43279 -0.9015 0
vn 0.43279 -0.9015 0
vn 0.09536 -0.99544 0
vn 0.09536 -0.99544 0
vn -0.10216 -0.99477 0
vn -0.10216 -0.99477 0
vn -0.20325 -0.97913 0
vn -0.77153 -0.63619 0
vn -0.77153 -0.63619 0
vn -0.99972 -0.02362 0
vn -0.99715 0.07539 0
vn -0.99715 0.07539 0
vn -0.96451 0.26404 0
vn -0.96451 0.26404 0
vn -0.81777 0.57554 0
vn -0.81777 0.57554 0
vn -0.43283 0.90147 0
vn -0.43283 0.90147 0
vn -0.09541 0.99544 0
vn -0.09541 0.99544 0
vn 0.10216 0.99477 0
vn 0.10216 0.99477 0
vn 0.20325 0.97913 0
vn 0.77153 0.63619 0
vn 0.77153 0.63619 0
vn 0.99972 0.02362 0
vn 0.99715 -0.0754 0
vn 0.99715 -0.0754 0
vn 0.9848 -0.17367 0
vn 0.83853 0.54486 0
vn 0.83853 0.54486 0
vn -0.98481 0.17364 0
vn -0.96451 0.26403 0
vn -0.96451 0.26403 0
vn -0.81777 0.57554 0
vn -0.81777 0.57554 0
vn -0.43283 0.90147 0
vn -0.43283 0.90147 0
vn -0.09541 0.99544 0
vn -0.09541 0.99544 0
vn 0.10216 0.99477 0
vn 0.3629 -0.93183 0
vn 0.71978 -0.69421 0
vn 0.71978 -0.69421 0
vn 0.91165 -0.41098 0
vn 0.91165 -0.41098 0
vn 0.9731 -0.23039 0
vn 0.9731 -0.23039 0
vn 0.99349 -0.11394 0
vn 0.99349 -0.11394 0
vn 0.99449 0.1048 0
vn 0.99449 0.1048 0
vn 0.8496 0.52742 0
vn 0.8496 0.52742 0
vn 0.42671 0.90439 0
vn 0.42671 0.90439 0
vn 0.07904 0.99687 0
vn 0.07904 0.99687 0
vn 0 1 0
vn -0.98481 0.17363 0
vn -0.98481 0.17363 0
vn 0 -1 0
vn 0.07489 -0.99719 0
vn 0.07489 -0.99719 0
vn 0.3629 -0.93183 0
vn 0.98484 -0.17347 0
vn 0.98484 -0.17347 0
vn 0 -1 0
vn 0 -1 0
vn -0.98478 0.17381 0
vn -0.97314 0.23023 0
vn -0.97314 0.23023 0
vn -0.91054 0.41343 0
vn -0.91054 0.41343 0
vn -0.84593 0.5333 0
vn -0.14968 0.98873 0
vn -0.07505 0.99718 0
vn -0.07505 0.99718 0
vn 0 1 0
vn 0.14296 -0.98973 0
vn 0.31369 -0.94953 0
vn 0.31369 -0.94953 0
vn 0.54437 -0.83885 0
vn 0.54437 -0.83885 0
vn 0.73853 -0.67422 0
vn 0.73853 -0.67422 0
vn 0.88396 -0.46756 0
vn 0.88396 -0.46756 0
vn 0.95134 -0.30815 0
vn 0.95134 -0.30815 0
vn 0.97577 -0.21878 0
vn 0.97577 -0.21878 0
vn 0.98481 -0.17363 0
vn 0 -1 0
vn 0 -1 0
vn -0.98481 0.17364 0
vn -0.99217 0.12488 0
vn -0.99217 0.12488 0
vn -0.99966 0.02614 0
vn -0.99966 0.02614 0
vn -0.98199 -0.18895 0
vn -0.98199 -0.18895 0
vn -0.86629 -0.49954 0
vn -0.86629 -0.49954 0
vn -0.65347 -0.75695 0
vn -0.65347 -0.75695 0
vn -0.36522 -0.93092 0
vn -0.36522 -0.93092 0
vn -0.15261 -0.98829 0
vn -0.15261 -0.98829 0
vn -0.05085 -0.99871 0
vn -0.05085 -0.99871 0
vn 0.04792 -0.99885 0
vn 0.04792 -0.99885 0
vn 0.14296 -0.98973 0
vn 0.14296 -0.98973 0
vn 0.31369 -0.94953 0
vn 0.31369 -0.94953 0
vn 0.54437 -0.83885 0
vn 0.54437 -0.83885 0
vn 0.73853 -0.67422 0
vn 0.73853 -0.67422 0
vn 0.88396 -0.46756 0
vn 0.88396 -0.46756 0
vn 0.95134 -0.30815 0
vn 0.95134 -0.30815 0
vn 0.97577 -0.21879 0
vn 0.97577 -0.21879 0
vn 0.98693 -0.16113 0
vn 0.98693 -0.16113 0
vn 0.99091 -0.1345 0
vn 0.99091 -0.1345 0
vn 0.99596 -0.08978 0
vn 0.99596 -0.08978 0
vn 0.99959 -0.02854 0
vn 0.99959 -0.02854 0
vn 0.99926 0.03841 0
vn 0.99926 0.03841 0
vn 0.99373 0.11182 0
vn 0.99373 0.11182 0
vn 0.98156 0.19115 0
vn 0.98156 0.19115 0
vn 0.96171 0.27408 0
vn 0.96171 0.27408 0
vn 0.93349 0.3586 0
vn 0.93349 0.3586 0
vn 0.89566 0.44475 0
vn 0.89566 0.44475 0
vn 0.84984 0.52705 0
vn 0.84984 0.52705 0
vn 0.79685 0.60417 0
vn 0.79685 0.60417 0
vn 0.73694 0.67596 0
vn 0.73694 0.67596 0
vn 0.67018 0.7422 0
vn 0.67018 0.7422 0
vn 0.63442 0.77299 0
vn 0.79892 -0.60144 0
vn 0.8228 -0.56833 0
vn 0.8228 -0.56833 0
vn 0.86728 -0.49782 0
vn 0.86728 -0.49782 0
vn 0.89932 -0.43728 0
vn 0.89932 -0.43728 0
vn 0.92 -0.39191 0
vn 0.92 -0.39191 0
vn 0.93683 -0.34978 0
vn 0.93683 -0.34978 0
vn 0.95155 -0.30749 0
vn 0.95155 -0.30749 0
vn 0.96393 -0.26616 0
vn 0.96393 -0.26616 0
vn 0.97369 -0.22788 0
vn 0.97369 -0.22788 0
vn 0.97999 -0.19903 0
vn 0.97999 -0.19903 0
vn 0.98339 -0.18151 0
vn 0.98339 -0.18151 0
vn 0.98644 -0.1641 0
vn 0.98644 -0.1641 0
vn 0.9899 -0.1418 0
vn 0.9899 -0.1418 0
vn 0.9946 -0.10374 0
vn 0.9946 -0.10374 0
vn 0.9986 -0.05286 0
vn 0.9986 -0.05286 0
vn 1 0.0023 0
vn 1 0.0023 0
vn 0.99813 0.06112 0
vn 0.99813 0.06112 0
vn 0.99232 0.12373 0
vn 0.99232 0.12373 0
vn 0.98197 0.18901 0
vn 0.98197 0.18901 0
vn 0.96487 0.26275 0
vn 0.96487 0.26275 0
vn 0.93817 0.34618 0
vn 0.93817 0.34618 0
vn 0.90004 0.43581 0
vn 0.90004 0.43581 0
vn 0.84909 0.52825 0
vn 0.84909 0.52825 0
vn 0.7896 0.61362 0
vn 0.7896 0.61362 0
vn 0.72245 0.69142 0
vn 0.72245 0.69142 0
vn 0.65183 0.75837 0
vn 0.65183 0.75837 0
vn 0.57938 0.81506 0
vn 0.57938 0.81506 0
vn 0.51079 0.8597 0
vn 0.51079 0.8597 0
vn 0.44756 0.89425 0
vn 0.44756 0.89425 0
vn 0.38949 0.92103 0
vn 0.38949 0.92103 0
vn 0.33702 0.9415 0
vn 0.33702 0.9415 0
vn 0.28711 0.9579 0
vn 0.28711 0.9579 0
vn 0.24237 0.97018 0
vn 0.24237 0.97018 0
vn 0.20219 0.97935 0
vn 0.20219 0.97935 0
vn 0.16407 0.98645 0
vn 0.16407 0.98645 0
vn 0.1293 0.99161 0
vn 0.1293 0.99161 0
vn 0.09659 0.99532 0
vn 0.09659 0.99532 0
vn 0.06457 0.99791 0
vn 0.06457 0.99791 0
vn 0.03727 0.99931 0
vn 0.03727 0.99931 0
vn 0.01733 0.99985 0
vn 0.01733 0.99985 0
vn 0.00515 0.99999 0
vn 0.00515 0.99999 0
vn -0.04792 0.99885 0
vn -0.04792 0.99885 0
vn -0.14296 0.98973 0
vn -0.14296 0.98973 0
vn -0.31369 0.94953 0
vn -0.31369 0.94953 0
vn -0.54437 0.83885 0
vn -0.54437 0.83885 0
vn -0.73853 0.67422 0
vn -0.73853 0.67422 0
vn -0.88396 0.46756 0
vn -0.88396 0.46756 0
vn -0.95134 0.30815 0
vn -0.95134 0.30815 0
vn -0.97577 0.21878 0
vn -0.97577 0.21878 0
vn -0.99217 0.12489 0
vn -0.99217 0.12489 0
vn -0.99966 0.02614 0
vn -0.99966 0.02614 0
vn -0.98199 -0.18895 0
vn -0.98199 -0.18895 0
vn -0.86629 -0.49954 0
vn -0.86629 -0.49954 0
vn -0.65347 -0.75695 0
vn -0.65347 -0.75695 0
vn -0.36522 -0.93092 0
vn -0.36522 -0.93092 0
vn -0.15261 -0.98829 0
vn -0.15261 -0.98829 0
vn -0.05085 -0.99871 0
vn -0.05085 -0.99871 0
vn 0.04792 -0.99885 0
vn 0.04792 -0.99885 0
vn 0.14296 -0.98973 0
vn 0.10216 0.99477 0
vn 0.20325 0.97913 0
vn 0.77153 0.63619 0
vn 0.77153 0.63619 0
vn 0.99972 0.02362 0
vn 0.99715 -0.07538 0
vn 0.99715 -0.07538 0
vn 0.96451 -0.26403 0
vn 0.96451 -0.26403 0
vn 0.81777 -0.57554 0
vn 0.81777 -0.57554 0
vn 0.43279 -0.9015 0
vn 0.43279 -0.9015 0
vn 0.09536 -0.99544 0
vn 0.09536 -0.99544 0
vn -0.01218 -0.99993 0
vn -0.01218 -0.99993 0
vn -0.05168 -0.99866 0
vn -0.05168 -0.99866 0
vn -0.11173 -0.99374 0
vn -0.11173 -0.99374 0
vn -0.18262 -0.98318 0
vn -0.18262 -0.98318 0
vn -0.2656 -0.96408 0
vn -0.2656 -0.96408 0
vn -0.36307 -0.93176 0
vn -0.36307 -0.93176 0
vn -0.47939 -0.8776 0
vn -0.47939 -0.8776 0
vn -0.61632 -0.7875 0
vn -0.61632 -0.7875 0
vn -0.75712 -0.65327 0
vn -0.75712 -0.65327 0
vn -0.8759 -0.48249 0
vn -0.8759 -0.48249 0
vn -0.95225 -0.30531 0
vn -0.95225 -0.30531 0
vn -0.98778 -0.15589 0
vn -0.98778 -0.15589 0
vn -0.9995 -0.03155 0
vn -0.9995 -0.03155 0
vn -0.99693 0.07826 0
vn -0.99693 0.07826 0
vn -0.98848 0.15137 0
vn -0.98848 0.15137 0
vn -0.98155 0.19119 0
vn -0.98155 0.19119 0
vn -0.96898 0.24714 0
vn -0.96898 0.24714 0
vn -0.94474 0.32783 0
vn -0.94474 0.32783 0
vn -0.90953 0.41565 0
vn -0.90953 0.41565 0
vn -0.84588 0.53338 0
vn -0.84588 0.53338 0
vn -0.72399 0.68981 0
vn -0.72399 0.68981 0
vn -0.55497 0.83187 0
vn -0.55497 0.83187 0
vn -0.46325 0.88623 0
vn -0.17693 -0.98422 0
vn -0.2507 -0.96806 0
vn -0.2507 -0.96806 0
vn -0.40355 -0.91496 0
vn -0.40355 -0.91496 0
vn -0.56004 -0.82847 0
vn -0.56004 -0.82847 0
vn -0.70414 -0.71006 0
vn -0.70414 -0.71006 0
vn -0.82434 -0.5661 0
vn -0.82434 -0.5661 0
vn -0.91551 -0.4023 0
vn -0.91551 -0.4023 0
vn -0.97261 -0.23245 0
vn -0.97261 -0.23245 0
vn -0.99714 -0.07559 0
vn -0.99714 -0.07559 0
vn -0.99824 0.0593 0
vn -0.99824 0.0593 0
vn -0.98912 0.14708 0
vn -0.98912 0.14708 0
vn -0.96451 0.26405 0
vn -0.96451 0.26405 0
vn -0.81777 0.57554 0
vn -0.81777 0.57554 0
vn -0.43279 0.9015 0
vn -0.43279 0.9015 0
vn -0.09536 0.99544 0
vn -0.09536 0.99544 0
vn 0.10216 0.99477 0
vn 0.10216 0.99477 0
vn 0.20325 0.97913 0
vn 0.77153 0.63619 0
vn 0.77153 0.63619 0
vn 0.99972 0.02362 0
vn 0.99715 -0.07538 0
vn 0.99715 -0.07538 0
vn 0.99261 -0.12136 0
vn 0.99261 -0.12136 0
vn 0.99355 0.11338 0
vn 0.99355 0.11338 0
vn 0.9565 0.29174 0
vn 0.58864 0.80839 0
vn 0.37632 0.92649 0
vn 0.37632 0.92649 0
vn 0.07107 0.99747 0
vn 0.07107 0.99747 0
vn 0 1 0
vn -0.98481 0.17365 0
vn -0.96451 0.26404 0
vn -0.96451 0.26404 0
vn -0.81777 0.57554 0
vn -0.81777 0.57554 0
vn -0.43279 0.9015 0
vn -0.43279 0.9015 0
vn -0.09536 0.99544 0
vn -0.09536 0.99544 0
vn 0.10216 0.99477 0
vn 0.95935 0.2822 0
vn 0.90471 0.42603 0
vn 0.39042 0.92064 0
vn 0.1992 0.97996 0
vn 0.1992 0.97996 0
vn -0.17578 0.98443 0
vn -0.17578 0.98443 0
vn -0.5793 0.81512 0
vn -0.5793 0.81512 0
vn -0.84176 0.53985 0
vn -0.84176 0.53985 0
vn -0.89955 0.43682 0
vn 0 -1 0
vn 0 -1 0
vn 0.99129 0.1317 0
vn 0.95935 0.2822 0
vn 0.89956 -0.4368 0
vn 0.89956 -0.4368 0
vn -0.99128 -0.13178 0
vn -0.99128 -0.13178 0
vn 0 1 0
vn 0 1 0
vn 0.14296 -0.98973 0
vn 0.31369 -0.94953 0
vn 0.31369 -0.94953 0
vn 0.54437 -0.83885 0
vn 0.54437 -0.83885 0
vn 0.73853 -0.67422 0
vn 0.73853 -0.67422 0
vn 0.88396 -0.46756 0
vn 0.88396 -0.46756 0
vn 0.95134 -0.30815 0
vn 0.95134 -0.30815 0
vn 0.97578 -0.21876 0
vn 0.97578 -0.21876 0
vn 0.98482 -0.1736 0
vn 0 -1 0
vn 0 -1 0
vn -0.98482 0.1736 0
vn -0.99268 0.12074 0
vn -0.99268 0.12074 0
vn -0.99991 0.01355 0
vn -0.99991 0.01355 0
vn -0.97708 -0.21286 0
vn -0.97708 -0.21286 0
vn -0.84585 -0.53342 0
vn -0.84585 -0.53342 0
vn -0.62307 -0.78216 0
vn -0.62307 -0.78216 0
vn -0.34294 -0.93936 0
vn -0.34294 -0.93936 0
vn -0.14106 -0.99 0
vn -0.14106 -0.99 0
vn -0.04711 -0.99889 0
vn -0.04711 -0.99889 0
vn 0.04786 -0.99885 0
vn 0.04786 -0.99885 0
vn 0.14295 -0.98973 0
vn 0.14295 -0.98973 0
vn 0.31384 -0.94948 0
vn 0.31384 -0.94948 0
vn 0.54446 -0.83879 0
vn 0.54446 -0.83879 0
vn 0.73853 -0.67422 0
vn 0.73853 -0.67422 0
vn 0.88396 -0.46756 0
vn 0.88396 -0.46756 0
vn 0.95134 -0.30815 0
vn 0.95134 -0.30815 0
vn 0.97577 -0.21879 0
vn 0.97577 -0.21879 0
vn 0.98652 -0.16362 0
vn 0.98652 -0.16362 0
vn 0.9894 -0.14519 0
vn 0.9894 -0.14519 0
vn 0.99277 -0.12 0
vn 0.99277 -0.12 0
vn 0.99628 -0.08623 0
vn 0.99628 -0.08623 0
vn 0.99846 -0.05555 0
vn 0.99846 -0.05555 0
vn 0.99967 -0.02564 0
vn 0.99967 -0.02564 0
vn 0.99999 0.00483 0
vn 0.99999 0.00483 0
vn 0.99952 0.03094 0
vn 0.99952 0.03094 0
vn 0.99857 0.05347 0
vn 0.99857 0.05347 0
vn 0.99719 0.07486 0
vn 0.99719 0.07486 0
vn 0.99568 0.0929 0
vn 0.99568 0.0929 0
vn 0.99403 0.10907 0
vn 0.99403 0.10907 0
vn 0.99226 0.12416 0
vn 0.99226 0.12416 0
vn 0.99039 0.1383 0
vn 0.99039 0.1383 0
vn 0.98825 0.15284 0
vn 0.98825 0.15284 0
vn 0.98624 0.16534 0
vn 0.98624 0.16534 0
vn 0.98414 0.17738 0
vn 0.98414 0.17738 0
vn 0.98204 0.18868 0
vn 0.98204 0.18868 0
vn 0.98134 0.19229 0
vn 0.98134 0.19229 0
vn 0.98045 0.19677 0
vn 0.98045 0.19677 0
vn 0.96967 0.24442 0
vn 0.96967 0.24442 0
vn 0.94529 0.32624 0
vn 0.94529 0.32624 0
vn 0.87101 0.49126 0
vn 0.87101 0.49126 0
vn 0.70338 0.71082 0
vn 0.70338 0.71082 0
vn 0.49888 0.86667 0
vn 0.49888 0.86667 0
vn 0.27942 0.96017 0
vn 0.27942 0.96017 0
vn 0.12202 0.99253 0
vn 0.12202 0.99253 0
vn 0.04061 0.99918 0
vn 0.04061 0.99918 0
vn -0.03812 0.99927 0
vn -0.03812 0.99927 0
vn -0.11344 0.99354 0
vn -0.11344 0.99354 0
vn -0.24226 0.97021 0
vn -0.24226 0.97021 0
vn -0.41889 0.90804 0
vn -0.41889 0.90804 0
vn -0.58602 0.8103 0
vn -0.58602 0.8103 0
vn -0.73514 0.67792 0
vn -0.73514 0.67792 0
vn -0.81867 0.57426 0
vn -0.81867 0.57426 0
vn -0.85554 0.51773 0
vn -0.85554 0.51773 0
vn -0.8766 0.48122 0
vn -0.8766 0.48122 0
vn -0.87842 0.47789 0
vn -0.87842 0.47789 0
vn -0.87658 0.48125 0
vn -0.87658 0.48125 0
vn -0.88079 0.47351 0
vn -0.88079 0.47351 0
vn -0.88715 0.46148 0
vn -0.88715 0.46148 0
vn -0.8919 0.45224 0
vn -0.8919 0.45224 0
vn -0.89747 0.44107 0
vn -0.89747 0.44107 0
vn -0.90261 0.43046 0
vn -0.90261 0.43046 0
vn -0.90715 0.4208 0
vn -0.90715 0.4208 0
vn -0.91298 0.40801 0
vn -0.91298 0.40801 0
vn -0.91932 0.39351 0
vn -0.91932 0.39351 0
vn -0.92609 0.3773 0
vn -0.92609 0.3773 0
vn -0.93425 0.35661 0
vn -0.93425 0.35661 0
vn -0.94239 0.33452 0
vn -0.94239 0.33452 0
vn -0.9501 0.31196 0
vn -0.9501 0.31196 0
vn -0.95821 0.28607 0
vn -0.95821 0.28607 0
vn -0.96686 0.2553 0
vn -0.96686 0.2553 0
vn -0.97466 0.22368 0
vn -0.97466 0.22368 0
vn -0.97951 0.20138 0
vn -0.97951 0.20138 0
vn -0.98301 0.18357 0
vn -0.98301 0.18357 0
vn -0.99217 0.12489 0
vn -0.99217 0.12489 0
vn -0.99966 0.02614 0
vn -0.99966 0.02614 0
vn -0.98199 -0.18895 0
vn -0.98199 -0.18895 0
vn -0.86629 -0.49954 0
vn -0.86629 -0.49954 0
vn -0.65347 -0.75695 0
vn -0.65347 -0.75695 0
vn -0.36522 -0.93092 0
vn -0.36522 -0.93092 0
vn -0.15261 -0.98829 0
vn -0.15261 -0.98829 0
vn -0.05085 -0.99871 0
vn -0.05085 -0.99871 0
vn 0.04792 -0.99885 0
vn 0.04792 -0.99885 0
vn 0.14296 -0.98973 0
vn 0.10216 0.99477 0
vn 0.20325 0.97913 0
vn 0.77153 0.63619 0
vn 0.77153 0.63619 0
vn 0.99972 0.02362 0
vn 0.99715 -0.07539 0
vn 0.99715 -0.07539 0
vn 0.98149 -0.1915 0
vn 0.98149 -0.1915 0
vn 0.97052 -0.24102 0
vn 0.97052 -0.24102 0
vn 0.95441 -0.2985 0
vn 0.95441 -0.2985 0
vn 0.93807 -0.34645 0
vn 0.93807 -0.34645 0
vn 0.92304 -0.3847 0
vn 0.92304 -0.3847 0
vn 0.91042 -0.41369 0
vn 0.91042 -0.41369 0
vn 0.89942 -0.43709 0
vn 0.89942 -0.43709 0
vn 0.8895 -0.45693 0
vn 0.8895 -0.45693 0
vn 0.88056 -0.47393 0
vn 0.88056 -0.47393 0
vn 0.87451 -0.485 0
vn 0.87451 -0.485 0
vn 0.83774 -0.54607 0
vn 0.83774 -0.54607 0
vn 0.6638 -0.74791 0
vn 0.6638 -0.74791 0
vn 0.33219 -0.94321 0
vn 0.33219 -0.94321 0
vn 0.07548 -0.99715 0
vn 0.07548 -0.99715 0
vn -0.08162 -0.99666 0
vn -0.08162 -0.99666 0
vn -0.39176 -0.92007 0
vn -0.39176 -0.92007 0
vn -0.79487 -0.60678 0
vn -0.79487 -0.60678 0
vn -0.95839 -0.28545 0
vn -0.95839 -0.28545 0
vn -0.98016 -0.19819 0
vn -0.98016 -0.19819 0
vn -0.98322 -0.18243 0
vn -0.98322 -0.18243 0
vn -0.98734 -0.15864 0
vn -0.98734 -0.15864 0
vn -0.99125 -0.13201 0
vn -0.99125 -0.13201 0
vn -0.99481 -0.1017 0
vn -0.99481 -0.1017 0
vn -0.99794 -0.06415 0
vn -0.99794 -0.06415 0
vn -0.99986 -0.01664 0
vn -0.99986 -0.01664 0
vn -0.99922 0.0394 0
vn -0.99922 0.0394 0
vn -0.99467 0.10311 0
vn -0.99467 0.10311 0
vn -0.98787 0.15526 0
vn -0.98787 0.15526 0
vn -0.96451 0.26404 0
vn -0.96451 0.26404 0
vn -0.81777 0.57554 0
vn -0.81777 0.57554 0
vn -0.43283 0.90147 0
vn -0.43283 0.90147 0
vn -0.09541 0.99544 0
vn -0.09541 0.99544 0
vn 0.09427 0.99555 0
vn 0.09427 0.99555 0
vn 0.18769 0.98223 0
vn 0.74066 0.67188 0
vn 0.74066 0.67188 0
vn 0.99918 0.04046 0
vn 0.99775 -0.06697 0
vn 0.99775 -0.06697 0
vn 0.98481 -0.17363 0
vn 0 1 0
vn 0 1 0
vn -0.98481 0.17363 0
vn -0.96451 0.26403 0
vn -0.96451 0.26403 0
vn -0.81777 0.57554 0
vn -0.81777 0.57554 0
vn -0.43279 0.9015 0
vn -0.43279 0.9015 0
vn -0.09536 0.99544 0
vn -0.09536 0.99544 0
vn 0.10216 0.99477 0
vn 0.14295 -0.98973 0
vn 0.31384 -0.94948 0
vn 0.31384 -0.94948 0
vn 0.54446 -0.83879 0
vn 0.54446 -0.83879 0
vn 0.73853 -0.67422 0
vn 0.73853 -0.67422 0
vn 0.88396 -0.46756 0
vn 0.88396 -0.46756 0
vn 0.95134 -0.30815 0
vn 0.95134 -0.30815 0
vn 0.97577 -0.21878 0
vn 0.97577 -0.21878 0
vn 0.99217 -0.12488 0
vn 0.99217 -0.12488 0
vn 0.99966 -0.02614 0
vn 0.99966 -0.02614 0
vn 0.98199 0.18895 0
vn 0.98199 0.18895 0
vn 0.86629 0.49954 0
vn 0.86629 0.49954 0
vn 0.65347 0.75695 0
vn 0.65347 0.75695 0
vn 0.36522 0.93092 0
vn 0.36522 0.93092 0
vn 0.15261 0.98829 0
vn 0.15261 0.98829 0
vn 0.05085 0.99871 0
vn 0.05085 0.99871 0
vn 0.05695 0.99838 0
vn 0.05695 0.99838 0
vn 0.11371 0.99351 0
vn 0.98481 -0.17365 0
vn 0.96744 -0.2531 0
vn 0.96744 -0.2531 0
vn 0.85883 -0.51225 0
vn 0.85883 -0.51225 0
vn 0.58805 -0.80882 0
vn 0.58805 -0.80882 0
vn 0.26626 -0.9639 0
vn 0.26626 -0.9639 0
vn 0.05704 -0.99837 0
vn 0.05704 -0.99837 0
vn 0.04786 -0.99885 0
vn 0.04786 -0.99885 0
vn 0.14295 -0.98973 0
vn 0.14295 -0.98973 0
vn 0.31416 -0.94937 0
vn 0.31416 -0.94937 0
vn 0.54494 -0.83848 0
vn 0.54494 -0.83848 0
vn 0.73876 -0.67396 0
vn 0.73876 -0.67396 0
vn 0.88397 -0.46753 0
vn 0.88397 -0.46753 0
vn 0.95116 -0.30868 0
vn 0.95116 -0.30868 0
vn 0.97567 -0.21922 0
vn 0.97567 -0.21922 0
vn 0.99217 -0.12491 0
vn 0.99217 -0.12491 0
vn 0.99966 -0.02619 0
vn 0.99966 -0.02619 0
vn 0.98203 0.18873 0
vn 0.98203 0.18873 0
vn 0.86654 0.4991 0
vn 0.86654 0.4991 0
vn 0.65378 0.75669 0
vn 0.65378 0.75669 0
vn 0.36534 0.93087 0
vn 0.36534 0.93087 0
vn 0.15261 0.98829 0
vn 0.15261 0.98829 0
vn 0.05085 0.99871 0
vn 0.05085 0.99871 0
vn -0.00549 0.99998 0
vn -0.00549 0.99998 0
vn -0.01683 0.99986 0
vn -0.01683 0.99986 0
vn -0.03463 0.9994 0
vn -0.03463 0.9994 0
vn -0.05884 0.99827 0
vn -0.05884 0.99827 0
vn -0.08576 0.99632 0
vn -0.08576 0.99632 0
vn -0.11293 0.9936 0
vn -0.11293 0.9936 0
vn -0.13876 0.99033 0
vn -0.13876 0.99033 0
vn -0.16811 0.98577 0
vn -0.16811 0.98577 0
vn -0.20135 0.97952 0
vn -0.20135 0.97952 0
vn -0.23364 0.97232 0
vn -0.23364 0.97232 0
vn -0.26632 0.96389 0
vn -0.26632 0.96389 0
vn -0.30096 0.95364 0
vn -0.30096 0.95364 0
vn -0.33685 0.94156 0
vn -0.33685 0.94156 0
vn -0.37404 0.92741 0
vn -0.37404 0.92741 0
vn -0.41167 0.91133 0
vn -0.41167 0.91133 0
vn -0.45036 0.89285 0
vn -0.45036 0.89285 0
vn -0.48979 0.87184 0
vn -0.48979 0.87184 0
vn -0.52905 0.84859 0
vn -0.52905 0.84859 0
vn -0.56878 0.82249 0
vn -0.56878 0.82249 0
vn -0.61031 0.79216 0
vn -0.61031 0.79216 0
vn -0.65256 0.75774 0
vn -0.65256 0.75774 0
vn -0.69332 0.72063 0
vn -0.69332 0.72063 0
vn -0.73191 0.68141 0
vn -0.73191 0.68141 0
vn -0.76783 0.64065 0
vn -0.76783 0.64065 0
vn -0.79996 0.60006 0
vn -0.79996 0.60006 0
vn -0.83044 0.55712 0
vn -0.83044 0.55712 0
vn -0.85855 0.51273 0
vn -0.85855 0.51273 0
vn -0.88291 0.46953 0
vn -0.88291 0.46953 0
vn -0.90409 0.42734 0
vn -0.90409 0.42734 0
vn -0.92287 0.38512 0
vn -0.92287 0.38512 0
vn -0.93966 0.3421 0
vn -0.93966 0.3421 0
vn -0.95333 0.30192 0
vn -0.95333 0.30192 0
vn -0.96421 0.26515 0
vn -0.96421 0.26515 0
vn -0.9737 0.22782 0
vn -0.9737 0.22782 0
vn -0.97988 0.19957 0
vn -0.97988 0.19957 0
vn -0.98327 0.18216 0
vn -0.98327 0.18216 0
vn -0.98618 0.16568 0
vn -0.98618 0.16568 0
vn -0.98902 0.14775 0
vn -0.98902 0.14775 0
vn -0.99303 0.1179 0
vn -0.99303 0.1179 0
vn -0.99701 0.07725 0
vn -0.99701 0.07725 0
vn -0.99948 0.03219 0
vn -0.99948 0.03219 0
vn -0.99988 -0.01542 0
vn -0.99988 -0.01542 0
vn -0.99783 -0.06587 0
vn -0.99783 -0.06587 0
vn -0.99268 -0.12074 0
vn -0.99268 -0.12074 0
vn -0.9836 -0.18034 0
vn -0.9836 -0.18034 0
vn -0.97026 -0.24205 0
vn -0.97026 -0.24205 0
vn -0.95231 -0.30514 0
vn -0.95231 -0.30514 0
vn -0.92864 -0.37097 0
vn -0.92864 -0.37097 0
vn -0.89937 -0.43718 0
vn -0.89937 -0.43718 0
vn -0.86412 -0.50329 0
vn -0.86412 -0.50329 0
vn -0.82301 -0.56803 0
vn -0.82301 -0.56803 0
vn -0.77658 -0.63001 0
vn -0.77658 -0.63001 0
vn -0.72777 -0.68582 0
vn -0.72777 -0.68582 0
vn -0.67626 -0.73666 0
vn -0.67626 -0.73666 0
vn -0.62426 -0.78121 0
vn -0.62426 -0.78121 0
vn -0.57354 -0.81918 0
vn -0.57354 -0.81918 0
vn -0.52355 -0.852 0
vn -0.52355 -0.852 0
vn -0.47429 -0.88037 0
vn -0.47429 -0.88037 0
vn -0.42644 -0.90452 0
vn -0.42644 -0.90452 0
vn -0.37964 -0.92513 0
vn -0.37964 -0.92513 0
vn -0.33503 -0.94221 0
vn -0.33503 -0.94221 0
vn -0.29317 -0.95606 0
vn -0.29317 -0.95606 0
vn -0.25257 -0.96758 0
vn -0.25257 -0.96758 0
vn -0.21508 -0.9766 0
vn -0.21508 -0.9766 0
vn -0.17936 -0.98378 0
vn -0.17936 -0.98378 0
vn -0.14659 -0.9892 0
vn -0.14659 -0.9892 0
vn -0.11684 -0.99315 0
vn -0.11684 -0.99315 0
vn -0.0877 -0.99615 0
vn -0.0877 -0.99615 0
vn -0.06131 -0.99812 0
vn -0.06131 -0.99812 0
vn -0.03627 -0.99934 0
vn -0.03627 -0.99934 0
vn -0.01692 -0.99986 0
vn -0.01692 -0.99986 0
vn -0.00549 -0.99998 0
vn -0.00549 -0.99998 0
vn 0.04786 -0.99885 0
vn 0.04786 -0.99885 0
vn 0.14295 -0.98973 0
vn 0.01142 0.99993 0
vn 0.0479 0.99885 0
vn 0.0479 0.99885 0
vn 0.1021 0.99477 0
vn 0.1021 0.99477 0
vn 0.16404 0.98645 0
vn 0.16404 0.98645 0
vn 0.23436 0.97215 0
vn 0.23436 0.97215 0
vn 0.31383 0.94948 0
vn 0.31383 0.94948 0
vn 0.4027 0.91533 0
vn 0.4027 0.91533 0
vn 0.49903 0.86659 0
vn 0.49903 0.86659 0
vn 0.59935 0.80048 0
vn 0.59935 0.80048 0
vn 0.70217 0.71201 0
vn 0.70217 0.71201 0
vn 0.8006 0.5992 0
vn 0.8006 0.5992 0
vn 0.88229 0.47071 0
vn 0.88229 0.47071 0
vn 0.94101 0.33838 0
vn 0.94101 0.33838 0
vn 0.97759 0.2105 0
vn 0.97759 0.2105 0
vn 0.9956 0.09369 0
vn 0.9956 0.09369 0
vn 0.99996 -0.00889 0
vn 0.99996 -0.00889 0
vn 0.99526 -0.0972 0
vn 0.99526 -0.0972 0
vn 0.9878 -0.15572 0
vn 0.9878 -0.15572 0
vn 0.98158 -0.19106 0
vn 0.98158 -0.19106 0
vn 0.96929 -0.24594 0
vn 0.96929 -0.24594 0
vn 0.94622 -0.32353 0
vn 0.94622 -0.32353 0
vn 0.91386 -0.40603 0
vn 0.91386 -0.40603 0
vn 0.87083 -0.49158 0
vn 0.87083 -0.49158 0
vn 0.8161 -0.57791 0
vn 0.8161 -0.57791 0
vn 0.74971 -0.66176 0
vn 0.74971 -0.66176 0
vn 0.67293 -0.7397 0
vn 0.67293 -0.7397 0
vn 0.59044 -0.80708 0
vn 0.59044 -0.80708 0
vn 0.50945 -0.8605 0
vn 0.50945 -0.8605 0
vn 0.43139 -0.90216 0
vn 0.43139 -0.90216 0
vn 0.35543 -0.9347 0
vn 0.35543 -0.9347 0
vn 0.28351 -0.95897 0
vn 0.28351 -0.95897 0
vn 0.21652 -0.97628 0
vn 0.21652 -0.97628 0
vn 0.15484 -0.98794 0
vn 0.15484 -0.98794 0
vn 0.0983 -0.99516 0
vn 0.0983 -0.99516 0
vn 0.04689 -0.9989 0
vn 0.04689 -0.9989 0
vn 0.01133 -0.99994 0
vn 0.01133 -0.99994 0
vn -0.10216 -0.99477 0
vn -0.10216 -0.99477 0
vn -0.20325 -0.97913 0
vn -0.77189 -0.63576 0
vn -0.77189 -0.63576 0
vn -0.99972 -0.02362 0
vn -0.99716 0.07536 0
vn -0.99716 0.07536 0
vn -0.96449 0.2641 0
vn -0.96449 0.2641 0
vn -0.81785 0.57543 0
vn -0.81785 0.57543 0
vn -0.43304 0.90137 0
vn -0.43304 0.90137 0
vn -0.09541 0.99544 0
vn -0.09541 0.99544 0
vn -0.05693 0.99838 0
vn -0.05693 0.99838 0
vn -0.26629 0.96389 0
vn -0.26629 0.96389 0
vn -0.58867 0.80838 0
vn -0.58867 0.80838 0
vn -0.85911 0.51179 0
vn -0.85911 0.51179 0
vn -0.96742 0.25318 0
vn -0.96742 0.25318 0
vn -0.99643 0.08448 0
vn -0.99643 0.08448 0
vn -0.96443 -0.26433 0
vn -0.96443 -0.26433 0
vn -0.68777 -0.72593 0
vn -0.68777 -0.72593 0
vn -0.29052 -0.95687 0
vn -0.29052 -0.95687 0
vn -0.0569 -0.99838 0
vn -0.0569 -0.99838 0
vn -0.10216 -0.99477 0
vn -0.10216 -0.99477 0
vn -0.20325 -0.97913 0
vn -0.77153 -0.63619 0
vn -0.77153 -0.63619 0
vn -0.99972 -0.02362 0
vn -0.99716 0.07538 0
vn -0.99716 0.07538 0
vn -0.96451 0.26403 0
vn -0.96451 0.26403 0
vn -0.81777 0.57554 0
vn -0.81777 0.57554 0
vn -0.43283 0.90147 0
vn -0.43283 0.90147 0
vn -0.09541 0.99544 0
vn -0.09541 0.99544 0
vn 0.01142 0.99993 0
vn 0.14295 -0.98973 0
vn 0.31384 -0.94948 0
vn 0.31384 -0.94948 0
vn 0.54446 -0.83879 0
vn 0.54446 -0.83879 0
vn 0.73853 -0.67422 0
vn 0.73853 -0.67422 0
vn 0.88396 -0.46756 0
vn 0.88396 -0.46756 0
vn 0.95134 -0.30815 0
vn 0.95134 -0.30815 0
vn 0.97577 -0.2188 0
vn 0.97577 -0.2188 0
vn 0.99217 -0.1249 0
vn 0.99217 -0.1249 0
vn 0.99966 -0.02614 0
vn 0.99966 -0.02614 0
vn 0.98199 0.18895 0
vn 0.98199 0.18895 0
vn 0.86629 0.49954 0
vn 0.86629 0.49954 0
vn 0.65347 0.75695 0
vn 0.65347 0.75695 0
vn 0.36522 0.93092 0
vn 0.36522 0.93092 0
vn 0.15261 0.98829 0
vn 0.15261 0.98829 0
vn 0.05085 0.99871 0
vn 0.05085 0.99871 0
vn 0 1 0
vn 0.1901 -0.98176 0
vn 0.31423 -0.94935 0
vn 0.31423 -0.94935 0
vn 0.54494 -0.83848 0
vn 0.54494 -0.83848 0
vn 0.73876 -0.67396 0
vn 0.73876 -0.67396 0
vn 0.88397 -0.46753 0
vn 0.88397 -0.46753 0
vn 0.95111 -0.30885 0
vn 0.95111 -0.30885 0
vn 0.97563 -0.21941 0
vn 0.97563 -0.21941 0
vn 0.99218 -0.12483 0
vn 0.99218 -0.12483 0
vn 0.99966 -0.02608 0
vn 0.99966 -0.02608 0
vn 0.98198 0.18898 0
vn 0.98198 0.18898 0
vn 0.8664 0.49936 0
vn 0.8664 0.49936 0
vn 0.65387 0.75661 0
vn 0.65387 0.75661 0
vn 0.51727 0.85582 0
vn 0 -1 0
vn 0.04792 -0.99885 0
vn 0.04792 -0.99885 0
vn 0.14296 -0.98973 0
vn 0.14296 -0.98973 0
vn 0.3138 -0.94949 0
vn 0.3138 -0.94949 0
vn 0.54463 -0.83868 0
vn 0.54463 -0.83868 0
vn 0.7387 -0.67403 0
vn 0.7387 -0.67403 0
vn 0.88399 -0.46751 0
vn 0.88399 -0.46751 0
vn 0.95134 -0.30815 0
vn 0.95134 -0.30815 0
vn 0.97577 -0.2188 0
vn 0.97577 -0.2188 0
vn 0.99217 -0.1249 0
vn 0.99217 -0.1249 0
vn 0.99966 -0.02614 0
vn 0.99966 -0.02614 0
vn 0.98203 0.18873 0
vn 0.98203 0.18873 0
vn 0.86654 0.4991 0
vn 0.86654 0.4991 0
vn 0.65378 0.75669 0
vn 0.65378 0.75669 0
vn 0.36534 0.93087 0
vn 0.36534 0.93087 0
vn 0.15261 0.98829 0
vn 0.15261 0.98829 0
vn 0.05085 0.99871 0
vn 0.05085 0.99871 0
vn -0.04786 0.99885 0
vn -0.04786 0.99885 0
vn -0.14295 0.98973 0
vn -0.14295 0.98973 0
vn -0.31384 0.94948 0
vn -0.31384 0.94948 0
vn -0.54446 0.83879 0
vn -0.54446 0.83879 0
vn -0.73853 0.67422 0
vn -0.73853 0.67422 0
vn -0.88396 0.46756 0
vn -0.88396 0.46756 0
vn -0.95134 0.30815 0
vn -0.95134 0.30815 0
vn -0.97577 0.21879 0
vn -0.97577 0.21879 0
vn -0.99217 0.12489 0
vn -0.99217 0.12489 0
vn -0.99966 0.02614 0
vn -0.99966 0.02614 0
vn -0.98199 -0.18895 0
vn -0.98199 -0.18895 0
vn -0.86629 -0.49954 0
vn -0.86629 -0.49954 0
vn -0.65347 -0.75695 0
vn -0.65347 -0.75695 0
vn -0.36522 -0.93092 0
vn -0.36522 -0.93092 0
vn -0.15261 -0.98829 0
vn -0.15261 -0.98829 0
vn -0.05085 -0.99871 0
vn -0.05085 -0.99871 0
vn 0.04786 -0.99885 0
vn 0.04786 -0.99885 0
vn 0.14295 -0.98973 0
vn 0.10216 0.99477 0
vn 0.20325 0.97913 0
vn 0.77153 0.63619 0
vn 0.77153 0.63619 0
vn 0.99972 0.02362 0
vn 0.99715 -0.07539 0
vn 0.99715 -0.07539 0
vn 0.96451 -0.26404 0
vn 0.96451 -0.26404 0
vn 0.81777 -0.57554 0
vn 0.81777 -0.57554 0
vn 0.43283 -0.90147 0
vn 0.43283 -0.90147 0
vn 0.09541 -0.99544 0
vn 0.09541 -0.99544 0
vn -0.10216 -0.99477 0
vn -0.10216 -0.99477 0
vn -0.20325 -0.97913 0
vn -0.77189 -0.63576 0
vn -0.77189 -0.63576 0
vn -0.99972 -0.02362 0
vn -0.99715 0.0754 0
vn -0.99715 0.0754 0
vn -0.96451 0.26405 0
vn -0.96451 0.26405 0
vn -0.81789 0.57538 0
vn -0.81789 0.57538 0
vn -0.43296 0.90141 0
vn -0.43296 0.90141 0
vn -0.09536 0.99544 0
vn -0.09536 0.99544 0
vn 0 1 0
vn -0.9848 0.17368 0
vn -0.9848 0.17368 0
vn 0 -1 0
vn -0.10216 -0.99477 0
vn -0.10216 -0.99477 0
vn -0.20325 -0.97913 0
vn -0.77183 -0.63583 0
vn -0.77183 -0.63583 0
vn -0.99972 -0.02363 0
vn -0.99716 0.07537 0
vn -0.99716 0.07537 0
vn -0.96449 0.26412 0
vn -0.96449 0.26412 0
vn -0.81785 0.57543 0
vn -0.81785 0.57543 0
vn -0.43304 0.90137 0
vn -0.43304 0.90137 0
vn -0.09541 0.99544 0
vn -0.09541 0.99544 0
vn 0 1 0
vn -0.98483 0.17354 0
vn -0.98483 0.17354 0
vn 0 -1 0
vn -0.10216 -0.99477 0
vn -0.10216 -0.99477 0
vn -0.20325 -0.97913 0
vn -0.77153 -0.63619 0
vn -0.77153 -0.63619 0
vn -0.99972 -0.02362 0
vn -0.99715 0.0754 0
vn -0.99715 0.0754 0
vn -0.96451 0.26405 0
vn -0.96451 0.26405 0
vn -0.81777 0.57554 0
vn -0.81777 0.57554 0
vn -0.43283 0.90147 0
vn -0.43283 0.90147 0
vn -0.09541 0.99544 0
vn -0.09541 0.99544 0
vn 0.10216 0.99477 0
vn 0.3629 -0.93183 0
vn 0.71978 -0.69421 0
vn 0.71978 -0.69421 0
vn 0.91165 -0.41098 0
vn 0.91165 -0.41098 0
vn 0.9731 -0.23039 0
vn 0.9731 -0.23039 0
vn 0.99349 -0.11394 0
vn 0.99349 -0.11394 0
vn 0.99449 0.1048 0
vn 0.99449 0.1048 0
vn 0.8496 0.52742 0
vn 0.8496 0.52742 0
vn 0.42671 0.90439 0
vn 0.42671 0.90439 0
vn 0.07904 0.99687 0
vn 0.07904 0.99687 0
vn 0 1 0
vn -0.98481 0.17363 0
vn -0.98481 0.17363 0
vn 0 -1 0
vn 0.07489 -0.99719 0
vn 0.07489 -0.99719 0
vn 0.3629 -0.93183 0
vn 0.98484 -0.17347 0
vn 0.98484 -0.17347 0
vn 0 -1 0
vn 0 -1 0
vn -0.98478 0.17381 0
vn -0.97314 0.23023 0
vn -0.97314 0.23023 0
vn -0.91054 0.41343 0
vn -0.91054 0.41343 0
vn -0.84593 0.5333 0
vn -0.14968 0.98873 0
vn -0.07505 0.99718 0
vn -0.07505 0.99718 0
vn 0 1 0
vn 0.14296 -0.98973 0
vn 0.31369 -0.94953 0
vn 0.31369 -0.94953 0
vn 0.54437 -0.83885 0
vn 0.54437 -0.83885 0
vn 0.73853 -0.67422 0
vn 0.73853 -0.67422 0
vn 0.88396 -0.46756 0
vn 0.88396 -0.46756 0
vn 0.95134 -0.30815 0
vn 0.95134 -0.30815 0
vn 0.97577 -0.21878 0
vn 0.97577 -0.21878 0
vn 0.98481 -0.17363 0
vn 0 -1 0
vn 0 -1 0
vn -0.98481 0.17364 0
vn -0.99217 0.12488 0
vn -0.99217 0.12488 0
vn -0.99966 0.02614 0
vn -0.99966 0.02614 0
vn -0.98199 -0.18895 0
vn -0.98199 -0.18895 0
vn -0.86629 -0.49954 0
vn -0.86629 -0.49954 0
vn -0.65347 -0.75695 0
vn -0.65347 -0.75695 0
vn -0.36522 -0.93092 0
vn -0.36522 -0.93092 0
vn -0.15261 -0.98829 0
vn -0.15261 -0.98829 0
vn -0.05085 -0.99871 0
vn -0.05085 -0.99871 0
vn 0.04792 -0.99885 0
vn 0.04792 -0.99885 0
vn 0.14296 -0.98973 0
vn 0.14296 -0.98973 0
vn 0.31369 -0.94953 0
vn 0.31369 -0.94953 0
vn 0.54437 -0.83885 0
vn 0.54437 -0.83885 0
vn 0.73853 -0.67422 0
vn 0.73853 -0.67422 0
vn 0.88396 -0.46756 0
vn 0.88396 -0.46756 0
vn 0.95139 -0.30798 0
vn 0.95139 -0.30798 0
vn 0.97582 -0.21859 0
vn 0.97582 -0.21859 0
vn 0.98683 -0.16179 0
vn 0.98683 -0.16179 0
vn 0.99079 -0.13541 0
vn 0.99079 -0.13541 0
vn 0.99595 -0.08995 0
vn 0.99595 -0.08995 0
vn 0.99959 -0.02848 0
vn 0.99959 -0.02848 0
vn 0.99926 0.03841 0
vn 0.99926 0.03841 0
vn 0.99373 0.11182 0
vn 0.99373 0.11182 0
vn 0.98156 0.19115 0
vn 0.98156 0.19115 0
vn 0.96171 0.27408 0
vn 0.96171 0.27408 0
vn 0.93349 0.3586 0
vn 0.93349 0.3586 0
vn 0.89566 0.44475 0
vn 0.89566 0.44475 0
vn 0.84984 0.52705 0
vn 0.84984 0.52705 0
vn 0.79685 0.60417 0
vn 0.79685 0.60417 0
vn 0.73694 0.67596 0
vn 0.73694 0.67596 0
vn 0.67018 0.7422 0
vn 0.67018 0.7422 0
vn 0.63442 0.77299 0
vn 0.79892 -0.60144 0
vn 0.8228 -0.56833 0
vn 0.8228 -0.56833 0
vn 0.86728 -0.49782 0
vn 0.86728 -0.49782 0
vn 0.89932 -0.43728 0
vn 0.89932 -0.43728 0
vn 0.92 -0.39191 0
vn 0.92 -0.39191 0
vn 0.93683 -0.34978 0
vn 0.93683 -0.34978 0
vn 0.95155 -0.30749 0
vn 0.95155 -0.30749 0
vn 0.96393 -0.26616 0
vn 0.96393 -0.26616 0
vn 0.97369 -0.22788 0
vn 0.97369 -0.22788 0
vn 0.97999 -0.19903 0
vn 0.97999 -0.19903 0
vn 0.98339 -0.18151 0
vn 0.98339 -0.18151 0
vn 0.98644 -0.1641 0
vn 0.98644 -0.1641 0
vn 0.9899 -0.1418 0
vn 0.9899 -0.1418 0
vn 0.9946 -0.10374 0
vn 0.9946 -0.10374 0
vn 0.9986 -0.05286 0
vn 0.9986 -0.05286 0
vn 1 0.0023 0
vn 1 0.0023 0
vn 0.99813 0.06112 0
vn 0.99813 0.06112 0
vn 0.99235 0.12344 0
vn 0.99235 0.12344 0
vn 0.98198 0.18899 0
vn 0.98198 0.18899 0
vn 0.96456 0.26385 0
vn 0.96456 0.26385 0
vn 0.93796 0.34675 0
vn 0.93796 0.34675 0
vn 0.9004 0.43506 0
vn 0.9004 0.43506 0
vn 0.84939 0.52776 0
vn 0.84939 0.52776 0
vn 0.7896 0.61362 0
vn 0.7896 0.61362 0
vn 0.72245 0.69142 0
vn 0.72245 0.69142 0
vn 0.65183 0.75837 0
vn 0.65183 0.75837 0
vn 0.57938 0.81506 0
vn 0.57938 0.81506 0
vn 0.51079 0.8597 0
vn 0.51079 0.8597 0
vn 0.44756 0.89425 0
vn 0.44756 0.89425 0
vn 0.38949 0.92103 0
vn 0.38949 0.92103 0
vn 0.33702 0.9415 0
vn 0.33702 0.9415 0
vn 0.28711 0.9579 0
vn 0.28711 0.9579 0
vn 0.24237 0.97018 0
vn 0.24237 0.97018 0
vn 0.20219 0.97935 0
vn 0.20219 0.97935 0
vn 0.16407 0.98645 0
vn 0.16407 0.98645 0
vn 0.1293 0.99161 0
vn 0.1293 0.99161 0
vn 0.09657 0.99533 0
vn 0.09657 0.99533 0
vn 0.06455 0.99791 0
vn 0.06455 0.99791 0
vn 0.03727 0.99931 0
vn 0.03727 0.99931 0
vn 0.01733 0.99985 0
vn 0.01733 0.99985 0
vn 0.00515 0.99999 0
vn 0.00515 0.99999 0
vn -0.04786 0.99885 0
vn -0.04786 0.99885 0
vn -0.14295 0.98973 0
vn -0.14295 0.98973 0
vn -0.31384 0.94948 0
vn -0.31384 0.94948 0
vn -0.54446 0.83879 0
vn -0.54446 0.83879 0
vn -0.73853 0.67422 0
vn -0.73853 0.67422 0
vn -0.88396 0.46756 0
vn -0.88396 0.46756 0
vn -0.95134 0.30815 0
vn -0.95134 0.30815 0
vn -0.97577 0.21878 0
vn -0.97577 0.21878 0
vn -0.99217 0.12489 0
vn -0.99217 0.12489 0
vn -0.99966 0.02614 0
vn -0.99966 0.02614 0
vn -0.98203 -0.18873 0
vn -0.98203 -0.18873 0
vn -0.86654 -0.4991 0
vn -0.86654 -0.4991 0
vn -0.65378 -0.75669 0
vn -0.65378 -0.75669 0
vn -0.36534 -0.93087 0
vn -0.36534 -0.93087 0
vn -0.15261 -0.98829 0
vn -0.15261 -0.98829 0
vn -0.05085 -0.99871 0
vn -0.05085 -0.99871 0
vn 0.04792 -0.99885 0
vn 0.04792 -0.99885 0
vn 0.14296 -0.98973 0
vn 0.10216 0.99477 0
vn 0.20325 0.97913 0
vn 0.77189 0.63576 0
vn 0.77189 0.63576 0
vn 0.99972 0.02362 0
vn 0.99715 -0.07538 0
vn 0.99715 -0.07538 0
vn 0.96451 -0.26403 0
vn 0.96451 -0.26403 0
vn 0.81777 -0.57554 0
vn 0.81777 -0.57554 0
vn 0.43283 -0.90147 0
vn 0.43283 -0.90147 0
vn 0.09541 -0.99544 0
vn 0.09541 -0.99544 0
vn -0.01218 -0.99993 0
vn -0.01218 -0.99993 0
vn -0.05166 -0.99866 0
vn -0.05166 -0.99866 0
vn -0.11171 -0.99374 0
vn -0.11171 -0.99374 0
vn -0.18262 -0.98318 0
vn -0.18262 -0.98318 0
vn -0.2656 -0.96408 0
vn -0.2656 -0.96408 0
vn -0.36307 -0.93176 0
vn -0.36307 -0.93176 0
vn -0.47939 -0.8776 0
vn -0.47939 -0.8776 0
vn -0.61632 -0.7875 0
vn -0.61632 -0.7875 0
vn -0.75712 -0.65327 0
vn -0.75712 -0.65327 0
vn -0.87603 -0.48225 0
vn -0.87603 -0.48225 0
vn -0.95225 -0.30531 0
vn -0.95225 -0.30531 0
vn -0.98773 -0.15616 0
vn -0.98773 -0.15616 0
vn -0.9995 -0.03155 0
vn -0.9995 -0.03155 0
vn -0.99693 0.07826 0
vn -0.99693 0.07826 0
vn -0.98848 0.15137 0
vn -0.98848 0.15137 0
vn -0.98155 0.19119 0
vn -0.98155 0.19119 0
vn -0.96898 0.24714 0
vn -0.96898 0.24714 0
vn -0.94474 0.32783 0
vn -0.94474 0.32783 0
vn -0.90953 0.41565 0
vn -0.90953 0.41565 0
vn -0.84588 0.53338 0
vn -0.84588 0.53338 0
vn -0.72399 0.68981 0
vn -0.72399 0.68981 0
vn -0.55497 0.83187 0
vn -0.55497 0.83187 0
vn -0.46325 0.88623 0
vn -0.17693 -0.98422 0
vn -0.2507 -0.96806 0
vn -0.2507 -0.96806 0
vn -0.40355 -0.91496 0
vn -0.40355 -0.91496 0
vn -0.56004 -0.82847 0
vn -0.56004 -0.82847 0
vn -0.70414 -0.71006 0
vn -0.70414 -0.71006 0
vn -0.82434 -0.5661 0
vn -0.82434 -0.5661 0
vn -0.91551 -0.4023 0
vn -0.91551 -0.4023 0
vn -0.97261 -0.23245 0
vn -0.97261 -0.23245 0
vn -0.99714 -0.07559 0
vn -0.99714 -0.07559 0
vn -0.99823 0.05953 0
vn -0.99823 0.05953 0
vn -0.98909 0.14729 0
vn -0.98909 0.14729 0
vn -0.96452 0.26402 0
vn -0.96452 0.26402 0
vn -0.81777 0.57554 0
vn -0.81777 0.57554 0
vn -0.43279 0.9015 0
vn -0.43279 0.9015 0
vn -0.09536 0.99544 0
vn -0.09536 0.99544 0
vn 0.10216 0.99477 0
vn 0.10216 0.99477 0
vn 0.20325 0.97913 0
vn 0.77153 0.63619 0
vn 0.77153 0.63619 0
vn 0.99972 0.02362 0
vn 0.99715 -0.07538 0
vn 0.99715 -0.07538 0
vn 0.99261 -0.12136 0
vn 0.99261 -0.12136 0
vn 0.99355 0.11338 0
vn 0.99355 0.11338 0
vn 0.9565 0.29174 0
vn 0.58864 0.80839 0
vn 0.37632 0.92649 0
vn 0.37632 0.92649 0
vn 0.07107 0.99747 0
vn 0.07107 0.99747 0
vn 0 1 0
vn -0.98481 0.17365 0
vn -0.96451 0.26404 0
vn -0.96451 0.26404 0
vn -0.81777 0.57554 0
vn -0.81777 0.57554 0
vn -0.43279 0.9015 0
vn -0.43279 0.9015 0
vn -0.09536 0.99544 0
vn -0.09536 0.99544 0
vn 0.10216 0.99477 0
vn 0.43289 -0.90145 0
vn 0.81788 -0.5754 0
vn 0.81788 -0.5754 0
vn 0.96451 -0.26406 0
vn 0.96451 -0.26406 0
vn 0.98481 -0.17365 0
vn -0.93939 -0.34284 0
vn -0.90572 -0.42389 0
vn -0.90572 -0.42389 0
vn -0.73098 -0.6824 0
vn -0.73098 -0.6824 0
vn -0.37089 -0.92868 0
vn -0.37089 -0.92868 0
vn -0.08275 -0.99657 0
vn -0.08275 -0.99657 0
vn 0.07823 -0.99694 0
vn 0.07823 -0.99694 0
vn 0.32222 -0.94667 0
vn 0.32222 -0.94667 0
vn 0.61303 -0.79006 0
vn 0.61303 -0.79006 0
vn 0.77348 -0.63382 0
vn 0.77348 -0.63382 0
vn 0.81245 -0.58303 0
vn -0.98481 0.17365 0
vn -0.99716 0.07536 0
vn -0.99716 0.07536 0
vn -0.99972 -0.02367 0
vn -0.77188 -0.63577 0
vn -0.77188 -0.63577 0
vn -0.20299 -0.97918 0
vn -0.10203 -0.99478 0
vn -0.10203 -0.99478 0
vn 0.09527 -0.99545 0
vn 0.09527 -0.99545 0
vn 0.43289 -0.90145 0
vn 0.43289 -0.90145 0
vn 0.81788 -0.5754 0
vn 0.81788 -0.5754 0
vn 0.96451 -0.26406 0
vn 0.96451 -0.26406 0
vn 0.99716 -0.07536 0
vn 0.99716 -0.07536 0
vn 0.99972 0.02367 0
vn 0.77188 0.63577 0
vn 0.77188 0.63577 0
vn 0.20299 0.97918 0
vn 0.10203 0.99478 0
vn 0.10203 0.99478 0
vn -0.08658 0.99624 0
vn -0.08658 0.99624 0
vn -0.34413 0.93892 0
vn -0.34413 0.93892 0
vn -0.62954 0.77697 0
vn -0.62954 0.77697 0
vn -0.77641 0.63023 0
vn -0.77641 0.63023 0
vn -0.80099 0.59867 0
vn -0.80099 0.59867 0
vn -0.76521 0.64378 0
vn -0.76521 0.64378 0
vn -0.64523 0.76399 0
vn -0.64523 0.76399 0
vn -0.36665 0.93036 0
vn -0.36665 0.93036 0
vn -0.08899 0.99603 0
vn -0.08899 0.99603 0
vn 0.09487 0.99549 0
vn 0.09487 0.99549 0
vn 0.42834 0.90362 0
vn 0.42834 0.90362 0
vn 0.7689 0.63937 0
vn 0.7689 0.63937 0
vn 0.8983 0.43939 0
vn 0.8983 0.43939 0
vn 0.92913 0.36976 0
vn 0.92913 0.36976 0
vn 0.90735 0.42037 0
vn 0.90735 0.42037 0
vn 0.75051 0.66086 0
vn 0.75051 0.66086 0
vn 0.39844 0.9172 0
vn 0.39844 0.9172 0
vn 0.09214 0.99575 0
vn 0.09214 0.99575 0
vn -0.09527 0.99545 0
vn -0.09527 0.99545 0
vn -0.43289 0.90145 0
vn -0.43289 0.90145 0
vn -0.81788 0.5754 0
vn -0.81788 0.5754 0
vn -0.96451 0.26406 0
vn -0.96451 0.26406 0
vn -0.99716 0.07536 0
vn -0.99716 0.07536 0
vn -0.99972 -0.02367 0
vn -0.77188 -0.63577 0
vn -0.77188 -0.63577 0
vn -0.20299 -0.97918 0
vn -0.10203 -0.99478 0
vn -0.10203 -0.99478 0
vn 0.09527 -0.99545 0
vn 0.09527 -0.99545 0
vn 0.43289 -0.90145 0
vn 0.43289 -0.90145 0
vn 0.81788 -0.5754 0
vn 0.81788 -0.5754 0
vn 0.96451 -0.26406 0
vn 0.96451 -0.26406 0
vn 0.99716 -0.07536 0
vn 0.99716 -0.07536 0
vn 0.99972 0.02367 0
vn 0.77188 0.63577 0
vn 0.77188 0.63577 0
vn 0.20299 0.97918 0
vn 0.10203 0.99478 0
vn 0.10203 0.99478 0
vn 0 1 0
vn 0.98481 -0.17365 0
vn 0.98481 -0.17365 0
vn 0 -1 0
vn 0.09527 -0.99545 0
vn 0.09527 -0.99545 0
vn 0.43289 -0.90145 0
vn 0.43289 -0.90145 0
vn 0.81788 -0.5754 0
vn 0.81788 -0.5754 0
vn 0.96451 -0.26406 0
vn 0.96451 -0.26406 0
vn 0.99716 -0.07536 0
vn 0.99716 -0.07536 0
vn 0.99972 0.02367 0
vn 0.77188 0.63577 0
vn 0.77188 0.63577 0
vn 0.20299 0.97918 0
vn 0.10203 0.99478 0
vn 0.10203 0.99478 0
vn 0 1 0
vn 0.98481 -0.17365 0
vn 0.98481 -0.17365 0
vn 0 -1 0
vn 0.09527 -0.99545 0
vn 0.09527 -0.99545 0
vn 0.43289 -0.90145 0
vn 0.43289 -0.90145 0
vn 0.81788 -0.5754 0
vn 0.81788 -0.5754 0
vn 0.96451 -0.26406 0
vn 0.96451 -0.26406 0
vn 0.99716 -0.07536 0
vn 0.99716 -0.07536 0
vn 0.99972 0.02367 0
vn 0.77188 0.63577 0
vn 0.77188 0.63577 0
vn 0.20299 0.97918 0
vn 0.10203 0.99478 0
vn 0.10203 0.99478 0
vn -0.09527 0.99545 0
vn -0.09527 0.99545 0
vn -0.43289 0.90145 0
vn -0.43289 0.90145 0
vn -0.81788 0.5754 0
vn -0.81788 0.5754 0
vn -0.96451 0.26406 0
vn -0.96451 0.26406 0
vn -0.99716 0.07536 0
vn -0.99716 0.07536 0
vn -0.99972 -0.02367 0
vn -0.77188 -0.63577 0
vn -0.77188 -0.63577 0
vn -0.20299 -0.97918 0
vn -0.10203 -0.99478 0
vn -0.10203 -0.99478 0
vn 0.09527 -0.99545 0
vn 0.09527 -0.99545 0
vn 0.43289 -0.90145 0
vn 0.43289 -0.90145 0
vn 0.81788 -0.5754 0
vn 0.81788 -0.5754 0
vn 0.96451 -0.26406 0
vn 0.96451 -0.26406 0
vn 0.99716 -0.07536 0
vn 0.99716 -0.07536 0
vn 0.99972 0.02367 0
vn 0.77188 0.63577 0
vn 0.77188 0.63577 0
vn 0.20299 0.97918 0
vn 0.10203 0.99478 0
vn 0.10203 0.99478 0
vn -0.09527 0.99545 0
vn -0.09527 0.99545 0
vn -0.43289 0.90145 0
vn -0.43289 0.90145 0
vn -0.81788 0.5754 0
vn -0.81788 0.5754 0
vn -0.96451 0.26406 0
vn -0.96451 0.26406 0
vn -0.98481 0.17365 0
vn 0 1 0
vn 0 1 0
vn 0.98481 -0.17365 0
vn 0.99716 -0.07536 0
vn 0.99716 -0.07536 0
vn 0.99972 0.02367 0
vn 0.77188 0.63577 0
vn 0.77188 0.63577 0
vn 0.20299 0.97918 0
vn 0.10203 0.99478 0
vn 0.10203 0.99478 0
vn -0.09527 0.99545 0
vn -0.09527 0.99545 0
vn -0.43289 0.90145 0
vn -0.43289 0.90145 0
vn -0.81788 0.5754 0
vn -0.81788 0.5754 0
vn -0.96451 0.26406 0
vn -0.96451 0.26406 0
vn -0.99716 0.07536 0
vn -0.99716 0.07536 0
vn -0.99972 -0.02367 0
vn -0.77188 -0.63577 0
vn -0.77188 -0.63577 0
vn -0.20299 -0.97918 0
vn -0.10203 -0.99478 0
vn -0.10203 -0.99478 0
vn 0.09527 -0.99545 0
vn 0.09527 -0.99545 0
vn 0.43289 -0.90145 0
vn 0.99521 -0.0978 0
vn 0.99991 -0.01349 0
vn 0.99991 -0.01349 0
vn 0.99679 0.08007 0
vn 0.99679 0.08007 0
vn 0.98098 0.1941 0
vn 0.98098 0.1941 0
vn 0.94135 0.33744 0
vn 0.94135 0.33744 0
vn 0.87271 0.48824 0
vn 0.87271 0.48824 0
vn 0.78242 0.62275 0
vn 0.78242 0.62275 0
vn 0.68035 0.73288 0
vn 0.68035 0.73288 0
vn 0.57738 0.81648 0
vn 0.57738 0.81648 0
vn 0.4809 0.87678 0
vn 0.4809 0.87678 0
vn 0.39416 0.91904 0
vn 0.39416 0.91904 0
vn 0.3181 0.94806 0
vn 0.3181 0.94806 0
vn 0.25369 0.96729 0
vn 0.25369 0.96729 0
vn 0.20076 0.97964 0
vn 0.20076 0.97964 0
vn 0.15596 0.98776 0
vn 0.15596 0.98776 0
vn 0.11668 0.99317 0
vn 0.11668 0.99317 0
vn 0.08212 0.99662 0
vn 0.08212 0.99662 0
vn 0.05158 0.99867 0
vn 0.05158 0.99867 0
vn 0.02448 0.9997 0
vn 0.02448 0.9997 0
vn 0.00002 1 0
vn 0.00002 1 0
vn -0.02422 0.99971 0
vn -0.02422 0.99971 0
vn -0.0506 0.99872 0
vn -0.0506 0.99872 0
vn -0.07973 0.99682 0
vn -0.07973 0.99682 0
vn -0.11199 0.99371 0
vn -0.11199 0.99371 0
vn -0.14779 0.98902 0
vn -0.14779 0.98902 0
vn -0.18757 0.98225 0
vn -0.18757 0.98225 0
vn -0.23322 0.97242 0
vn -0.23322 0.97242 0
vn -0.28709 0.9579 0
vn -0.28709 0.9579 0
vn -0.34877 0.93721 0
vn -0.34877 0.93721 0
vn -0.41725 0.90879 0
vn -0.41725 0.90879 0
vn -0.49227 0.87044 0
vn -0.49227 0.87044 0
vn -0.57259 0.81984 0
vn -0.57259 0.81984 0
vn -0.65526 0.7554 0
vn -0.65526 0.7554 0
vn -0.73626 0.6767 0
vn -0.73626 0.6767 0
vn -0.81132 0.58461 0
vn -0.81132 0.58461 0
vn -0.8721 0.48933 0
vn -0.8721 0.48933 0
vn -0.91474 0.40405 0
vn -0.91474 0.40405 0
vn -0.94547 0.32572 0
vn -0.94547 0.32572 0
vn -0.9686 0.24863 0
vn -0.9686 0.24863 0
vn -0.98138 0.19208 0
vn -0.98138 0.19208 0
vn -0.98793 0.1549 0
vn -0.98793 0.1549 0
vn -0.99548 0.09495 0
vn -0.99548 0.09495 0
vn -0.99997 0.00747 0
vn -0.99997 0.00747 0
vn -0.99599 -0.08944 0
vn -0.99599 -0.08944 0
vn -0.97875 -0.20507 0
vn -0.97875 -0.20507 0
vn -0.93811 -0.34634 0
vn -0.93811 -0.34634 0
vn -0.8698 -0.4934 0
vn -0.8698 -0.4934 0
vn -0.78076 -0.62483 0
vn -0.78076 -0.62483 0
vn -0.67953 -0.73365 0
vn -0.67953 -0.73365 0
vn -0.57564 -0.81771 0
vn -0.57564 -0.81771 0
vn -0.47728 -0.87875 0
vn -0.47728 -0.87875 0
vn -0.38878 -0.92133 0
vn -0.38878 -0.92133 0
vn -0.31118 -0.95035 0
vn -0.31118 -0.95035 0
vn -0.24618 -0.96923 0
vn -0.24618 -0.96923 0
vn -0.19411 -0.98098 0
vn -0.19411 -0.98098 0
vn -0.15075 -0.98857 0
vn -0.15075 -0.98857 0
vn -0.11276 -0.99362 0
vn -0.11276 -0.99362 0
vn -0.07936 -0.99685 0
vn -0.07936 -0.99685 0
vn -0.04985 -0.99876 0
vn -0.04985 -0.99876 0
vn -0.02366 -0.99972 0
vn -0.02366 -0.99972 0
vn -0.00002 -1 0
vn -0.00002 -1 0
vn 0.02341 -0.99973 0
vn 0.02341 -0.99973 0
vn 0.04893 -0.9988 0
vn 0.04893 -0.9988 0
vn 0.07713 -0.99702 0
vn 0.07713 -0.99702 0
vn 0.10838 -0.99411 0
vn 0.10838 -0.99411 0
vn 0.1431 -0.98971 0
vn 0.1431 -0.98971 0
vn 0.18173 -0.98335 0
vn 0.18173 -0.98335 0
vn 0.22681 -0.97394 0
vn 0.22681 -0.97394 0
vn 0.28136 -0.9596 0
vn 0.28136 -0.9596 0
vn 0.34445 -0.93881 0
vn 0.34445 -0.93881 0
vn 0.41441 -0.91009 0
vn 0.41441 -0.91009 0
vn 0.4909 -0.87121 0
vn 0.4909 -0.87121 0
vn 0.57261 -0.81983 0
vn 0.57261 -0.81983 0
vn 0.65669 -0.75416 0
vn 0.65669 -0.75416 0
vn 0.73914 -0.67355 0
vn 0.73914 -0.67355 0
vn 0.81547 -0.5788 0
vn 0.81547 -0.5788 0
vn 0.87643 -0.48153 0
vn 0.87643 -0.48153 0
vn 0.91791 -0.3968 0
vn 0.91791 -0.3968 0
vn 0.94719 -0.32066 0
vn 0.94719 -0.32066 0
vn 0.96926 -0.24604 0
vn 0.96926 -0.24604 0
vn 0.98151 -0.19143 0
vn 0.98151 -0.19143 0
vn 0.98782 -0.15558 0
vn 0.98782 -0.15558 0
vn 0.99521 -0.0978 0
vn 0.8476 -0.53063 0
vn 0.60369 -0.79722 0
vn 0.60369 -0.79722 0
vn 0.35942 -0.93318 0
vn 0.35942 -0.93318 0
vn 0.18712 -0.98234 0
vn 0.18712 -0.98234 0
vn 0.07665 -0.99706 0
vn 0.07665 -0.99706 0
vn 0.00008 -1 0
vn 0.00008 -1 0
vn -0.07853 -0.99691 0
vn -0.07853 -0.99691 0
vn -0.20088 -0.97962 0
vn -0.20088 -0.97962 0
vn -0.41455 -0.91003 0
vn -0.41455 -0.91003 0
vn -0.72926 -0.68424 0
vn -0.72926 -0.68424 0
vn -0.96463 -0.26361 0
vn -0.96463 -0.26361 0
vn -0.9971 0.07604 0
vn -0.9971 0.07604 0
vn -0.96482 0.26291 0
vn -0.96482 0.26291 0
vn -0.8557 0.51747 0
vn -0.8557 0.51747 0
vn -0.62103 0.78378 0
vn -0.62103 0.78378 0
vn -0.37272 0.92794 0
vn -0.37272 0.92794 0
vn -0.19281 0.98124 0
vn -0.19281 0.98124 0
vn -0.07858 0.99691 0
vn -0.07858 0.99691 0
vn 0.00048 1 0
vn 0.00048 1 0
vn 0.08258 0.99658 0
vn 0.08258 0.99658 0
vn 0.20951 0.97781 0
vn 0.20951 0.97781 0
vn 0.42478 0.9053 0
vn 0.42478 0.9053 0
vn 0.7314 0.68195 0
vn 0.7314 0.68195 0
vn 0.96325 0.26861 0
vn 0.96325 0.26861 0
vn 0.99731 -0.07333 0
vn 0.99731 -0.07333 0
vn 0.96387 -0.26637 0
vn 0.96387 -0.26637 0
vn 0.8476 -0.53063 0
vn 0.43289 -0.90145 0
vn 0.81788 -0.5754 0
vn 0.81788 -0.5754 0
vn 0.96451 -0.26406 0
vn 0.96451 -0.26406 0
vn 0.98481 -0.17365 0
vn -0.83854 -0.54485 0
vn -0.83854 -0.54485 0
vn -0.98481 0.17365 0
vn -0.99716 0.07536 0
vn -0.99716 0.07536 0
vn -0.99972 -0.02367 0
vn -0.77188 -0.63577 0
vn -0.77188 -0.63577 0
vn -0.20299 -0.97918 0
vn -0.10203 -0.99478 0
vn -0.10203 -0.99478 0
vn 0.09527 -0.99545 0
vn 0.09527 -0.99545 0
vn 0.43289 -0.90145 0
vn 0.43289 -0.90145 0
vn 0.81788 -0.5754 0
vn 0.81788 -0.5754 0
vn 0.96451 -0.26406 0
vn 0.96451 -0.26406 0
vn 0.99716 -0.07536 0
vn 0.99716 -0.07536 0
vn 0.99972 0.02367 0
vn 0.77188 0.63577 0
vn 0.77188 0.63577 0
vn 0.20299 0.97918 0
vn 0.10203 0.99478 0
vn 0.10203 0.99478 0
vn -0.09527 0.99545 0
vn -0.09527 0.99545 0
vn -0.43289 0.90145 0
vn -0.43289 0.90145 0
vn -0.81788 0.5754 0
vn -0.81788 0.5754 0
vn -0.96451 0.26406 0
vn -0.96451 0.26406 0
vn -0.98481 0.17365 0
vn 0.82018 0.57211 0
vn 0.77609 0.63063 0
vn 0.77609 0.63063 0
vn 0.59601 0.80298 0
vn 0.59601 0.80298 0
vn 0.29421 0.95574 0
vn 0.29421 0.95574 0
vn 0.06763 0.99771 0
vn 0.06763 0.99771 0
vn -0.09527 0.99545 0
vn -0.09527 0.99545 0
vn -0.43289 0.90145 0
vn -0.43289 0.90145 0
vn -0.81788 0.5754 0
vn -0.81788 0.5754 0
vn -0.96451 0.26406 0
vn -0.96451 0.26406 0
vn -0.99716 0.07536 0
vn -0.99716 0.07536 0
vn -0.99972 -0.02367 0
vn -0.77188 -0.63577 0
vn -0.77188 -0.63577 0
vn -0.20299 -0.97918 0
vn -0.10203 -0.99478 0
vn -0.10203 -0.99478 0
vn 0.09527 -0.99545 0
vn 0.09527 -0.99545 0
vn 0.43289 -0.90145 0
vn 0.43289 -0.90145 0
vn 0.81788 -0.5754 0
vn 0.81788 -0.5754 0
vn 0.96451 -0.26406 0
vn 0.96451 -0.26406 0
vn 0.98481 -0.17365 0
vn 0 -1 0
vn -0.07115 -0.99747 0
vn -0.07115 -0.99747 0
vn -0.37634 -0.92648 0
vn -0.37634 -0.92648 0
vn -0.58854 -0.80847 0
vn -0.95655 -0.29156 0
vn -0.99355 -0.11337 0
vn -0.99355 -0.11337 0
vn -0.99262 0.12128 0
vn -0.99262 0.12128 0
vn -0.99716 0.07536 0
vn -0.99716 0.07536 0
vn -0.99972 -0.02367 0
vn -0.77188 -0.63577 0
vn -0.77188 -0.63577 0
vn -0.20299 -0.97918 0
vn -0.10203 -0.99478 0
vn -0.10203 -0.99478 0
vn 0.09527 -0.99545 0
vn 0.09527 -0.99545 0
vn 0.43289 -0.90145 0
vn 0.43289 -0.90145 0
vn 0.81788 -0.5754 0
vn 0.81788 -0.5754 0
vn 0.96451 -0.26406 0
vn 0.96451 -0.26406 0
vn 0.98909 -0.14732 0
vn 0.98909 -0.14732 0
vn 0.99823 -0.05953 0
vn 0.99823 -0.05953 0
vn 0.99714 0.0756 0
vn 0.99714 0.0756 0
vn 0.9726 0.23249 0
vn 0.9726 0.23249 0
vn 0.91548 0.40236 0
vn 0.91548 0.40236 0
vn 0.8242 0.5663 0
vn 0.8242 0.5663 0
vn 0.70413 0.71007 0
vn 0.70413 0.71007 0
vn 0.56009 0.82843 0
vn 0.56009 0.82843 0
vn 0.40359 0.91494 0
vn 0.40359 0.91494 0
vn 0.25087 0.96802 0
vn 0.25087 0.96802 0
vn 0.17693 0.98422 0
vn 0.46313 -0.88629 0
vn 0.55488 -0.83193 0
vn 0.55488 -0.83193 0
vn 0.72396 -0.68984 0
vn 0.72396 -0.68984 0
vn 0.84578 -0.53353 0
vn 0.84578 -0.53353 0
vn 0.9095 -0.4157 0
vn 0.9095 -0.4157 0
vn 0.94478 -0.3277 0
vn 0.94478 -0.3277 0
vn 0.96897 -0.24717 0
vn 0.96897 -0.24717 0
vn 0.98154 -0.19124 0
vn 0.98154 -0.19124 0
vn 0.98849 -0.15126 0
vn 0.98849 -0.15126 0
vn 0.99694 -0.07817 0
vn 0.99694 -0.07817 0
vn 0.99951 0.03137 0
vn 0.99951 0.03137 0
vn 0.98776 0.15596 0
vn 0.98776 0.15596 0
vn 0.95225 0.30532 0
vn 0.95225 0.30532 0
vn 0.87595 0.4824 0
vn 0.87595 0.4824 0
vn 0.75704 0.65337 0
vn 0.75704 0.65337 0
vn 0.61637 0.78746 0
vn 0.61637 0.78746 0
vn 0.47921 0.8777 0
vn 0.47921 0.8777 0
vn 0.36302 0.93178 0
vn 0.36302 0.93178 0
vn 0.2658 0.96403 0
vn 0.2658 0.96403 0
vn 0.18242 0.98322 0
vn 0.18242 0.98322 0
vn 0.11167 0.99375 0
vn 0.11167 0.99375 0
vn 0.05177 0.99866 0
vn 0.05177 0.99866 0
vn 0.01215 0.99993 0
vn 0.01215 0.99993 0
vn -0.09527 0.99545 0
vn -0.09527 0.99545 0
vn -0.43289 0.90145 0
vn -0.43289 0.90145 0
vn -0.81788 0.5754 0
vn -0.81788 0.5754 0
vn -0.96451 0.26406 0
vn -0.96451 0.26406 0
vn -0.99716 0.07536 0
vn -0.99716 0.07536 0
vn -0.99972 -0.02367 0
vn -0.77188 -0.63577 0
vn -0.77188 -0.63577 0
vn -0.20299 -0.97918 0
vn -0.10203 -0.99478 0
vn -0.10203 -0.99478 0
vn 0.09527 -0.99545 0
vn 0.09527 -0.99545 0
vn 0.43289 -0.90145 0
vn -0.42668 -0.9044 0
vn -0.84963 -0.52739 0
vn -0.84963 -0.52739 0
vn -0.9945 -0.10473 0
vn -0.9945 -0.10473 0
vn -0.99349 0.11393 0
vn -0.99349 0.11393 0
vn -0.97311 0.23035 0
vn -0.97311 0.23035 0
vn -0.91161 0.41105 0
vn -0.91161 0.41105 0
vn -0.71964 0.69434 0
vn -0.71964 0.69434 0
vn -0.36281 0.93186 0
vn -0.36281 0.93186 0
vn -0.07488 0.99719 0
vn -0.07488 0.99719 0
vn 0 1 0
vn 0.98481 -0.17365 0
vn 0.98481 -0.17365 0
vn 0 -1 0
vn -0.07902 -0.99687 0
vn -0.07902 -0.99687 0
vn -0.42668 -0.9044 0
vn -0.98481 0.17365 0
vn -0.99775 0.06706 0
vn -0.99775 0.06706 0
vn -0.99919 -0.04031 0
vn -0.74071 -0.67183 0
vn -0.74071 -0.67183 0
vn -0.18744 -0.98228 0
vn -0.09414 -0.99556 0
vn -0.09414 -0.99556 0
vn 0.09527 -0.99545 0
vn 0.09527 -0.99545 0
vn 0.43289 -0.90145 0
vn 0.43289 -0.90145 0
vn 0.81788 -0.5754 0
vn 0.81788 -0.5754 0
vn 0.96451 -0.26406 0
vn 0.96451 -0.26406 0
vn 0.98787 -0.15529 0
vn 0.98787 -0.15529 0
vn 0.99466 -0.10321 0
vn 0.99466 -0.10321 0
vn 0.99922 -0.03956 0
vn 0.99922 -0.03956 0
vn 0.99986 0.01673 0
vn 0.99986 0.01673 0
vn 0.99794 0.06414 0
vn 0.99794 0.06414 0
vn 0.99484 0.10145 0
vn 0.99484 0.10145 0
vn 0.99125 0.132 0
vn 0.99125 0.132 0
vn 0.9873 0.15885 0
vn 0.9873 0.15885 0
vn 0.98319 0.18257 0
vn 0.98319 0.18257 0
vn 0.98017 0.19817 0
vn 0.98017 0.19817 0
vn 0.95841 0.28539 0
vn 0.95841 0.28539 0
vn 0.79486 0.6068 0
vn 0.79486 0.6068 0
vn 0.39168 0.9201 0
vn 0.39168 0.9201 0
vn 0.0816 0.99667 0
vn 0.0816 0.99667 0
vn -0.07545 0.99715 0
vn -0.07545 0.99715 0
vn -0.33218 0.94322 0
vn -0.33218 0.94322 0
vn -0.66394 0.74779 0
vn -0.66394 0.74779 0
vn -0.83783 0.54593 0
vn -0.83783 0.54593 0
vn -0.87443 0.48516 0
vn -0.87443 0.48516 0
vn -0.88053 0.474 0
vn -0.88053 0.474 0
vn -0.88957 0.4568 0
vn -0.88957 0.4568 0
vn -0.89949 0.43694 0
vn -0.89949 0.43694 0
vn -0.91036 0.41381 0
vn -0.91036 0.41381 0
vn -0.92303 0.38472 0
vn -0.92303 0.38472 0
vn -0.93812 0.34632 0
vn -0.93812 0.34632 0
vn -0.95441 0.29851 0
vn -0.95441 0.29851 0
vn -0.97048 0.24116 0
vn -0.97048 0.24116 0
vn -0.98145 0.19171 0
vn -0.98145 0.19171 0
vn -0.99716 0.07536 0
vn -0.99716 0.07536 0
vn -0.99972 -0.02367 0
vn -0.77188 -0.63577 0
vn -0.77188 -0.63577 0
vn -0.20299 -0.97918 0
vn -0.10203 -0.99478 0
vn -0.10203 -0.99478 0
vn 0.09527 -0.99545 0
vn 0.09527 -0.99545 0
vn 0.43289 -0.90145 0
vn 0.43289 -0.90145 0
vn 0.81788 -0.5754 0
vn 0.81788 -0.5754 0
vn 0.96451 -0.26406 0
vn 0.96451 -0.26406 0
vn 0.98481 -0.17365 0
vn 0 -1 0
vn 0 -1 0
vn 0.57939 -0.81505 0
vn 0.17608 -0.98438 0
vn 0.17608 -0.98438 0
vn -0.19958 -0.97988 0
vn -0.19958 -0.97988 0
vn -0.39112 -0.92034 0
vn -0.90477 -0.4259 0
vn -0.95937 -0.28215 0
vn -0.95937 -0.28215 0
vn -0.99129 -0.13173 0
vn 0 1 0
vn 0 1 0
vn 0.89957 -0.43678 0
vn 0.84167 -0.53999 0
vn 0.84167 -0.53999 0
vn 0.57939 -0.81505 0
vn 0.43289 -0.90145 0
vn 0.81788 -0.5754 0
vn 0.81788 -0.5754 0
vn 0.96451 -0.26406 0
vn 0.96451 -0.26406 0
vn 0.99716 -0.07536 0
vn 0.99716 -0.07536 0
vn 0.99972 0.02367 0
vn 0.77188 0.63577 0
vn 0.77188 0.63577 0
vn 0.20299 0.97918 0
vn 0.10203 0.99478 0
vn 0.10203 0.99478 0
vn 0.05706 0.99837 0
vn 0.05706 0.99837 0
vn 0.29063 0.95684 0
vn 0.29063 0.95684 0
vn 0.68754 0.72615 0
vn 0.68754 0.72615 0
vn 0.96438 0.26452 0
vn 0.96438 0.26452 0
vn 0.99642 -0.08456 0
vn 0.99642 -0.08456 0
vn 0.96744 -0.25309 0
vn 0.96744 -0.25309 0
vn 0.85909 -0.51183 0
vn 0.85909 -0.51183 0
vn 0.58849 -0.8085 0
vn 0.58849 -0.8085 0
vn 0.26635 -0.96388 0
vn 0.26635 -0.96388 0
vn 0.05708 -0.99837 0
vn 0.05708 -0.99837 0
vn 0.09527 -0.99545 0
vn 0.09527 -0.99545 0
vn 0.43289 -0.90145 0
vn 0.43289 -0.90145 0
vn 0.81788 -0.5754 0
vn 0.81788 -0.5754 0
vn 0.96451 -0.26406 0
vn 0.96451 -0.26406 0
vn 0.99716 -0.07536 0
vn 0.99716 -0.07536 0
vn 0.99972 0.02367 0
vn 0.77188 0.63577 0
vn 0.77188 0.63577 0
vn 0.20299 0.97918 0
vn 0.10203 0.99478 0
vn 0.10203 0.99478 0
vn -0.01131 0.99994 0
vn -0.01131 0.99994 0
vn -0.047 0.99889 0
vn -0.047 0.99889 0
vn -0.09829 0.99516 0
vn -0.09829 0.99516 0
vn -0.15473 0.98796 0
vn -0.15473 0.98796 0
vn -0.21651 0.97628 0
vn -0.21651 0.97628 0
vn -0.28355 0.95896 0
vn -0.28355 0.95896 0
vn -0.35544 0.9347 0
vn -0.35544 0.9347 0
vn -0.43126 0.90223 0
vn -0.43126 0.90223 0
vn -0.50954 0.86044 0
vn -0.50954 0.86044 0
vn -0.59058 0.80698 0
vn -0.59058 0.80698 0
vn -0.67288 0.73975 0
vn -0.67288 0.73975 0
vn -0.74968 0.6618 0
vn -0.74968 0.6618 0
vn -0.81607 0.57795 0
vn -0.81607 0.57795 0
vn -0.87083 0.49158 0
vn -0.87083 0.49158 0
vn -0.91392 0.40589 0
vn -0.91392 0.40589 0
vn -0.94625 0.32344 0
vn -0.94625 0.32344 0
vn -0.96927 0.246 0
vn -0.96927 0.246 0
vn -0.98156 0.19113 0
vn -0.98156 0.19113 0
vn -0.9878 0.15572 0
vn -0.9878 0.15572 0
vn -0.99527 0.09715 0
vn -0.99527 0.09715 0
vn -0.99996 0.00878 0
vn -0.99996 0.00878 0
vn -0.99558 -0.09387 0
vn -0.99558 -0.09387 0
vn -0.9776 -0.21046 0
vn -0.9776 -0.21046 0
vn -0.9411 -0.33813 0
vn -0.9411 -0.33813 0
vn -0.88226 -0.47076 0
vn -0.88226 -0.47076 0
vn -0.8004 -0.59946 0
vn -0.8004 -0.59946 0
vn -0.70219 -0.71199 0
vn -0.70219 -0.71199 0
vn -0.5996 -0.8003 0
vn -0.5996 -0.8003 0
vn -0.4989 -0.86666 0
vn -0.4989 -0.86666 0
vn -0.40262 -0.91537 0
vn -0.40262 -0.91537 0
vn -0.31396 -0.94944 0
vn -0.31396 -0.94944 0
vn -0.23433 -0.97216 0
vn -0.23433 -0.97216 0
vn -0.16389 -0.98648 0
vn -0.16389 -0.98648 0
vn -0.10208 -0.99478 0
vn -0.10208 -0.99478 0
vn -0.04801 -0.99885 0
vn -0.04801 -0.99885 0
vn -0.0114 -0.99994 0
vn -0.0114 -0.99994 0
vn 0.09527 -0.99545 0
vn 0.09527 -0.99545 0
vn 0.43289 -0.90145 0
vn 0.43289 -0.90145 0
vn 0.81788 -0.5754 0
vn 0.81788 -0.5754 0
vn 0.96451 -0.26406 0
vn 0.96451 -0.26406 0
vn 0.99716 -0.07536 0
vn 0.99716 -0.07536 0
vn 0.99972 0.02367 0
vn 0.77188 0.63577 0
vn 0.77188 0.63577 0
vn 0.20299 0.97918 0
vn 0.10203 0.99478 0
vn 0.10203 0.99478 0
vn 0 1 0
vn 0.98481 -0.17365 0
vn 0.98481 -0.17365 0
vn 0 -1 0
vn 0.09527 -0.99545 0
vn 0.09527 -0.99545 0
vn 0.43289 -0.90145 0
vn 0.43289 -0.90145 0
vn 0.81788 -0.5754 0
vn 0.81788 -0.5754 0
vn 0.96451 -0.26406 0
vn 0.96451 -0.26406 0
vn 0.99716 -0.07536 0
vn 0.99716 -0.07536 0
vn 0.99972 0.02367 0
vn 0.77188 0.63577 0
vn 0.77188 0.63577 0
vn 0.20299 0.97918 0
vn 0.10203 0.99478 0
vn 0.10203 0.99478 0
vn 0 1 0
vn 0.98481 -0.17365 0
vn 0.98481 -0.17365 0
vn 0 -1 0
vn 0.09527 -0.99545 0
vn 0.09527 -0.99545 0
vn 0.43289 -0.90145 0
vn 0.43289 -0.90145 0
vn 0.81788 -0.5754 0
vn 0.81788 -0.5754 0
vn 0.96451 -0.26406 0
vn 0.96451 -0.26406 0
vn 0.99716 -0.07536 0
vn 0.99716 -0.07536 0
vn 0.99972 0.02367 0
vn 0.77188 0.63577 0
vn 0.77188 0.63577 0
vn 0.20299 0.97918 0
vn 0.10203 0.99478 0
vn 0.10203 0.99478 0
vn -0.09527 0.99545 0
vn -0.09527 0.99545 0
vn -0.43289 0.90145 0
vn -0.43289 0.90145 0
vn -0.81788 0.5754 0
vn -0.81788 0.5754 0
vn -0.96451 0.26406 0
vn -0.96451 0.26406 0
vn -0.99716 0.07536 0
vn -0.99716 0.07536 0
vn -0.99972 -0.02367 0
vn -0.77188 -0.63577 0
vn -0.77188 -0.63577 0
vn -0.20299 -0.97918 0
vn -0.10203 -0.99478 0
vn -0.10203 -0.99478 0
vn 0.09527 -0.99545 0
vn 0.09527 -0.99545 0
vn 0.43289 -0.90145 0
vn 0.43289 -0.90145 0
vn 0.81788 -0.5754 0
vn 0.81788 -0.5754 0
vn 0.96451 -0.26406 0
vn 0.96451 -0.26406 0
vn 0.98481 -0.17365 0
vn 0 -1 0
vn -0.07115 -0.99747 0
vn -0.07115 -0.99747 0
vn -0.37634 -0.92648 0
vn -0.37634 -0.92648 0
vn -0.58854 -0.80847 0
vn -0.95655 -0.29156 0
vn -0.99355 -0.11337 0
vn -0.99355 -0.11337 0
vn -0.99262 0.12128 0
vn -0.99262 0.12128 0
vn -0.99716 0.07536 0
vn -0.99716 0.07536 0
vn -0.99972 -0.02367 0
vn -0.77188 -0.63577 0
vn -0.77188 -0.63577 0
vn -0.20299 -0.97918 0
vn -0.10203 -0.99478 0
vn -0.10203 -0.99478 0
vn 0.09527 -0.99545 0
vn 0.09527 -0.99545 0
vn 0.43289 -0.90145 0
vn 0.43289 -0.90145 0
vn 0.81788 -0.5754 0
vn 0.81788 -0.5754 0
vn 0.96451 -0.26406 0
vn 0.96451 -0.26406 0
vn 0.98909 -0.14732 0
vn 0.98909 -0.14732 0
vn 0.99823 -0.05953 0
vn 0.99823 -0.05953 0
vn 0.99714 0.0756 0
vn 0.99714 0.0756 0
vn 0.9726 0.23249 0
vn 0.9726 0.23249 0
vn 0.91548 0.40236 0
vn 0.91548 0.40236 0
vn 0.8242 0.5663 0
vn 0.8242 0.5663 0
vn 0.70413 0.71007 0
vn 0.70413 0.71007 0
vn 0.56009 0.82843 0
vn 0.56009 0.82843 0
vn 0.40359 0.91494 0
vn 0.40359 0.91494 0
vn 0.25087 0.96802 0
vn 0.25087 0.96802 0
vn 0.17693 0.98422 0
vn 0.46313 -0.88629 0
vn 0.55488 -0.83193 0
vn 0.55488 -0.83193 0
vn 0.72396 -0.68984 0
vn 0.72396 -0.68984 0
vn 0.84578 -0.53353 0
vn 0.84578 -0.53353 0
vn 0.9095 -0.4157 0
vn 0.9095 -0.4157 0
vn 0.94478 -0.3277 0
vn 0.94478 -0.3277 0
vn 0.96897 -0.24717 0
vn 0.96897 -0.24717 0
vn 0.98154 -0.19124 0
vn 0.98154 -0.19124 0
vn 0.98849 -0.15126 0
vn 0.98849 -0.15126 0
vn 0.99694 -0.07817 0
vn 0.99694 -0.07817 0
vn 0.99951 0.03137 0
vn 0.99951 0.03137 0
vn 0.98776 0.15596 0
vn 0.98776 0.15596 0
vn 0.95225 0.30532 0
vn 0.95225 0.30532 0
vn 0.87595 0.4824 0
vn 0.87595 0.4824 0
vn 0.75704 0.65337 0
vn 0.75704 0.65337 0
vn 0.61637 0.78746 0
vn 0.61637 0.78746 0
vn 0.47921 0.8777 0
vn 0.47921 0.8777 0
vn 0.36302 0.93178 0
vn 0.36302 0.93178 0
vn 0.2658 0.96403 0
vn 0.2658 0.96403 0
vn 0.18242 0.98322 0
vn 0.18242 0.98322 0
vn 0.11167 0.99375 0
vn 0.11167 0.99375 0
vn 0.05177 0.99866 0
vn 0.05177 0.99866 0
vn 0.01215 0.99993 0
vn 0.01215 0.99993 0
vn -0.09527 0.99545 0
vn -0.09527 0.99545 0
vn -0.43289 0.90145 0
vn -0.43289 0.90145 0
vn -0.81788 0.5754 0
vn -0.81788 0.5754 0
vn -0.96451 0.26406 0
vn -0.96451 0.26406 0
vn -0.99716 0.07536 0
vn -0.99716 0.07536 0
vn -0.99972 -0.02367 0
vn -0.77188 -0.63577 0
vn -0.77188 -0.63577 0
vn -0.20299 -0.97918 0
vn -0.10203 -0.99478 0
vn -0.10203 -0.99478 0
vn 0.09527 -0.99545 0
vn 0.09527 -0.99545 0
vn 0.43289 -0.90145 0
vn -0.42668 -0.9044 0
vn -0.84963 -0.52739 0
vn -0.84963 -0.52739 0
vn -0.9945 -0.10473 0
vn -0.9945 -0.10473 0
vn -0.99349 0.11393 0
vn -0.99349 0.11393 0
vn -0.97311 0.23035 0
vn -0.97311 0.23035 0
vn -0.91161 0.41105 0
vn -0.91161 0.41105 0
vn -0.71964 0.69434 0
vn -0.71964 0.69434 0
vn -0.36281 0.93186 0
vn -0.36281 0.93186 0
vn -0.07488 0.99719 0
vn -0.07488 0.99719 0
vn 0 1 0
vn 0.98481 -0.17365 0
vn 0.98481 -0.17365 0
vn 0 -1 0
vn -0.07902 -0.99687 0
vn -0.07902 -0.99687 0
vn -0.42668 -0.9044 0
usemtl logo_text_face
f 8799/7341/1 8800/7342/1 8749/7291/1
f 8851/7341/2 8801/7291/2 8852/7342/2
f 8799/7341/1 8749/7291/1 8750/7292/1
f 8851/7341/2 8802/7292/2 8801/7291/2
f 8799/7341/1 8750/7292/1 8751/7293/1
f 8851/7341/2 8803/7293/2 8802/7292/2
f 8799/7341/1 8751/7293/1 8752/7294/1
f 8851/7341/2 8804/7294/2 8803/7293/2
f 8752/7294/1 8753/7295/1 8754/7296/1
f 8804/7294/2 8806/7296/2 8805/7295/2
f 8752/7294/1 8754/7296/1 8755/7297/1
f 8804/7294/2 8807/7297/2 8806/7296/2
f 8752/7294/1 8755/7297/1 8756/7298/1
f 8804/7294/2 8808/7298/2 8807/7297/2
f 8752/7294/1 8756/7298/1 8757/7299/1
f 8804/7294/2 8809/7299/2 8808/7298/2
f 8752/7294/1 8757/7299/1 8758/7300/1
f 8804/7294/2 8810/7300/2 8809/7299/2
f 8752/7294/1 8758/7300/1 8759/7301/1
f 8804/7294/2 8811/7301/2 8810/7300/2
f 8752/7294/1 8759/7301/1 8760/7302/1
f 8804/7294/2 8812/7302/2 8811/7301/2
f 8752/7294/1 8760/7302/1 8761/7303/1
f 8804/7294/2 8813/7303/2 8812/7302/2
f 8761/7303/1 8762/7304/1 8763/7305/1
f 8813/7303/2 8815/7305/2 8814/7304/2
f 8761/7303/1 8763/7305/1 8764/7306/1
f 8813/7303/2 8816/7306/2 8815/7305/2
f 8761/7303/1 8764/7306/1 8765/7307/1
f 8813/7303/2 8817/7307/2 8816/7306/2
f 8761/7303/1 8765/7307/1 8766/7308/1
f 8813/7303/2 8818/7308/2 8817/7307/2
f 8761/7303/1 8766/7308/1 8767/7309/1
f 8813/7303/2 8819/7309/2 8818/7308/2
f 8761/7303/1 8767/7309/1 8768/7310/1
f 8813/7303/2 8820/7310/2 8819/7309/2
f 8761/7303/1 8768/7310/1 8769/7311/1
f 8813/7303/2 8821/7311/2 8820/7310/2
f 8761/7303/1 8769/7311/1 8770/7312/1
f 8813/7303/2 8822/7312/2 8821/7311/2
f 8761/7303/1 8770/7312/1 8771/7313/1
f 8813/7303/2 8823/7313/2 8822/7312/2
f 8761/7303/1 8771/7313/1 8772/7314/1
f 8813/7303/2 8824/7314/2 8823/7313/2
f 8761/7303/1 8772/7314/1 8773/7315/1
f 8813/7303/2 8825/7315/2 8824/7314/2
f 8761/7303/1 8773/7315/1 8774/7316/1
f 8813/7303/2 8826/7316/2 8825/7315/2
f 8761/7303/1 8774/7316/1 8775/7317/1
f 8813/7303/2 8827/7317/2 8826/7316/2
f 8761/7303/1 8775/7317/1 8776/7318/1
f 8813/7303/2 8828/7318/2 8827/7317/2
f 8761/7303/1 8776/7318/1 8777/7319/1
f 8813/7303/2 8829/7319/2 8828/7318/2
f 8761/7303/1 8777/7319/1 8778/7320/1
f 8813/7303/2 8830/7320/2 8829/7319/2
f 8761/7303/1 8778/7320/1 8779/7321/1
f 8813/7303/2 8831/7321/2 8830/7320/2
f 8761/7303/1 8779/7321/1 8780/7322/1
f 8813/7303/2 8832/7322/2 8831/7321/2
f 8761/7303/1 8780/7322/1 8781/7323/1
f 8813/7303/2 8833/7323/2 8832/7322/2
f 8761/7303/1 8781/7323/1 8782/7324/1
f 8813/7303/2 8834/7324/2 8833/7323/2
f 8761/7303/1 8782/7324/1 8783/7325/1
f 8813/7303/2 8835/7325/2 8834/7324/2
f 8761/7303/1 8783/7325/1 8784/7326/1
f 8813/7303/2 8836/7326/2 8835/7325/2
f 8761/7303/1 8784/7326/1 8785/7327/1
f 8813/7303/2 8837/7327/2 8836/7326/2
f 8787/7329/1 8788/7330/1 8789/7331/1
f 8839/7329/2 8841/7331/2 8840/7330/2
f 8787/7329/1 8789/7331/1 8790/7332/1
f 8839/7329/2 8842/7332/2 8841/7331/2
f 8787/7329/1 8790/7332/1 8791/7333/1
f 8839/7329/2 8843/7333/2 8842/7332/2
f 8787/7329/1 8791/7333/1 8792/7334/1
f 8839/7329/2 8844/7334/2 8843/7333/2
f 8787/7329/1 8792/7334/1 8793/7335/1
f 8839/7329/2 8845/7335/2 8844/7334/2
f 8787/7329/1 8793/7335/1 8794/7336/1
f 8839/7329/2 8846/7336/2 8845/7335/2
f 8787/7329/1 8794/7336/1 8795/7337/1
f 8839/7329/2 8847/7337/2 8846/7336/2
f 8795/7337/1 8796/7338/1 8797/7339/1
f 8847/7337/2 8849/7339/2 8848/7338/2
f 8795/7337/1 8797/7339/1 8798/7340/1
f 8847/7337/2 8850/7340/2 8849/7339/2
f 8795/7337/1 8798/7340/1 8799/7341/1
f 8847/7337/2 8851/7341/2 8850/7340/2
f 8795/7337/1 8799/7341/1 8752/7294/1
f 8847/7337/2 8804/7294/2 8851/7341/2
f 8795/7337/1 8752/7294/1 8761/7303/1
f 8847/7337/2 8813/7303/2 8804/7294/2
f 8795/7337/1 8761/7303/1 8785/7327/1
f 8847/7337/2 8837/7327/2 8813/7303/2
f 8795/7337/1 8785/7327/1 8786/7328/1
f 8847/7337/2 8838/7328/2 8837/7327/2
f 8795/7337/1 8786/7328/1 8787/7329/1
f 8847/7337/2 8839/7329/2 8838/7328/2
f 8887/7377/1 8888/7378/1 8853/7343/1
f 8923/7377/2 8889/7343/2 8924/7378/2
f 8887/7377/1 8853/7343/1 8854/7344/1
f 8923/7377/2 8890/7344/2 8889/7343/2
f 8887/7377/1 8854/7344/1 8855/7345/1
f 8923/7377/2 8891/7345/2 8890/7344/2
f 8887/7377/1 8855/7345/1 8856/7346/1
f 8923/7377/2 8892/7346/2 8891/7345/2
f 8887/7377/1 8856/7346/1 8857/7347/1
f 8923/7377/2 8893/7347/2 8892/7346/2
f 8887/7377/1 8857/7347/1 8858/7348/1
f 8923/7377/2 8894/7348/2 8893/7347/2
f 8887/7377/1 8858/7348/1 8859/7349/1
f 8923/7377/2 8895/7349/2 8894/7348/2
f 8887/7377/1 8859/7349/1 8860/7350/1
f 8923/7377/2 8896/7350/2 8895/7349/2
f 8887/7377/1 8860/7350/1 8861/7351/1
f 8923/7377/2 8897/7351/2 8896/7350/2
f 8861/7351/1 8862/7352/1 8863/7353/1
f 8897/7351/2 8899/7353/2 8898/7352/2
f 8861/7351/1 8863/7353/1 8864/7354/1
f 8897/7351/2 8900/7354/2 8899/7353/2
f 8861/7351/1 8864/7354/1 8865/7355/1
f 8897/7351/2 8901/7355/2 8900/7354/2
f 8861/7351/1 8865/7355/1 8866/7356/1
f 8897/7351/2 8902/7356/2 8901/7355/2
f 8861/7351/1 8866/7356/1 8867/7357/1
f 8897/7351/2 8903/7357/2 8902/7356/2
f 8861/7351/1 8867/7357/1 8868/7358/1
f 8897/7351/2 8904/7358/2 8903/7357/2
f 8861/7351/1 8868/7358/1 8869/7359/1
f 8897/7351/2 8905/7359/2 8904/7358/2
f 8861/7351/1 8869/7359/1 8870/7360/1
f 8897/7351/2 8906/7360/2 8905/7359/2
f 8861/7351/1 8870/7360/1 8871/7361/1
f 8897/7351/2 8907/7361/2 8906/7360/2
f 8871/7361/1 8872/7362/1 8873/7363/1
f 8907/7361/2 8909/7363/2 8908/7362/2
f 8871/7361/1 8873/7363/1 8874/7364/1
f 8907/7361/2 8910/7364/2 8909/7363/2
f 8871/7361/1 8874/7364/1 8875/7365/1
f 8907/7361/2 8911/7365/2 8910/7364/2
f 8871/7361/1 8875/7365/1 8876/7366/1
f 8907/7361/2 8912/7366/2 8911/7365/2
f 8871/7361/1 8876/7366/1 8877/7367/1
f 8907/7361/2 8913/7367/2 8912/7366/2
f 8871/7361/1 8877/7367/1 8878/7368/1
f 8907/7361/2 8914/7368/2 8913/7367/2
f 8871/7361/1 8878/7368/1 8879/7369/1
f 8907/7361/2 8915/7369/2 8914/7368/2
f 8871/7361/1 8879/7369/1 8880/7370/1
f 8907/7361/2 8916/7370/2 8915/7369/2
f 8871/7361/1 8880/7370/1 8881/7371/1
f 8907/7361/2 8917/7371/2 8916/7370/2
f 8871/7361/1 8881/7371/1 8882/7372/1
f 8907/7361/2 8918/7372/2 8917/7371/2
f 8871/7361/1 8882/7372/1 8883/7373/1
f 8907/7361/2 8919/7373/2 8918/7372/2
f 8871/7361/1 8883/7373/1 8884/7374/1
f 8907/7361/2 8920/7374/2 8919/7373/2
f 8871/7361/1 8884/7374/1 8885/7375/1
f 8907/7361/2 8921/7375/2 8920/7374/2
f 8871/7361/1 8885/7375/1 8886/7376/1
f 8907/7361/2 8922/7376/2 8921/7375/2
f 8871/7361/1 8886/7376/1 8887/7377/1
f 8907/7361/2 8923/7377/2 8922/7376/2
f 8871/7361/1 8887/7377/1 8861/7351/1
f 8907/7361/2 8897/7351/2 8923/7377/2
f 8949/7403/1 8950/7404/1 8925/7379/1
f 8975/7403/2 8951/7379/2 8976/7404/2
f 8949/7403/1 8925/7379/1 8926/7380/1
f 8975/7403/2 8952/7380/2 8951/7379/2
f 8949/7403/1 8926/7380/1 8927/7381/1
f 8975/7403/2 8953/7381/2 8952/7380/2
f 8927/7381/1 8928/7382/1 8929/7383/1
f 8953/7381/2 8955/7383/2 8954/7382/2
f 8927/7381/1 8929/7383/1 8930/7384/1
f 8953/7381/2 8956/7384/2 8955/7383/2
f 8927/7381/1 8930/7384/1 8931/7385/1
f 8953/7381/2 8957/7385/2 8956/7384/2
f 8927/7381/1 8931/7385/1 8932/7386/1
f 8953/7381/2 8958/7386/2 8957/7385/2
f 8927/7381/1 8932/7386/1 8933/7387/1
f 8953/7381/2 8959/7387/2 8958/7386/2
f 8927/7381/1 8933/7387/1 8934/7388/1
f 8953/7381/2 8960/7388/2 8959/7387/2
f 8927/7381/1 8934/7388/1 8935/7389/1
f 8953/7381/2 8961/7389/2 8960/7388/2
f 8927/7381/1 8935/7389/1 8936/7390/1
f 8953/7381/2 8962/7390/2 8961/7389/2
f 8927/7381/1 8936/7390/1 8937/7391/1
f 8953/7381/2 8963/7391/2 8962/7390/2
f 8937/7391/1 8938/7392/1 8939/7393/1
f 8963/7391/2 8965/7393/2 8964/7392/2
f 8937/7391/1 8939/7393/1 8940/7394/1
f 8963/7391/2 8966/7394/2 8965/7393/2
f 8937/7391/1 8940/7394/1 8941/7395/1
f 8963/7391/2 8967/7395/2 8966/7394/2
f 8937/7391/1 8941/7395/1 8942/7396/1
f 8963/7391/2 8968/7396/2 8967/7395/2
f 8937/7391/1 8942/7396/1 8943/7397/1
f 8963/7391/2 8969/7397/2 8968/7396/2
f 8937/7391/1 8943/7397/1 8944/7398/1
f 8963/7391/2 8970/7398/2 8969/7397/2
f 8937/7391/1 8944/7398/1 8945/7399/1
f 8963/7391/2 8971/7399/2 8970/7398/2
f 8937/7391/1 8945/7399/1 8946/7400/1
f 8963/7391/2 8972/7400/2 8971/7399/2
f 8937/7391/1 8946/7400/1 8947/7401/1
f 8963/7391/2 8973/7401/2 8972/7400/2
f 8937/7391/1 8947/7401/1 8948/7402/1
f 8963/7391/2 8974/7402/2 8973/7401/2
f 8937/7391/1 8948/7402/1 8949/7403/1
f 8963/7391/2 8975/7403/2 8974/7402/2
f 8937/7391/1 8949/7403/1 8927/7381/1
f 8963/7391/2 8953/7381/2 8975/7403/2
f 9017/7445/1 9083/7511/1 9084/7512/1
f 9125/7445/2 9192/7512/2 9191/7511/2
f 9017/7445/1 9084/7512/1 9059/7487/1
f 9125/7445/2 9167/7487/2 9192/7512/2
f 9082/7510/1 9083/7511/1 9017/7445/1
f 9190/7510/2 9125/7445/2 9191/7511/2
f 9082/7510/1 9017/7445/1 9018/7446/1
f 9190/7510/2 9126/7446/2 9125/7445/2
f 9082/7510/1 9018/7446/1 9019/7447/1
f 9190/7510/2 9127/7447/2 9126/7446/2
f 9082/7510/1 9019/7447/1 9020/7448/1
f 9190/7510/2 9128/7448/2 9127/7447/2
f 9082/7510/1 9020/7448/1 9021/7449/1
f 9190/7510/2 9129/7449/2 9128/7448/2
f 9082/7510/1 9021/7449/1 9022/7450/1
f 9190/7510/2 9130/7450/2 9129/7449/2
f 9082/7510/1 9022/7450/1 9023/7451/1
f 9190/7510/2 9131/7451/2 9130/7450/2
f 9082/7510/1 9023/7451/1 9024/7452/1
f 9190/7510/2 9132/7452/2 9131/7451/2
f 9082/7510/1 9024/7452/1 9025/7453/1
f 9190/7510/2 9133/7453/2 9132/7452/2
f 9082/7510/1 9025/7453/1 9026/7454/1
f 9190/7510/2 9134/7454/2 9133/7453/2
f 9082/7510/1 9026/7454/1 9027/7455/1
f 9190/7510/2 9135/7455/2 9134/7454/2
f 9082/7510/1 9027/7455/1 9028/7456/1
f 9190/7510/2 9136/7456/2 9135/7455/2
f 9082/7510/1 9028/7456/1 9029/7457/1
f 9190/7510/2 9137/7457/2 9136/7456/2
f 9082/7510/1 9029/7457/1 9030/7458/1
f 9190/7510/2 9138/7458/2 9137/7457/2
f 9082/7510/1 9030/7458/1 9031/7459/1
f 9190/7510/2 9139/7459/2 9138/7458/2
f 9082/7510/1 9031/7459/1 9032/7460/1
f 9190/7510/2 9140/7460/2 9139/7459/2
f 9082/7510/1 9032/7460/1 9033/7461/1
f 9190/7510/2 9141/7461/2 9140/7460/2
f 9082/7510/1 9033/7461/1 9034/7462/1
f 9190/7510/2 9142/7462/2 9141/7461/2
f 9082/7510/1 9034/7462/1 9035/7463/1
f 9190/7510/2 9143/7463/2 9142/7462/2
f 9082/7510/1 9035/7463/1 9036/7464/1
f 9190/7510/2 9144/7464/2 9143/7463/2
f 9082/7510/1 9036/7464/1 9037/7465/1
f 9190/7510/2 9145/7465/2 9144/7464/2
f 9082/7510/1 9037/7465/1 9038/7466/1
f 9190/7510/2 9146/7466/2 9145/7465/2
f 9082/7510/1 9038/7466/1 9039/7467/1
f 9190/7510/2 9147/7467/2 9146/7466/2
f 9082/7510/1 9039/7467/1 9040/7468/1
f 9190/7510/2 9148/7468/2 9147/7467/2
f 9040/7468/1 9041/7469/1 9042/7470/1
f 9148/7468/2 9150/7470/2 9149/7469/2
f 9040/7468/1 9042/7470/1 9043/7471/1
f 9148/7468/2 9151/7471/2 9150/7470/2
f 9040/7468/1 9043/7471/1 9044/7472/1
f 9148/7468/2 9152/7472/2 9151/7471/2
f 9040/7468/1 9044/7472/1 9045/7473/1
f 9148/7468/2 9153/7473/2 9152/7472/2
f 9040/7468/1 9045/7473/1 9046/7474/1
f 9148/7468/2 9154/7474/2 9153/7473/2
f 9040/7468/1 9046/7474/1 9047/7475/1
f 9148/7468/2 9155/7475/2 9154/7474/2
f 9040/7468/1 9047/7475/1 9048/7476/1
f 9148/7468/2 9156/7476/2 9155/7475/2
f 9040/7468/1 9048/7476/1 9049/7477/1
f 9148/7468/2 9157/7477/2 9156/7476/2
f 9040/7468/1 9049/7477/1 9050/7478/1
f 9148/7468/2 9158/7478/2 9157/7477/2
f 9040/7468/1 9050/7478/1 9051/7479/1
f 9148/7468/2 9159/7479/2 9158/7478/2
f 9040/7468/1 9051/7479/1 9052/7480/1
f 9148/7468/2 9160/7480/2 9159/7479/2
f 9040/7468/1 9052/7480/1 9053/7481/1
f 9148/7468/2 9161/7481/2 9160/7480/2
f 9040/7468/1 9053/7481/1 9054/7482/1
f 9148/7468/2 9162/7482/2 9161/7481/2
f 9040/7468/1 9054/7482/1 9055/7483/1
f 9148/7468/2 9163/7483/2 9162/7482/2
f 9040/7468/1 9055/7483/1 9056/7484/1
f 9148/7468/2 9164/7484/2 9163/7483/2
f 9040/7468/1 9056/7484/1 9057/7485/1
f 9148/7468/2 9165/7485/2 9164/7484/2
f 9040/7468/1 9057/7485/1 9058/7486/1
f 9148/7468/2 9166/7486/2 9165/7485/2
f 9040/7468/1 9058/7486/1 8977/7405/1
f 9148/7468/2 9085/7405/2 9166/7486/2
f 9040/7468/1 8977/7405/1 8978/7406/1
f 9148/7468/2 9086/7406/2 9085/7405/2
f 9040/7468/1 8978/7406/1 8979/7407/1
f 9148/7468/2 9087/7407/2 9086/7406/2
f 9040/7468/1 8979/7407/1 8980/7408/1
f 9148/7468/2 9088/7408/2 9087/7407/2
f 9040/7468/1 8980/7408/1 8981/7409/1
f 9148/7468/2 9089/7409/2 9088/7408/2
f 9040/7468/1 8981/7409/1 8982/7410/1
f 9148/7468/2 9090/7410/2 9089/7409/2
f 9040/7468/1 8982/7410/1 8983/7411/1
f 9148/7468/2 9091/7411/2 9090/7410/2
f 9040/7468/1 8983/7411/1 8984/7412/1
f 9148/7468/2 9092/7412/2 9091/7411/2
f 9040/7468/1 8984/7412/1 8985/7413/1
f 9148/7468/2 9093/7413/2 9092/7412/2
f 9040/7468/1 8985/7413/1 8986/7414/1
f 9148/7468/2 9094/7414/2 9093/7413/2
f 9040/7468/1 8986/7414/1 8987/7415/1
f 9148/7468/2 9095/7415/2 9094/7414/2
f 9040/7468/1 8987/7415/1 8988/7416/1
f 9148/7468/2 9096/7416/2 9095/7415/2
f 9040/7468/1 8988/7416/1 8989/7417/1
f 9148/7468/2 9097/7417/2 9096/7416/2
f 9040/7468/1 8989/7417/1 8990/7418/1
f 9148/7468/2 9098/7418/2 9097/7417/2
f 9040/7468/1 8990/7418/1 8991/7419/1
f 9148/7468/2 9099/7419/2 9098/7418/2
f 8991/7419/1 8992/7420/1 8993/7421/1
f 9099/7419/2 9101/7421/2 9100/7420/2
f 8991/7419/1 8993/7421/1 8994/7422/1
f 9099/7419/2 9102/7422/2 9101/7421/2
f 8991/7419/1 8994/7422/1 8995/7423/1
f 9099/7419/2 9103/7423/2 9102/7422/2
f 8991/7419/1 8995/7423/1 8996/7424/1
f 9099/7419/2 9104/7424/2 9103/7423/2
f 8991/7419/1 8996/7424/1 8997/7425/1
f 9099/7419/2 9105/7425/2 9104/7424/2
f 8991/7419/1 8997/7425/1 8998/7426/1
f 9099/7419/2 9106/7426/2 9105/7425/2
f 8991/7419/1 8998/7426/1 8999/7427/1
f 9099/7419/2 9107/7427/2 9106/7426/2
f 8991/7419/1 8999/7427/1 9000/7428/1
f 9099/7419/2 9108/7428/2 9107/7427/2
f 8991/7419/1 9000/7428/1 9001/7429/1
f 9099/7419/2 9109/7429/2 9108/7428/2
f 8991/7419/1 9001/7429/1 9002/7430/1
f 9099/7419/2 9110/7430/2 9109/7429/2
f 8991/7419/1 9002/7430/1 9003/7431/1
f 9099/7419/2 9111/7431/2 9110/7430/2
f 8991/7419/1 9003/7431/1 9004/7432/1
f 9099/7419/2 9112/7432/2 9111/7431/2
f 8991/7419/1 9004/7432/1 9005/7433/1
f 9099/7419/2 9113/7433/2 9112/7432/2
f 8991/7419/1 9005/7433/1 9006/7434/1
f 9099/7419/2 9114/7434/2 9113/7433/2
f 8991/7419/1 9006/7434/1 9007/7435/1
f 9099/7419/2 9115/7435/2 9114/7434/2
f 8991/7419/1 9007/7435/1 9008/7436/1
f 9099/7419/2 9116/7436/2 9115/7435/2
f 8991/7419/1 9008/7436/1 9009/7437/1
f 9099/7419/2 9117/7437/2 9116/7436/2
f 8991/7419/1 9009/7437/1 9010/7438/1
f 9099/7419/2 9118/7438/2 9117/7437/2
f 8991/7419/1 9010/7438/1 9011/7439/1
f 9099/7419/2 9119/7439/2 9118/7438/2
f 8991/7419/1 9011/7439/1 9012/7440/1
f 9099/7419/2 9120/7440/2 9119/7439/2
f 8991/7419/1 9012/7440/1 9013/7441/1
f 9099/7419/2 9121/7441/2 9120/7440/2
f 8991/7419/1 9013/7441/1 9014/7442/1
f 9099/7419/2 9122/7442/2 9121/7441/2
f 8991/7419/1 9014/7442/1 9015/7443/1
f 9099/7419/2 9123/7443/2 9122/7442/2
f 8991/7419/1 9015/7443/1 9016/7444/1
f 9099/7419/2 9124/7444/2 9123/7443/2
f 9016/7444/1 9017/7445/1 9059/7487/1
f 9124/7444/2 9167/7487/2 9125/7445/2
f 9016/7444/1 9059/7487/1 9060/7488/1
f 9124/7444/2 9168/7488/2 9167/7487/2
f 9016/7444/1 9060/7488/1 9061/7489/1
f 9124/7444/2 9169/7489/2 9168/7488/2
f 9016/7444/1 9061/7489/1 9062/7490/1
f 9124/7444/2 9170/7490/2 9169/7489/2
f 9016/7444/1 9062/7490/1 9063/7491/1
f 9124/7444/2 9171/7491/2 9170/7490/2
f 9016/7444/1 9063/7491/1 9064/7492/1
f 9124/7444/2 9172/7492/2 9171/7491/2
f 9081/7509/1 9082/7510/1 9040/7468/1
f 9189/7509/2 9148/7468/2 9190/7510/2
f 8991/7419/1 9016/7444/1 9064/7492/1
f 9099/7419/2 9172/7492/2 9124/7444/2
f 8991/7419/1 9064/7492/1 9065/7493/1
f 9099/7419/2 9173/7493/2 9172/7492/2
f 8991/7419/1 9065/7493/1 9066/7494/1
f 9099/7419/2 9174/7494/2 9173/7493/2
f 8991/7419/1 9066/7494/1 9067/7495/1
f 9099/7419/2 9175/7495/2 9174/7494/2
f 8991/7419/1 9067/7495/1 9068/7496/1
f 9099/7419/2 9176/7496/2 9175/7495/2
f 8991/7419/1 9068/7496/1 9069/7497/1
f 9099/7419/2 9177/7497/2 9176/7496/2
f 8991/7419/1 9069/7497/1 9070/7498/1
f 9099/7419/2 9178/7498/2 9177/7497/2
f 8991/7419/1 9070/7498/1 9071/7499/1
f 9099/7419/2 9179/7499/2 9178/7498/2
f 9080/7508/1 9081/7509/1 9040/7468/1
f 9188/7508/2 9148/7468/2 9189/7509/2
f 9040/7468/1 8991/7419/1 9071/7499/1
f 9148/7468/2 9179/7499/2 9099/7419/2
f 9040/7468/1 9071/7499/1 9072/7500/1
f 9148/7468/2 9180/7500/2 9179/7499/2
f 9040/7468/1 9072/7500/1 9073/7501/1
f 9148/7468/2 9181/7501/2 9180/7500/2
f 9040/7468/1 9073/7501/1 9074/7502/1
f 9148/7468/2 9182/7502/2 9181/7501/2
f 9040/7468/1 9074/7502/1 9075/7503/1
f 9148/7468/2 9183/7503/2 9182/7502/2
f 9040/7468/1 9075/7503/1 9076/7504/1
f 9148/7468/2 9184/7504/2 9183/7503/2
f 9040/7468/1 9076/7504/1 9077/7505/1
f 9148/7468/2 9185/7505/2 9184/7504/2
f 9040/7468/1 9077/7505/1 9078/7506/1
f 9148/7468/2 9186/7506/2 9185/7505/2
f 9040/7468/1 9078/7506/1 9079/7507/1
f 9148/7468/2 9187/7507/2 9186/7506/2
f 9040/7468/1 9079/7507/1 9080/7508/1
f 9148/7468/2 9188/7508/2 9187/7507/2
f 9226/7546/1 9227/7547/1 9193/7513/1
f 9261/7546/2 9228/7513/2 9262/7547/2
f 9226/7546/1 9193/7513/1 9194/7514/1
f 9261/7546/2 9229/7514/2 9228/7513/2
f 9226/7546/1 9194/7514/1 9195/7515/1
f 9261/7546/2 9230/7515/2 9229/7514/2
f 9226/7546/1 9195/7515/1 9196/7516/1
f 9261/7546/2 9231/7516/2 9230/7515/2
f 9197/7517/1 9198/7518/1 9199/7519/1
f 9232/7517/2 9234/7519/2 9233/7518/2
f 9197/7517/1 9199/7519/1 9200/7520/1
f 9232/7517/2 9235/7520/2 9234/7519/2
f 9197/7517/1 9200/7520/1 9201/7521/1
f 9232/7517/2 9236/7521/2 9235/7520/2
f 9197/7517/1 9201/7521/1 9202/7522/1
f 9232/7517/2 9237/7522/2 9236/7521/2
f 9197/7517/1 9202/7522/1 9203/7523/1
f 9232/7517/2 9238/7523/2 9237/7522/2
f 9197/7517/1 9203/7523/1 9204/7524/1
f 9232/7517/2 9239/7524/2 9238/7523/2
f 9197/7517/1 9204/7524/1 9205/7525/1
f 9232/7517/2 9240/7525/2 9239/7524/2
f 9197/7517/1 9205/7525/1 9206/7526/1
f 9232/7517/2 9241/7526/2 9240/7525/2
f 9197/7517/1 9206/7526/1 9207/7527/1
f 9232/7517/2 9242/7527/2 9241/7526/2
f 9197/7517/1 9207/7527/1 9208/7528/1
f 9232/7517/2 9243/7528/2 9242/7527/2
f 9197/7517/1 9208/7528/1 9209/7529/1
f 9232/7517/2 9244/7529/2 9243/7528/2
f 9197/7517/1 9209/7529/1 9210/7530/1
f 9232/7517/2 9245/7530/2 9244/7529/2
f 9197/7517/1 9210/7530/1 9211/7531/1
f 9232/7517/2 9246/7531/2 9245/7530/2
f 9197/7517/1 9211/7531/1 9212/7532/1
f 9232/7517/2 9247/7532/2 9246/7531/2
f 9197/7517/1 9212/7532/1 9213/7533/1
f 9232/7517/2 9248/7533/2 9247/7532/2
f 9197/7517/1 9213/7533/1 9214/7534/1
f 9232/7517/2 9249/7534/2 9248/7533/2
f 9197/7517/1 9214/7534/1 9215/7535/1
f 9232/7517/2 9250/7535/2 9249/7534/2
f 9197/7517/1 9215/7535/1 9216/7536/1
f 9232/7517/2 9251/7536/2 9250/7535/2
f 9197/7517/1 9216/7536/1 9217/7537/1
f 9232/7517/2 9252/7537/2 9251/7536/2
f 9197/7517/1 9217/7537/1 9218/7538/1
f 9232/7517/2 9253/7538/2 9252/7537/2
f 9197/7517/1 9218/7538/1 9219/7539/1
f 9232/7517/2 9254/7539/2 9253/7538/2
f 9197/7517/1 9219/7539/1 9220/7540/1
f 9232/7517/2 9255/7540/2 9254/7539/2
f 9197/7517/1 9220/7540/1 9221/7541/1
f 9232/7517/2 9256/7541/2 9255/7540/2
f 9197/7517/1 9221/7541/1 9222/7542/1
f 9232/7517/2 9257/7542/2 9256/7541/2
f 9222/7542/1 9223/7543/1 9224/7544/1
f 9257/7542/2 9259/7544/2 9258/7543/2
f 9222/7542/1 9224/7544/1 9225/7545/1
f 9257/7542/2 9260/7545/2 9259/7544/2
f 9222/7542/1 9225/7545/1 9226/7546/1
f 9257/7542/2 9261/7546/2 9260/7545/2
f 9222/7542/1 9226/7546/1 9196/7516/1
f 9257/7542/2 9231/7516/2 9261/7546/2
f 9222/7542/1 9196/7516/1 9197/7517/1
f 9257/7542/2 9232/7517/2 9231/7516/2
f 9317/7602/1 9331/7616/1 9332/7617/1
f 9388/7602/2 9403/7617/2 9402/7616/2
f 9330/7615/1 9331/7616/1 9317/7602/1
f 9401/7615/2 9388/7602/2 9402/7616/2
f 9330/7615/1 9317/7602/1 9318/7603/1
f 9401/7615/2 9389/7603/2 9388/7602/2
f 9330/7615/1 9318/7603/1 9319/7604/1
f 9401/7615/2 9390/7604/2 9389/7603/2
f 9330/7615/1 9319/7604/1 9320/7605/1
f 9401/7615/2 9391/7605/2 9390/7604/2
f 9320/7605/1 9321/7606/1 9263/7548/1
f 9391/7605/2 9334/7548/2 9392/7606/2
f 9320/7605/1 9263/7548/1 9264/7549/1
f 9391/7605/2 9335/7549/2 9334/7548/2
f 9320/7605/1 9264/7549/1 9265/7550/1
f 9391/7605/2 9336/7550/2 9335/7549/2
f 9320/7605/1 9265/7550/1 9266/7551/1
f 9391/7605/2 9337/7551/2 9336/7550/2
f 9271/7556/1 9272/7557/1 9273/7558/1
f 9342/7556/2 9344/7558/2 9343/7557/2
f 9271/7556/1 9273/7558/1 9274/7559/1
f 9342/7556/2 9345/7559/2 9344/7558/2
f 9271/7556/1 9274/7559/1 9275/7560/1
f 9342/7556/2 9346/7560/2 9345/7559/2
f 9271/7556/1 9275/7560/1 9276/7561/1
f 9342/7556/2 9347/7561/2 9346/7560/2
f 9271/7556/1 9276/7561/1 9277/7562/1
f 9342/7556/2 9348/7562/2 9347/7561/2
f 9271/7556/1 9277/7562/1 9278/7563/1
f 9342/7556/2 9349/7563/2 9348/7562/2
f 9271/7556/1 9278/7563/1 9279/7564/1
f 9342/7556/2 9350/7564/2 9349/7563/2
f 9271/7556/1 9279/7564/1 9280/7565/1
f 9342/7556/2 9351/7565/2 9350/7564/2
f 9271/7556/1 9280/7565/1 9281/7566/1
f 9342/7556/2 9352/7566/2 9351/7565/2
f 9271/7556/1 9281/7566/1 9282/7567/1
f 9342/7556/2 9353/7567/2 9352/7566/2
f 9271/7556/1 9282/7567/1 9283/7568/1
f 9342/7556/2 9354/7568/2 9353/7567/2
f 9271/7556/1 9283/7568/1 9284/7569/1
f 9342/7556/2 9355/7569/2 9354/7568/2
f 9271/7556/1 9284/7569/1 9285/7570/1
f 9342/7556/2 9356/7570/2 9355/7569/2
f 9271/7556/1 9285/7570/1 9286/7571/1
f 9342/7556/2 9357/7571/2 9356/7570/2
f 9271/7556/1 9286/7571/1 9287/7572/1
f 9342/7556/2 9358/7572/2 9357/7571/2
f 9271/7556/1 9287/7572/1 9288/7573/1
f 9342/7556/2 9359/7573/2 9358/7572/2
f 9271/7556/1 9288/7573/1 9289/7574/1
f 9342/7556/2 9360/7574/2 9359/7573/2
f 9271/7556/1 9289/7574/1 9290/7575/1
f 9342/7556/2 9361/7575/2 9360/7574/2
f 9290/7575/1 9291/7576/1 9292/7577/1
f 9361/7575/2 9363/7577/2 9362/7576/2
f 9290/7575/1 9292/7577/1 9293/7578/1
f 9361/7575/2 9364/7578/2 9363/7577/2
f 9290/7575/1 9293/7578/1 9294/7579/1
f 9361/7575/2 9365/7579/2 9364/7578/2
f 9290/7575/1 9294/7579/1 9295/7580/1
f 9361/7575/2 9366/7580/2 9365/7579/2
f 9290/7575/1 9295/7580/1 9296/7581/1
f 9361/7575/2 9367/7581/2 9366/7580/2
f 9290/7575/1 9296/7581/1 9297/7582/1
f 9361/7575/2 9368/7582/2 9367/7581/2
f 9290/7575/1 9297/7582/1 9298/7583/1
f 9361/7575/2 9369/7583/2 9368/7582/2
f 9290/7575/1 9298/7583/1 9299/7584/1
f 9361/7575/2 9370/7584/2 9369/7583/2
f 9290/7575/1 9299/7584/1 9300/7585/1
f 9361/7575/2 9371/7585/2 9370/7584/2
f 9290/7575/1 9300/7585/1 9301/7586/1
f 9361/7575/2 9372/7586/2 9371/7585/2
f 9290/7575/1 9301/7586/1 9302/7587/1
f 9361/7575/2 9373/7587/2 9372/7586/2
f 9290/7575/1 9302/7587/1 9303/7588/1
f 9361/7575/2 9374/7588/2 9373/7587/2
f 9290/7575/1 9303/7588/1 9304/7589/1
f 9361/7575/2 9375/7589/2 9374/7588/2
f 9290/7575/1 9304/7589/1 9305/7590/1
f 9361/7575/2 9376/7590/2 9375/7589/2
f 9290/7575/1 9305/7590/1 9306/7591/1
f 9361/7575/2 9377/7591/2 9376/7590/2
f 9290/7575/1 9306/7591/1 9307/7592/1
f 9361/7575/2 9378/7592/2 9377/7591/2
f 9290/7575/1 9307/7592/1 9308/7593/1
f 9361/7575/2 9379/7593/2 9378/7592/2
f 9290/7575/1 9308/7593/1 9309/7594/1
f 9361/7575/2 9380/7594/2 9379/7593/2
f 9290/7575/1 9309/7594/1 9310/7595/1
f 9361/7575/2 9381/7595/2 9380/7594/2
f 9290/7575/1 9310/7595/1 9311/7596/1
f 9361/7575/2 9382/7596/2 9381/7595/2
f 9290/7575/1 9311/7596/1 9312/7597/1
f 9361/7575/2 9383/7597/2 9382/7596/2
f 9312/7597/1 9313/7598/1 9314/7599/1
f 9383/7597/2 9385/7599/2 9384/7598/2
f 9312/7597/1 9314/7599/1 9315/7600/1
f 9383/7597/2 9386/7600/2 9385/7599/2
f 9312/7597/1 9315/7600/1 9316/7601/1
f 9383/7597/2 9387/7601/2 9386/7600/2
f 9316/7601/1 9317/7602/1 9332/7617/1
f 9387/7601/2 9403/7617/2 9388/7602/2
f 9316/7601/1 9332/7617/1 9333/7618/1
f 9387/7601/2 9404/7618/2 9403/7617/2
f 9316/7601/1 9333/7618/1 9322/7607/1
f 9387/7601/2 9393/7607/2 9404/7618/2
f 9329/7614/1 9330/7615/1 9320/7605/1
f 9400/7614/2 9391/7605/2 9401/7615/2
f 9329/7614/1 9320/7605/1 9266/7551/1
f 9400/7614/2 9337/7551/2 9391/7605/2
f 9329/7614/1 9266/7551/1 9267/7552/1
f 9400/7614/2 9338/7552/2 9337/7551/2
f 9329/7614/1 9267/7552/1 9268/7553/1
f 9400/7614/2 9339/7553/2 9338/7552/2
f 9329/7614/1 9268/7553/1 9269/7554/1
f 9400/7614/2 9340/7554/2 9339/7553/2
f 9329/7614/1 9269/7554/1 9270/7555/1
f 9400/7614/2 9341/7555/2 9340/7554/2
f 9270/7555/1 9271/7556/1 9290/7575/1
f 9341/7555/2 9361/7575/2 9342/7556/2
f 9270/7555/1 9290/7575/1 9312/7597/1
f 9341/7555/2 9383/7597/2 9361/7575/2
f 9312/7597/1 9316/7601/1 9322/7607/1
f 9383/7597/2 9393/7607/2 9387/7601/2
f 9312/7597/1 9322/7607/1 9323/7608/1
f 9383/7597/2 9394/7608/2 9393/7607/2
f 9312/7597/1 9323/7608/1 9324/7609/1
f 9383/7597/2 9395/7609/2 9394/7608/2
f 9312/7597/1 9324/7609/1 9325/7610/1
f 9383/7597/2 9396/7610/2 9395/7609/2
f 9312/7597/1 9325/7610/1 9326/7611/1
f 9383/7597/2 9397/7611/2 9396/7610/2
f 9328/7613/1 9329/7614/1 9270/7555/1
f 9399/7613/2 9341/7555/2 9400/7614/2
f 9270/7555/1 9312/7597/1 9326/7611/1
f 9341/7555/2 9397/7611/2 9383/7597/2
f 9270/7555/1 9326/7611/1 9327/7612/1
f 9341/7555/2 9398/7612/2 9397/7611/2
f 9270/7555/1 9327/7612/1 9328/7613/1
f 9341/7555/2 9399/7613/2 9398/7612/2
f 9438/7652/1 9457/7671/1 9458/7672/1
f 9492/7652/2 9512/7672/2 9511/7671/2
f 9438/7652/1 9458/7672/1 9451/7665/1
f 9492/7652/2 9505/7665/2 9512/7672/2
f 9456/7670/1 9457/7671/1 9438/7652/1
f 9510/7670/2 9492/7652/2 9511/7671/2
f 9456/7670/1 9438/7652/1 9439/7653/1
f 9510/7670/2 9493/7653/2 9492/7652/2
f 9456/7670/1 9439/7653/1 9440/7654/1
f 9510/7670/2 9494/7654/2 9493/7653/2
f 9456/7670/1 9440/7654/1 9441/7655/1
f 9510/7670/2 9495/7655/2 9494/7654/2
f 9456/7670/1 9441/7655/1 9442/7656/1
f 9510/7670/2 9496/7656/2 9495/7655/2
f 9456/7670/1 9442/7656/1 9443/7657/1
f 9510/7670/2 9497/7657/2 9496/7656/2
f 9456/7670/1 9443/7657/1 9444/7658/1
f 9510/7670/2 9498/7658/2 9497/7657/2
f 9456/7670/1 9444/7658/1 9445/7659/1
f 9510/7670/2 9499/7659/2 9498/7658/2
f 9445/7659/1 9446/7660/1 9447/7661/1
f 9499/7659/2 9501/7661/2 9500/7660/2
f 9445/7659/1 9447/7661/1 9448/7662/1
f 9499/7659/2 9502/7662/2 9501/7661/2
f 9445/7659/1 9448/7662/1 9449/7663/1
f 9499/7659/2 9503/7663/2 9502/7662/2
f 9445/7659/1 9449/7663/1 9450/7664/1
f 9499/7659/2 9504/7664/2 9503/7663/2
f 9405/7619/1 9406/7620/1 9407/7621/1
f 9459/7619/2 9461/7621/2 9460/7620/2
f 9405/7619/1 9407/7621/1 9408/7622/1
f 9459/7619/2 9462/7622/2 9461/7621/2
f 9405/7619/1 9408/7622/1 9409/7623/1
f 9459/7619/2 9463/7623/2 9462/7622/2
f 9405/7619/1 9409/7623/1 9410/7624/1
f 9459/7619/2 9464/7624/2 9463/7623/2
f 9405/7619/1 9410/7624/1 9411/7625/1
f 9459/7619/2 9465/7625/2 9464/7624/2
f 9405/7619/1 9411/7625/1 9412/7626/1
f 9459/7619/2 9466/7626/2 9465/7625/2
f 9405/7619/1 9412/7626/1 9413/7627/1
f 9459/7619/2 9467/7627/2 9466/7626/2
f 9405/7619/1 9413/7627/1 9414/7628/1
f 9459/7619/2 9468/7628/2 9467/7627/2
f 9405/7619/1 9414/7628/1 9415/7629/1
f 9459/7619/2 9469/7629/2 9468/7628/2
f 9405/7619/1 9415/7629/1 9416/7630/1
f 9459/7619/2 9470/7630/2 9469/7629/2
f 9405/7619/1 9416/7630/1 9417/7631/1
f 9459/7619/2 9471/7631/2 9470/7630/2
f 9405/7619/1 9417/7631/1 9418/7632/1
f 9459/7619/2 9472/7632/2 9471/7631/2
f 9405/7619/1 9418/7632/1 9419/7633/1
f 9459/7619/2 9473/7633/2 9472/7632/2
f 9405/7619/1 9419/7633/1 9420/7634/1
f 9459/7619/2 9474/7634/2 9473/7633/2
f 9405/7619/1 9420/7634/1 9421/7635/1
f 9459/7619/2 9475/7635/2 9474/7634/2
f 9405/7619/1 9421/7635/1 9422/7636/1
f 9459/7619/2 9476/7636/2 9475/7635/2
f 9405/7619/1 9422/7636/1 9423/7637/1
f 9459/7619/2 9477/7637/2 9476/7636/2
f 9405/7619/1 9423/7637/1 9424/7638/1
f 9459/7619/2 9478/7638/2 9477/7637/2
f 9405/7619/1 9424/7638/1 9425/7639/1
f 9459/7619/2 9479/7639/2 9478/7638/2
f 9405/7619/1 9425/7639/1 9426/7640/1
f 9459/7619/2 9480/7640/2 9479/7639/2
f 9405/7619/1 9426/7640/1 9427/7641/1
f 9459/7619/2 9481/7641/2 9480/7640/2
f 9427/7641/1 9428/7642/1 9429/7643/1
f 9481/7641/2 9483/7643/2 9482/7642/2
f 9427/7641/1 9429/7643/1 9430/7644/1
f 9481/7641/2 9484/7644/2 9483/7643/2
f 9427/7641/1 9430/7644/1 9431/7645/1
f 9481/7641/2 9485/7645/2 9484/7644/2
f 9427/7641/1 9431/7645/1 9432/7646/1
f 9481/7641/2 9486/7646/2 9485/7645/2
f 9427/7641/1 9432/7646/1 9433/7647/1
f 9481/7641/2 9487/7647/2 9486/7646/2
f 9427/7641/1 9433/7647/1 9434/7648/1
f 9481/7641/2 9488/7648/2 9487/7647/2
f 9427/7641/1 9434/7648/1 9435/7649/1
f 9481/7641/2 9489/7649/2 9488/7648/2
f 9427/7641/1 9435/7649/1 9436/7650/1
f 9481/7641/2 9490/7650/2 9489/7649/2
f 9427/7641/1 9436/7650/1 9437/7651/1
f 9481/7641/2 9491/7651/2 9490/7650/2
f 9427/7641/1 9437/7651/1 9438/7652/1
f 9481/7641/2 9492/7652/2 9491/7651/2
f 9427/7641/1 9438/7652/1 9451/7665/1
f 9481/7641/2 9505/7665/2 9492/7652/2
f 9427/7641/1 9451/7665/1 9452/7666/1
f 9481/7641/2 9506/7666/2 9505/7665/2
f 9427/7641/1 9452/7666/1 9453/7667/1
f 9481/7641/2 9507/7667/2 9506/7666/2
f 9427/7641/1 9453/7667/1 9454/7668/1
f 9481/7641/2 9508/7668/2 9507/7667/2
f 9427/7641/1 9454/7668/1 9455/7669/1
f 9481/7641/2 9509/7669/2 9508/7668/2
f 9427/7641/1 9455/7669/1 9456/7670/1
f 9481/7641/2 9510/7670/2 9509/7669/2
f 9456/7670/1 9445/7659/1 9450/7664/1
f 9510/7670/2 9504/7664/2 9499/7659/2
f 9456/7670/1 9450/7664/1 9405/7619/1
f 9510/7670/2 9459/7619/2 9504/7664/2
f 9456/7670/1 9405/7619/1 9427/7641/1
f 9510/7670/2 9481/7641/2 9459/7619/2
f 9573/7733/1 9574/7734/1 9513/7673/1
f 9635/7733/2 9575/7673/2 9636/7734/2
f 9573/7733/1 9513/7673/1 9514/7674/1
f 9635/7733/2 9576/7674/2 9575/7673/2
f 9573/7733/1 9514/7674/1 9515/7675/1
f 9635/7733/2 9577/7675/2 9576/7674/2
f 9573/7733/1 9515/7675/1 9516/7676/1
f 9635/7733/2 9578/7676/2 9577/7675/2
f 9573/7733/1 9516/7676/1 9517/7677/1
f 9635/7733/2 9579/7677/2 9578/7676/2
f 9573/7733/1 9517/7677/1 9518/7678/1
f 9635/7733/2 9580/7678/2 9579/7677/2
f 9573/7733/1 9518/7678/1 9519/7679/1
f 9635/7733/2 9581/7679/2 9580/7678/2
f 9573/7733/1 9519/7679/1 9520/7680/1
f 9635/7733/2 9582/7680/2 9581/7679/2
f 9573/7733/1 9520/7680/1 9521/7681/1
f 9635/7733/2 9583/7681/2 9582/7680/2
f 9573/7733/1 9521/7681/1 9522/7682/1
f 9635/7733/2 9584/7682/2 9583/7681/2
f 9573/7733/1 9522/7682/1 9523/7683/1
f 9635/7733/2 9585/7683/2 9584/7682/2
f 9573/7733/1 9523/7683/1 9524/7684/1
f 9635/7733/2 9586/7684/2 9585/7683/2
f 9529/7689/1 9530/7690/1 9531/7691/1
f 9591/7689/2 9593/7691/2 9592/7690/2
f 9529/7689/1 9531/7691/1 9532/7692/1
f 9591/7689/2 9594/7692/2 9593/7691/2
f 9529/7689/1 9532/7692/1 9533/7693/1
f 9591/7689/2 9595/7693/2 9594/7692/2
f 9529/7689/1 9533/7693/1 9534/7694/1
f 9591/7689/2 9596/7694/2 9595/7693/2
f 9529/7689/1 9534/7694/1 9535/7695/1
f 9591/7689/2 9597/7695/2 9596/7694/2
f 9529/7689/1 9535/7695/1 9536/7696/1
f 9591/7689/2 9598/7696/2 9597/7695/2
f 9529/7689/1 9536/7696/1 9537/7697/1
f 9591/7689/2 9599/7697/2 9598/7696/2
f 9529/7689/1 9537/7697/1 9538/7698/1
f 9591/7689/2 9600/7698/2 9599/7697/2
f 9529/7689/1 9538/7698/1 9539/7699/1
f 9591/7689/2 9601/7699/2 9600/7698/2
f 9529/7689/1 9539/7699/1 9540/7700/1
f 9591/7689/2 9602/7700/2 9601/7699/2
f 9529/7689/1 9540/7700/1 9541/7701/1
f 9591/7689/2 9603/7701/2 9602/7700/2
f 9529/7689/1 9541/7701/1 9542/7702/1
f 9591/7689/2 9604/7702/2 9603/7701/2
f 9529/7689/1 9542/7702/1 9543/7703/1
f 9591/7689/2 9605/7703/2 9604/7702/2
f 9529/7689/1 9543/7703/1 9544/7704/1
f 9591/7689/2 9606/7704/2 9605/7703/2
f 9529/7689/1 9544/7704/1 9545/7705/1
f 9591/7689/2 9607/7705/2 9606/7704/2
f 9529/7689/1 9545/7705/1 9546/7706/1
f 9591/7689/2 9608/7706/2 9607/7705/2
f 9529/7689/1 9546/7706/1 9547/7707/1
f 9591/7689/2 9609/7707/2 9608/7706/2
f 9529/7689/1 9547/7707/1 9548/7708/1
f 9591/7689/2 9610/7708/2 9609/7707/2
f 9529/7689/1 9548/7708/1 9549/7709/1
f 9591/7689/2 9611/7709/2 9610/7708/2
f 9529/7689/1 9549/7709/1 9550/7710/1
f 9591/7689/2 9612/7710/2 9611/7709/2
f 9529/7689/1 9550/7710/1 9551/7711/1
f 9591/7689/2 9613/7711/2 9612/7710/2
f 9529/7689/1 9551/7711/1 9552/7712/1
f 9591/7689/2 9614/7712/2 9613/7711/2
f 9529/7689/1 9552/7712/1 9553/7713/1
f 9591/7689/2 9615/7713/2 9614/7712/2
f 9529/7689/1 9553/7713/1 9554/7714/1
f 9591/7689/2 9616/7714/2 9615/7713/2
f 9529/7689/1 9554/7714/1 9555/7715/1
f 9591/7689/2 9617/7715/2 9616/7714/2
f 9555/7715/1 9556/7716/1 9557/7717/1
f 9617/7715/2 9619/7717/2 9618/7716/2
f 9555/7715/1 9557/7717/1 9558/7718/1
f 9617/7715/2 9620/7718/2 9619/7717/2
f 9555/7715/1 9558/7718/1 9559/7719/1
f 9617/7715/2 9621/7719/2 9620/7718/2
f 9555/7715/1 9559/7719/1 9560/7720/1
f 9617/7715/2 9622/7720/2 9621/7719/2
f 9555/7715/1 9560/7720/1 9561/7721/1
f 9617/7715/2 9623/7721/2 9622/7720/2
f 9555/7715/1 9561/7721/1 9562/7722/1
f 9617/7715/2 9624/7722/2 9623/7721/2
f 9555/7715/1 9562/7722/1 9563/7723/1
f 9617/7715/2 9625/7723/2 9624/7722/2
f 9555/7715/1 9563/7723/1 9564/7724/1
f 9617/7715/2 9626/7724/2 9625/7723/2
f 9555/7715/1 9564/7724/1 9565/7725/1
f 9617/7715/2 9627/7725/2 9626/7724/2
f 9555/7715/1 9565/7725/1 9566/7726/1
f 9617/7715/2 9628/7726/2 9627/7725/2
f 9555/7715/1 9566/7726/1 9567/7727/1
f 9617/7715/2 9629/7727/2 9628/7726/2
f 9555/7715/1 9567/7727/1 9568/7728/1
f 9617/7715/2 9630/7728/2 9629/7727/2
f 9555/7715/1 9568/7728/1 9569/7729/1
f 9617/7715/2 9631/7729/2 9630/7728/2
f 9555/7715/1 9569/7729/1 9570/7730/1
f 9617/7715/2 9632/7730/2 9631/7729/2
f 9555/7715/1 9570/7730/1 9571/7731/1
f 9617/7715/2 9633/7731/2 9632/7730/2
f 9555/7715/1 9571/7731/1 9572/7732/1
f 9617/7715/2 9634/7732/2 9633/7731/2
f 9555/7715/1 9572/7732/1 9573/7733/1
f 9617/7715/2 9635/7733/2 9634/7732/2
f 9555/7715/1 9573/7733/1 9524/7684/1
f 9617/7715/2 9586/7684/2 9635/7733/2
f 9555/7715/1 9524/7684/1 9525/7685/1
f 9617/7715/2 9587/7685/2 9586/7684/2
f 9555/7715/1 9525/7685/1 9526/7686/1
f 9617/7715/2 9588/7686/2 9587/7685/2
f 9555/7715/1 9526/7686/1 9527/7687/1
f 9617/7715/2 9589/7687/2 9588/7686/2
f 9555/7715/1 9527/7687/1 9528/7688/1
f 9617/7715/2 9590/7688/2 9589/7687/2
f 9555/7715/1 9528/7688/1 9529/7689/1
f 9617/7715/2 9591/7689/2 9590/7688/2
f 9671/7769/1 9672/7770/1 9637/7735/1
f 9707/7769/2 9673/7735/2 9708/7770/2
f 9671/7769/1 9637/7735/1 9638/7736/1
f 9707/7769/2 9674/7736/2 9673/7735/2
f 9671/7769/1 9638/7736/1 9639/7737/1
f 9707/7769/2 9675/7737/2 9674/7736/2
f 9671/7769/1 9639/7737/1 9640/7738/1
f 9707/7769/2 9676/7738/2 9675/7737/2
f 9671/7769/1 9640/7738/1 9641/7739/1
f 9707/7769/2 9677/7739/2 9676/7738/2
f 9671/7769/1 9641/7739/1 9642/7740/1
f 9707/7769/2 9678/7740/2 9677/7739/2
f 9671/7769/1 9642/7740/1 9643/7741/1
f 9707/7769/2 9679/7741/2 9678/7740/2
f 9671/7769/1 9643/7741/1 9644/7742/1
f 9707/7769/2 9680/7742/2 9679/7741/2
f 9671/7769/1 9644/7742/1 9645/7743/1
f 9707/7769/2 9681/7743/2 9680/7742/2
f 9645/7743/1 9646/7744/1 9647/7745/1
f 9681/7743/2 9683/7745/2 9682/7744/2
f 9645/7743/1 9647/7745/1 9648/7746/1
f 9681/7743/2 9684/7746/2 9683/7745/2
f 9645/7743/1 9648/7746/1 9649/7747/1
f 9681/7743/2 9685/7747/2 9684/7746/2
f 9645/7743/1 9649/7747/1 9650/7748/1
f 9681/7743/2 9686/7748/2 9685/7747/2
f 9645/7743/1 9650/7748/1 9651/7749/1
f 9681/7743/2 9687/7749/2 9686/7748/2
f 9645/7743/1 9651/7749/1 9652/7750/1
f 9681/7743/2 9688/7750/2 9687/7749/2
f 9645/7743/1 9652/7750/1 9653/7751/1
f 9681/7743/2 9689/7751/2 9688/7750/2
f 9645/7743/1 9653/7751/1 9654/7752/1
f 9681/7743/2 9690/7752/2 9689/7751/2
f 9645/7743/1 9655/7753/1 9654/7752/1
f 9681/7743/2 9690/7752/2 9691/7753/2
f 9655/7753/1 9656/7754/1 9657/7755/1
f 9691/7753/2 9693/7755/2 9692/7754/2
f 9655/7753/1 9657/7755/1 9658/7756/1
f 9691/7753/2 9694/7756/2 9693/7755/2
f 9655/7753/1 9658/7756/1 9659/7757/1
f 9691/7753/2 9695/7757/2 9694/7756/2
f 9655/7753/1 9659/7757/1 9660/7758/1
f 9691/7753/2 9696/7758/2 9695/7757/2
f 9655/7753/1 9660/7758/1 9661/7759/1
f 9691/7753/2 9697/7759/2 9696/7758/2
f 9655/7753/1 9661/7759/1 9662/7760/1
f 9691/7753/2 9698/7760/2 9697/7759/2
f 9655/7753/1 9662/7760/1 9663/7761/1
f 9691/7753/2 9699/7761/2 9698/7760/2
f 9655/7753/1 9663/7761/1 9664/7762/1
f 9691/7753/2 9700/7762/2 9699/7761/2
f 9655/7753/1 9664/7762/1 9665/7763/1
f 9691/7753/2 9701/7763/2 9700/7762/2
f 9655/7753/1 9665/7763/1 9666/7764/1
f 9691/7753/2 9702/7764/2 9701/7763/2
f 9655/7753/1 9666/7764/1 9667/7765/1
f 9691/7753/2 9703/7765/2 9702/7764/2
f 9655/7753/1 9667/7765/1 9668/7766/1
f 9691/7753/2 9704/7766/2 9703/7765/2
f 9655/7753/1 9668/7766/1 9669/7767/1
f 9691/7753/2 9705/7767/2 9704/7766/2
f 9655/7753/1 9669/7767/1 9670/7768/1
f 9691/7753/2 9706/7768/2 9705/7767/2
f 9655/7753/1 9670/7768/1 9671/7769/1
f 9691/7753/2 9707/7769/2 9706/7768/2
f 9655/7753/1 9671/7769/1 9645/7743/1
f 9691/7753/2 9681/7743/2 9707/7769/2
f 9763/7825/1 9777/7839/1 9778/7840/1
f 9834/7825/2 9849/7840/2 9848/7839/2
f 9776/7838/1 9777/7839/1 9763/7825/1
f 9847/7838/2 9834/7825/2 9848/7839/2
f 9776/7838/1 9763/7825/1 9764/7826/1
f 9847/7838/2 9835/7826/2 9834/7825/2
f 9776/7838/1 9764/7826/1 9765/7827/1
f 9847/7838/2 9836/7827/2 9835/7826/2
f 9776/7838/1 9765/7827/1 9766/7828/1
f 9847/7838/2 9837/7828/2 9836/7827/2
f 9766/7828/1 9767/7829/1 9709/7771/1
f 9837/7828/2 9780/7771/2 9838/7829/2
f 9766/7828/1 9709/7771/1 9710/7772/1
f 9837/7828/2 9781/7772/2 9780/7771/2
f 9766/7828/1 9710/7772/1 9711/7773/1
f 9837/7828/2 9782/7773/2 9781/7772/2
f 9766/7828/1 9711/7773/1 9712/7774/1
f 9837/7828/2 9783/7774/2 9782/7773/2
f 9717/7779/1 9718/7780/1 9719/7781/1
f 9788/7779/2 9790/7781/2 9789/7780/2
f 9717/7779/1 9719/7781/1 9720/7782/1
f 9788/7779/2 9791/7782/2 9790/7781/2
f 9717/7779/1 9720/7782/1 9721/7783/1
f 9788/7779/2 9792/7783/2 9791/7782/2
f 9717/7779/1 9721/7783/1 9722/7784/1
f 9788/7779/2 9793/7784/2 9792/7783/2
f 9717/7779/1 9722/7784/1 9723/7785/1
f 9788/7779/2 9794/7785/2 9793/7784/2
f 9717/7779/1 9723/7785/1 9724/7786/1
f 9788/7779/2 9795/7786/2 9794/7785/2
f 9717/7779/1 9724/7786/1 9725/7787/1
f 9788/7779/2 9796/7787/2 9795/7786/2
f 9717/7779/1 9725/7787/1 9726/7788/1
f 9788/7779/2 9797/7788/2 9796/7787/2
f 9717/7779/1 9726/7788/1 9727/7789/1
f 9788/7779/2 9798/7789/2 9797/7788/2
f 9717/7779/1 9727/7789/1 9728/7790/1
f 9788/7779/2 9799/7790/2 9798/7789/2
f 9717/7779/1 9728/7790/1 9729/7791/1
f 9788/7779/2 9800/7791/2 9799/7790/2
f 9717/7779/1 9729/7791/1 9730/7792/1
f 9788/7779/2 9801/7792/2 9800/7791/2
f 9717/7779/1 9730/7792/1 9731/7793/1
f 9788/7779/2 9802/7793/2 9801/7792/2
f 9717/7779/1 9731/7793/1 9732/7794/1
f 9788/7779/2 9803/7794/2 9802/7793/2
f 9717/7779/1 9732/7794/1 9733/7795/1
f 9788/7779/2 9804/7795/2 9803/7794/2
f 9717/7779/1 9733/7795/1 9734/7796/1
f 9788/7779/2 9805/7796/2 9804/7795/2
f 9717/7779/1 9734/7796/1 9735/7797/1
f 9788/7779/2 9806/7797/2 9805/7796/2
f 9717/7779/1 9735/7797/1 9736/7798/1
f 9788/7779/2 9807/7798/2 9806/7797/2
f 9736/7798/1 9737/7799/1 9738/7800/1
f 9807/7798/2 9809/7800/2 9808/7799/2
f 9736/7798/1 9738/7800/1 9739/7801/1
f 9807/7798/2 9810/7801/2 9809/7800/2
f 9736/7798/1 9739/7801/1 9740/7802/1
f 9807/7798/2 9811/7802/2 9810/7801/2
f 9736/7798/1 9740/7802/1 9741/7803/1
f 9807/7798/2 9812/7803/2 9811/7802/2
f 9736/7798/1 9741/7803/1 9742/7804/1
f 9807/7798/2 9813/7804/2 9812/7803/2
f 9736/7798/1 9742/7804/1 9743/7805/1
f 9807/7798/2 9814/7805/2 9813/7804/2
f 9736/7798/1 9743/7805/1 9744/7806/1
f 9807/7798/2 9815/7806/2 9814/7805/2
f 9736/7798/1 9744/7806/1 9745/7807/1
f 9807/7798/2 9816/7807/2 9815/7806/2
f 9736/7798/1 9745/7807/1 9746/7808/1
f 9807/7798/2 9817/7808/2 9816/7807/2
f 9736/7798/1 9746/7808/1 9747/7809/1
f 9807/7798/2 9818/7809/2 9817/7808/2
f 9736/7798/1 9747/7809/1 9748/7810/1
f 9807/7798/2 9819/7810/2 9818/7809/2
f 9736/7798/1 9748/7810/1 9749/7811/1
f 9807/7798/2 9820/7811/2 9819/7810/2
f 9736/7798/1 9749/7811/1 9750/7812/1
f 9807/7798/2 9821/7812/2 9820/7811/2
f 9736/7798/1 9750/7812/1 9751/7813/1
f 9807/7798/2 9822/7813/2 9821/7812/2
f 9736/7798/1 9751/7813/1 9752/7814/1
f 9807/7798/2 9823/7814/2 9822/7813/2
f 9736/7798/1 9752/7814/1 9753/7815/1
f 9807/7798/2 9824/7815/2 9823/7814/2
f 9736/7798/1 9753/7815/1 9754/7816/1
f 9807/7798/2 9825/7816/2 9824/7815/2
f 9736/7798/1 9754/7816/1 9755/7817/1
f 9807/7798/2 9826/7817/2 9825/7816/2
f 9736/7798/1 9755/7817/1 9756/7818/1
f 9807/7798/2 9827/7818/2 9826/7817/2
f 9736/7798/1 9756/7818/1 9757/7819/1
f 9807/7798/2 9828/7819/2 9827/7818/2
f 9736/7798/1 9757/7819/1 9758/7820/1
f 9807/7798/2 9829/7820/2 9828/7819/2
f 9758/7820/1 9759/7821/1 9760/7822/1
f 9829/7820/2 9831/7822/2 9830/7821/2
f 9758/7820/1 9760/7822/1 9761/7823/1
f 9829/7820/2 9832/7823/2 9831/7822/2
f 9758/7820/1 9761/7823/1 9762/7824/1
f 9829/7820/2 9833/7824/2 9832/7823/2
f 9762/7824/1 9763/7825/1 9778/7840/1
f 9833/7824/2 9849/7840/2 9834/7825/2
f 9762/7824/1 9778/7840/1 9779/7841/1
f 9833/7824/2 9850/7841/2 9849/7840/2
f 9762/7824/1 9779/7841/1 9768/7830/1
f 9833/7824/2 9839/7830/2 9850/7841/2
f 9775/7837/1 9776/7838/1 9766/7828/1
f 9846/7837/2 9837/7828/2 9847/7838/2
f 9775/7837/1 9766/7828/1 9712/7774/1
f 9846/7837/2 9783/7774/2 9837/7828/2
f 9775/7837/1 9712/7774/1 9713/7775/1
f 9846/7837/2 9784/7775/2 9783/7774/2
f 9775/7837/1 9713/7775/1 9714/7776/1
f 9846/7837/2 9785/7776/2 9784/7775/2
f 9775/7837/1 9714/7776/1 9715/7777/1
f 9846/7837/2 9786/7777/2 9785/7776/2
f 9775/7837/1 9715/7777/1 9716/7778/1
f 9846/7837/2 9787/7778/2 9786/7777/2
f 9716/7778/1 9717/7779/1 9736/7798/1
f 9787/7778/2 9807/7798/2 9788/7779/2
f 9716/7778/1 9736/7798/1 9758/7820/1
f 9787/7778/2 9829/7820/2 9807/7798/2
f 9758/7820/1 9762/7824/1 9768/7830/1
f 9829/7820/2 9839/7830/2 9833/7824/2
f 9758/7820/1 9768/7830/1 9769/7831/1
f 9829/7820/2 9840/7831/2 9839/7830/2
f 9758/7820/1 9769/7831/1 9770/7832/1
f 9829/7820/2 9841/7832/2 9840/7831/2
f 9758/7820/1 9770/7832/1 9771/7833/1
f 9829/7820/2 9842/7833/2 9841/7832/2
f 9758/7820/1 9771/7833/1 9772/7834/1
f 9829/7820/2 9843/7834/2 9842/7833/2
f 9774/7836/1 9775/7837/1 9716/7778/1
f 9845/7836/2 9787/7778/2 9846/7837/2
f 9716/7778/1 9758/7820/1 9772/7834/1
f 9787/7778/2 9843/7834/2 9829/7820/2
f 9716/7778/1 9772/7834/1 9773/7835/1
f 9787/7778/2 9844/7835/2 9843/7834/2
f 9716/7778/1 9773/7835/1 9774/7836/1
f 9787/7778/2 9845/7836/2 9844/7835/2
f 9852/7843/2919 9854/7845/2920 9853/7844/2920
f 9852/7843/2919 9853/7844/2920 9851/7842/2919
f 9856/7847/2921 9858/7849/2922 9857/7848/2922
f 9856/7847/2921 9857/7848/2922 9855/7846/2921
f 9860/7851/2923 9862/7853/2924 9861/7852/2924
f 9860/7851/2923 9861/7852/2924 9859/7850/2923
f 9864/7855/2925 9866/7857/2926 9865/7856/2926
f 9864/7855/2925 9865/7856/2926 9863/7854/2925
f 9868/7859/2927 9870/7861/2928 9869/7860/2928
f 9868/7859/2927 9869/7860/2928 9867/7858/2927
f 9872/7863/2929 9874/7865/2930 9873/7864/2930
f 9872/7863/2929 9873/7864/2930 9871/7862/2929
f 9876/7867/2931 9878/7869/2932 9877/7868/2932
f 9876/7867/2931 9877/7868/2932 9875/7866/2931
f 9880/7871/2933 9882/7873/2934 9881/7872/2934
f 9880/7871/2933 9881/7872/2934 9879/7870/2933
f 9884/7875/2935 9886/7877/2936 9885/7876/2936
f 9884/7875/2935 9885/7876/2936 9883/7874/2935
f 9888/7879/2937 9890/7881/2938 9889/7880/2938
f 9888/7879/2937 9889/7880/2938 9887/7878/2937
f 9892/7883/2939 9894/7885/2940 9893/7884/2940
f 9892/7883/2939 9893/7884/2940 9891/7882/2939
f 9896/7887/2941 9898/7889/2942 9897/7888/2942
f 9896/7887/2941 9897/7888/2942 9895/7886/2941
f 9900/7891/2943 9902/7893/2944 9901/7892/2944
f 9900/7891/2943 9901/7892/2944 9899/7890/2943
f 9904/7895/2945 9906/7897/2946 9905/7896/2946
f 9904/7895/2945 9905/7896/2946 9903/7894/2945
f 9908/7899/2947 9910/7901/2948 9909/7900/2948
f 9908/7899/2947 9909/7900/2948 9907/7898/2947
f 9912/7903/2949 9914/7905/2950 9913/7904/2950
f 9912/7903/2949 9913/7904/2950 9911/7902/2949
f 9916/7907/2951 9918/7909/2952 9917/7908/2952
f 9916/7907/2951 9917/7908/2952 9915/7906/2951
f 9920/7911/2953 9922/7913/2954 9921/7912/2954
f 9920/7911/2953 9921/7912/2954 9919/7910/2953
f 9924/7915/2955 9926/7917/2956 9925/7916/2956
f 9924/7915/2955 9925/7916/2956 9923/7914/2955
f 9928/7919/2957 9930/7921/2958 9929/7920/2958
f 9928/7919/2957 9929/7920/2958 9927/7918/2957
f 9932/7923/2959 9934/7925/2960 9933/7924/2960
f 9932/7923/2959 9933/7924/2960 9931/7922/2959
f 9936/7927/2961 9938/7929/2962 9937/7928/2962
f 9936/7927/2961 9937/7928/2962 9935/7926/2961
f 9940/7931/2963 9942/7933/2964 9941/7932/2964
f 9940/7931/2963 9941/7932/2964 9939/7930/2963
f 9944/7935/2965 9946/7937/2966 9945/7936/2966
f 9944/7935/2965 9945/7936/2966 9943/7934/2965
f 9948/7939/2967 9950/7941/2968 9949/7940/2968
f 9948/7939/2967 9949/7940/2968 9947/7938/2967
f 9952/7943/2969 9954/7945/2970 9953/7944/2970
f 9952/7943/2969 9953/7944/2970 9951/7942/2969
f 9956/7947/2971 9958/7949/2972 9957/7948/2972
f 9956/7947/2971 9957/7948/2972 9955/7946/2971
f 9960/7951/2973 9962/7953/2974 9961/7952/2974
f 9960/7951/2973 9961/7952/2974 9959/7950/2973
f 9964/7955/2975 9966/7957/2976 9965/7956/2976
f 9964/7955/2975 9965/7956/2976 9963/7954/2975
f 9968/7959/2977 9970/7961/2978 9969/7960/2978
f 9968/7959/2977 9969/7960/2978 9967/7958/2977
f 9972/7963/2979 9974/7965/2980 9973/7964/2980
f 9972/7963/2979 9973/7964/2980 9971/7962/2979
f 9976/7967/2981 9978/7969/2982 9977/7968/2982
f 9976/7967/2981 9977/7968/2982 9975/7966/2981
f 9980/7971/2983 9982/7973/2984 9981/7972/2984
f 9980/7971/2983 9981/7972/2984 9979/7970/2983
f 9984/7975/2985 9986/7977/2986 9985/7976/2986
f 9984/7975/2985 9985/7976/2986 9983/7974/2985
f 9988/7979/2987 9990/7981/2988 9989/7980/2988
f 9988/7979/2987 9989/7980/2988 9987/7978/2987
f 9992/7983/2989 9994/7985/2990 9993/7984/2990
f 9992/7983/2989 9993/7984/2990 9991/7982/2989
f 9996/7987/2991 9998/7989/2992 9997/7988/2992
f 9996/7987/2991 9997/7988/2992 9995/7986/2991
f 10000/7991/2993 10002/7993/2994 10001/7992/2994
f 10000/7991/2993 10001/7992/2994 9999/7990/2993
f 10004/7995/2995 10006/7997/2996 10005/7996/2996
f 10004/7995/2995 10005/7996/2996 10003/7994/2995
f 10008/7999/2997 10010/8001/2998 10009/8000/2998
f 10008/7999/2997 10009/8000/2998 10007/7998/2997
f 10012/8003/2999 10014/8005/3000 10013/8004/3000
f 10012/8003/2999 10013/8004/3000 10011/8002/2999
f 10016/8007/3001 10018/8009/3002 10017/8008/3002
f 10016/8007/3001 10017/8008/3002 10015/8006/3001
f 10020/8011/3003 10022/8013/3004 10021/8012/3004
f 10020/8011/3003 10021/8012/3004 10019/8010/3003
f 10024/8015/3005 10026/8017/3006 10025/8016/3006
f 10024/8015/3005 10025/8016/3006 10023/8014/3005
f 10028/8019/3007 10030/8021/3008 10029/8020/3008
f 10028/8019/3007 10029/8020/3008 10027/8018/3007
f 10032/8023/3009 10034/8025/3010 10033/8024/3010
f 10032/8023/3009 10033/8024/3010 10031/8022/3009
f 10036/8027/3011 10038/8029/3012 10037/8028/3012
f 10036/8027/3011 10037/8028/3012 10035/8026/3011
f 10040/8031/3013 10042/8033/3014 10041/8032/3014
f 10040/8031/3013 10041/8032/3014 10039/8030/3013
f 10044/8035/3015 10046/8037/3016 10045/8036/3016
f 10044/8035/3015 10045/8036/3016 10043/8034/3015
f 10048/8039/3017 10050/8041/3018 10049/8040/3018
f 10048/8039/3017 10049/8040/3018 10047/8038/3017
f 10052/8043/3019 10054/8045/3020 10053/8044/3020
f 10052/8043/3019 10053/8044/3020 10051/8042/3019
f 10056/8047/3021 10058/8049/3022 10057/8048/3022
f 10056/8047/3021 10057/8048/3022 10055/8046/3021
f 10060/8051/3023 10062/8053/3024 10061/8052/3024
f 10060/8051/3023 10061/8052/3024 10059/8050/3023
f 10064/8055/3025 10066/8057/3026 10065/8056/3026
f 10064/8055/3025 10065/8056/3026 10063/8054/3025
f 10068/8059/3027 10070/8061/3028 10069/8060/3028
f 10068/8059/3027 10069/8060/3028 10067/8058/3027
f 10072/8063/3029 10074/8065/3030 10073/8064/3030
f 10072/8063/3029 10073/8064/3030 10071/8062/3029
f 10076/8067/3031 10078/8069/3032 10077/8068/3032
f 10076/8067/3031 10077/8068/3032 10075/8066/3031
f 10080/8071/3033 10082/8073/3034 10081/8072/3034
f 10080/8071/3033 10081/8072/3034 10079/8070/3033
f 10084/8075/3035 10086/8077/3036 10085/8076/3036
f 10084/8075/3035 10085/8076/3036 10083/8074/3035
f 10088/8079/3037 10090/8081/3038 10089/8080/3038
f 10088/8079/3037 10089/8080/3038 10087/8078/3037
f 10092/8083/3039 10094/8085/3040 10093/8084/3040
f 10092/8083/3039 10093/8084/3040 10091/8082/3039
f 10096/8087/3041 10098/8089/3042 10097/8088/3042
f 10096/8087/3041 10097/8088/3042 10095/8086/3041
f 10100/8091/3043 10102/8093/3044 10101/8092/3044
f 10100/8091/3043 10101/8092/3044 10099/8090/3043
f 10104/8095/3045 10106/8097/3046 10105/8096/3046
f 10104/8095/3045 10105/8096/3046 10103/8094/3045
f 10108/8099/3047 10110/8101/3048 10109/8100/3048
f 10108/8099/3047 10109/8100/3048 10107/8098/3047
f 10112/8103/3049 10114/8105/3050 10113/8104/3050
f 10112/8103/3049 10113/8104/3050 10111/8102/3049
f 10116/8107/3051 10118/8109/3052 10117/8108/3052
f 10116/8107/3051 10117/8108/3052 10115/8106/3051
f 10120/8111/3053 10122/8113/3054 10121/8112/3054
f 10120/8111/3053 10121/8112/3054 10119/8110/3053
f 10124/8115/3055 10126/8117/3056 10125/8116/3056
f 10124/8115/3055 10125/8116/3056 10123/8114/3055
f 10128/8119/3057 10130/8121/3058 10129/8120/3058
f 10128/8119/3057 10129/8120/3058 10127/8118/3057
f 10132/8123/3059 10134/8125/3060 10133/8124/3060
f 10132/8123/3059 10133/8124/3060 10131/8122/3059
f 10136/8127/3061 10138/8129/3062 10137/8128/3062
f 10136/8127/3061 10137/8128/3062 10135/8126/3061
f 10140/8131/3063 10142/8133/3064 10141/8132/3064
f 10140/8131/3063 10141/8132/3064 10139/8130/3063
f 10144/8135/3065 10146/8137/3066 10145/8136/3066
f 10144/8135/3065 10145/8136/3066 10143/8134/3065
f 10148/8139/3067 10150/8141/3068 10149/8140/3068
f 10148/8139/3067 10149/8140/3068 10147/8138/3067
f 10152/8143/3069 10154/8145/3070 10153/8144/3070
f 10152/8143/3069 10153/8144/3070 10151/8142/3069
f 10156/8147/3071 10158/8149/3072 10157/8148/3072
f 10156/8147/3071 10157/8148/3072 10155/8146/3071
f 10160/8151/3073 10162/8153/3074 10161/8152/3074
f 10160/8151/3073 10161/8152/3074 10159/8150/3073
f 10164/8155/3075 10166/8157/3076 10165/8156/3076
f 10164/8155/3075 10165/8156/3076 10163/8154/3075
f 10168/8159/3077 10170/8161/3078 10169/8160/3078
f 10168/8159/3077 10169/8160/3078 10167/8158/3077
f 10172/8163/3079 10174/8165/3080 10173/8164/3080
f 10172/8163/3079 10173/8164/3080 10171/8162/3079
f 10176/8167/3081 10178/8169/3082 10177/8168/3082
f 10176/8167/3081 10177/8168/3082 10175/8166/3081
f 10180/8171/3083 10182/8173/3084 10181/8172/3084
f 10180/8171/3083 10181/8172/3084 10179/8170/3083
f 10184/8175/3085 10186/8177/3086 10185/8176/3086
f 10184/8175/3085 10185/8176/3086 10183/8174/3085
f 10188/8179/3087 10190/8181/3088 10189/8180/3088
f 10188/8179/3087 10189/8180/3088 10187/8178/3087
f 10192/8183/3089 10194/8185/3090 10193/8184/3090
f 10192/8183/3089 10193/8184/3090 10191/8182/3089
f 10196/8187/3091 10198/8189/3092 10197/8188/3092
f 10196/8187/3091 10197/8188/3092 10195/8186/3091
f 10200/8191/3093 10202/8193/3094 10201/8192/3094
f 10200/8191/3093 10201/8192/3094 10199/8190/3093
f 10204/8195/3095 10206/8197/3096 10205/8196/3096
f 10204/8195/3095 10205/8196/3096 10203/8194/3095
f 10208/8199/3097 10210/8201/3098 10209/8200/3098
f 10208/8199/3097 10209/8200/3098 10207/8198/3097
f 10212/8203/3099 10214/8205/3100 10213/8204/3100
f 10212/8203/3099 10213/8204/3100 10211/8202/3099
f 10216/8207/3101 10218/8209/3102 10217/8208/3102
f 10216/8207/3101 10217/8208/3102 10215/8206/3101
f 10220/8211/3103 10222/8213/3104 10221/8212/3104
f 10220/8211/3103 10221/8212/3104 10219/8210/3103
f 10224/8215/3105 10226/8217/3106 10225/8216/3106
f 10224/8215/3105 10225/8216/3106 10223/8214/3105
f 10228/8219/3107 10230/8221/3108 10229/8220/3108
f 10228/8219/3107 10229/8220/3108 10227/8218/3107
f 10232/8223/3109 10234/8225/3110 10233/8224/3110
f 10232/8223/3109 10233/8224/3110 10231/8222/3109
f 10236/8227/3111 10238/8229/3112 10237/8228/3112
f 10236/8227/3111 10237/8228/3112 10235/8226/3111
f 10240/8231/3113 10242/8233/3114 10241/8232/3114
f 10240/8231/3113 10241/8232/3114 10239/8230/3113
f 10244/8235/3115 10246/8237/3116 10245/8236/3116
f 10244/8235/3115 10245/8236/3116 10243/8234/3115
f 10248/8239/3117 10250/8241/3118 10249/8240/3118
f 10248/8239/3117 10249/8240/3118 10247/8238/3117
f 10252/8243/3119 10254/8245/3120 10253/8244/3120
f 10252/8243/3119 10253/8244/3120 10251/8242/3119
f 10256/8247/3121 10258/8249/3122 10257/8248/3122
f 10256/8247/3121 10257/8248/3122 10255/8246/3121
f 10260/8251/3123 10262/8253/3124 10261/8252/3124
f 10260/8251/3123 10261/8252/3124 10259/8250/3123
f 10264/8255/3125 10266/8257/3126 10265/8256/3126
f 10264/8255/3125 10265/8256/3126 10263/8254/3125
f 10268/8259/3127 10270/8261/3128 10269/8260/3128
f 10268/8259/3127 10269/8260/3128 10267/8258/3127
f 10272/8263/3129 10274/8265/3130 10273/8264/3130
f 10272/8263/3129 10273/8264/3130 10271/8262/3129
f 10276/8267/3131 10278/8269/3132 10277/8268/3132
f 10276/8267/3131 10277/8268/3132 10275/8266/3131
f 10280/8271/3133 10282/8273/3134 10281/8272/3134
f 10280/8271/3133 10281/8272/3134 10279/8270/3133
f 10284/8275/3135 10286/8277/3136 10285/8276/3136
f 10284/8275/3135 10285/8276/3136 10283/8274/3135
f 10288/8279/3137 10290/8281/3138 10289/8280/3138
f 10288/8279/3137 10289/8280/3138 10287/8278/3137
f 10292/8283/3139 10294/8285/3140 10293/8284/3140
f 10292/8283/3139 10293/8284/3140 10291/8282/3139
f 10296/8287/3141 10298/8289/3142 10297/8288/3142
f 10296/8287/3141 10297/8288/3142 10295/8286/3141
f 10300/8291/3143 10302/8293/3144 10301/8292/3144
f 10300/8291/3143 10301/8292/3144 10299/8290/3143
f 10304/8295/3145 10306/8297/3146 10305/8296/3146
f 10304/8295/3145 10305/8296/3146 10303/8294/3145
f 10308/8299/3147 10310/8301/3148 10309/8300/3148
f 10308/8299/3147 10309/8300/3148 10307/8298/3147
f 10312/8303/3149 10314/8305/3150 10313/8304/3150
f 10312/8303/3149 10313/8304/3150 10311/8302/3149
f 10316/8307/3151 10318/8309/3152 10317/8308/3152
f 10316/8307/3151 10317/8308/3152 10315/8306/3151
f 10320/8311/3153 10322/8313/3154 10321/8312/3154
f 10320/8311/3153 10321/8312/3154 10319/8310/3153
f 10324/8315/3155 10326/8317/3156 10325/8316/3156
f 10324/8315/3155 10325/8316/3156 10323/8314/3155
f 10328/8319/3157 10330/8321/3158 10329/8320/3158
f 10328/8319/3157 10329/8320/3158 10327/8318/3157
f 10332/8323/3159 10334/8325/3160 10333/8324/3160
f 10332/8323/3159 10333/8324/3160 10331/8322/3159
f 10336/8327/3161 10338/8329/3162 10337/8328/3162
f 10336/8327/3161 10337/8328/3162 10335/8326/3161
f 10340/8331/3163 10342/8333/3164 10341/8332/3164
f 10340/8331/3163 10341/8332/3164 10339/8330/3163
f 10344/8335/3165 10346/8337/3166 10345/8336/3166
f 10344/8335/3165 10345/8336/3166 10343/8334/3165
f 10348/8339/3167 10350/8341/3168 10349/8340/3168
f 10348/8339/3167 10349/8340/3168 10347/8338/3167
f 10352/8343/3169 10354/8345/3170 10353/8344/3170
f 10352/8343/3169 10353/8344/3170 10351/8342/3169
f 10356/8347/3171 10358/8349/3172 10357/8348/3172
f 10356/8347/3171 10357/8348/3172 10355/8346/3171
f 10360/8351/3173 10362/8353/3174 10361/8352/3174
f 10360/8351/3173 10361/8352/3174 10359/8350/3173
f 10364/8355/3175 10366/8357/3176 10365/8356/3176
f 10364/8355/3175 10365/8356/3176 10363/8354/3175
f 10368/8359/3177 10370/8361/3178 10369/8360/3178
f 10368/8359/3177 10369/8360/3178 10367/8358/3177
f 10372/8363/3179 10374/8365/3180 10373/8364/3180
f 10372/8363/3179 10373/8364/3180 10371/8362/3179
f 10376/8367/3181 10378/8369/3182 10377/8368/3182
f 10376/8367/3181 10377/8368/3182 10375/8366/3181
f 10380/8371/3183 10382/8373/3184 10381/8372/3184
f 10380/8371/3183 10381/8372/3184 10379/8370/3183
f 10384/8375/3185 10386/8377/3186 10385/8376/3186
f 10384/8375/3185 10385/8376/3186 10383/8374/3185
f 10388/8379/3187 10390/8381/3188 10389/8380/3188
f 10388/8379/3187 10389/8380/3188 10387/8378/3187
f 10392/8383/3189 10394/8385/3190 10393/8384/3190
f 10392/8383/3189 10393/8384/3190 10391/8382/3189
f 10396/8387/3191 10398/8389/3192 10397/8388/3192
f 10396/8387/3191 10397/8388/3192 10395/8386/3191
f 10400/8391/3193 10402/8393/3194 10401/8392/3194
f 10400/8391/3193 10401/8392/3194 10399/8390/3193
f 10404/8395/3195 10406/8397/3196 10405/8396/3196
f 10404/8395/3195 10405/8396/3196 10403/8394/3195
f 10408/8399/3197 10410/8401/3198 10409/8400/3198
f 10408/8399/3197 10409/8400/3198 10407/8398/3197
f 10412/8403/3199 10414/8405/3200 10413/8404/3200
f 10412/8403/3199 10413/8404/3200 10411/8402/3199
f 10416/8407/3201 10418/8409/3202 10417/8408/3202
f 10416/8407/3201 10417/8408/3202 10415/8406/3201
f 10420/8411/3203 10422/8413/3204 10421/8412/3204
f 10420/8411/3203 10421/8412/3204 10419/8410/3203
f 10424/8415/3205 10426/8417/3206 10425/8416/3206
f 10424/8415/3205 10425/8416/3206 10423/8414/3205
f 10428/8419/3207 10430/8421/3208 10429/8420/3208
f 10428/8419/3207 10429/8420/3208 10427/8418/3207
f 10432/8423/3209 10434/8425/3210 10433/8424/3210
f 10432/8423/3209 10433/8424/3210 10431/8422/3209
f 10436/8427/3211 10438/8429/3212 10437/8428/3212
f 10436/8427/3211 10437/8428/3212 10435/8426/3211
f 10440/8431/3213 10442/8433/3214 10441/8432/3214
f 10440/8431/3213 10441/8432/3214 10439/8430/3213
f 10444/8435/3215 10446/8437/3216 10445/8436/3216
f 10444/8435/3215 10445/8436/3216 10443/8434/3215
f 10448/8439/3217 10450/8441/3218 10449/8440/3218
f 10448/8439/3217 10449/8440/3218 10447/8438/3217
f 10452/8443/3219 10454/8445/3220 10453/8444/3220
f 10452/8443/3219 10453/8444/3220 10451/8442/3219
f 10456/8447/3221 10458/8449/3222 10457/8448/3222
f 10456/8447/3221 10457/8448/3222 10455/8446/3221
f 10460/8451/3223 10462/8453/3224 10461/8452/3224
f 10460/8451/3223 10461/8452/3224 10459/8450/3223
f 10464/8455/3225 10466/8457/3226 10465/8456/3226
f 10464/8455/3225 10465/8456/3226 10463/8454/3225
f 10468/8459/3227 10470/8461/3228 10469/8460/3228
f 10468/8459/3227 10469/8460/3228 10467/8458/3227
f 10472/8463/3229 10474/8465/3230 10473/8464/3230
f 10472/8463/3229 10473/8464/3230 10471/8462/3229
f 10476/8467/3231 10478/8469/3232 10477/8468/3232
f 10476/8467/3231 10477/8468/3232 10475/8466/3231
f 10480/8471/3233 10482/8473/3234 10481/8472/3234
f 10480/8471/3233 10481/8472/3234 10479/8470/3233
f 10484/8475/3235 10486/8477/3236 10485/8476/3236
f 10484/8475/3235 10485/8476/3236 10483/8474/3235
f 10488/8479/3237 10490/8481/3238 10489/8480/3238
f 10488/8479/3237 10489/8480/3238 10487/8478/3237
f 10492/8483/3239 10494/8485/3240 10493/8484/3240
f 10492/8483/3239 10493/8484/3240 10491/8482/3239
f 10496/8487/3241 10498/8489/3242 10497/8488/3242
f 10496/8487/3241 10497/8488/3242 10495/8486/3241
f 10500/8491/3243 10502/8493/3244 10501/8492/3244
f 10500/8491/3243 10501/8492/3244 10499/8490/3243
f 10504/8495/3245 10506/8497/3246 10505/8496/3246
f 10504/8495/3245 10505/8496/3246 10503/8494/3245
f 10508/8499/3247 10510/8501/3248 10509/8500/3248
f 10508/8499/3247 10509/8500/3248 10507/8498/3247
f 10512/8503/3249 10514/8505/3250 10513/8504/3250
f 10512/8503/3249 10513/8504/3250 10511/8502/3249
f 10516/8507/3251 10518/8509/3252 10517/8508/3252
f 10516/8507/3251 10517/8508/3252 10515/8506/3251
f 10520/8511/3253 10522/8513/3254 10521/8512/3254
f 10520/8511/3253 10521/8512/3254 10519/8510/3253
f 10524/8515/3255 10526/8517/3256 10525/8516/3256
f 10524/8515/3255 10525/8516/3256 10523/8514/3255
f 10528/8519/3257 10530/8521/3258 10529/8520/3258
f 10528/8519/3257 10529/8520/3258 10527/8518/3257
f 10532/8523/3259 10534/8525/3260 10533/8524/3260
f 10532/8523/3259 10533/8524/3260 10531/8522/3259
f 10536/8527/3261 10538/8529/3262 10537/8528/3262
f 10536/8527/3261 10537/8528/3262 10535/8526/3261
f 10540/8531/3263 10542/8533/3264 10541/8532/3264
f 10540/8531/3263 10541/8532/3264 10539/8530/3263
f 10544/8535/3265 10546/8537/3266 10545/8536/3266
f 10544/8535/3265 10545/8536/3266 10543/8534/3265
f 10548/8539/3267 10550/8541/3268 10549/8540/3268
f 10548/8539/3267 10549/8540/3268 10547/8538/3267
f 10552/8543/3269 10554/8545/3270 10553/8544/3270
f 10552/8543/3269 10553/8544/3270 10551/8542/3269
f 10556/8547/3271 10558/8549/3272 10557/8548/3272
f 10556/8547/3271 10557/8548/3272 10555/8546/3271
f 10560/8551/3273 10562/8553/3274 10561/8552/3274
f 10560/8551/3273 10561/8552/3274 10559/8550/3273
f 10564/8555/3275 10566/8557/3276 10565/8556/3276
f 10564/8555/3275 10565/8556/3276 10563/8554/3275
f 10568/8559/3277 10570/8561/3278 10569/8560/3278
f 10568/8559/3277 10569/8560/3278 10567/8558/3277
f 10572/8563/3279 10574/8565/3280 10573/8564/3280
f 10572/8563/3279 10573/8564/3280 10571/8562/3279
f 10576/8567/3281 10578/8569/3282 10577/8568/3282
f 10576/8567/3281 10577/8568/3282 10575/8566/3281
f 10580/8571/3283 10582/8573/3284 10581/8572/3284
f 10580/8571/3283 10581/8572/3284 10579/8570/3283
f 10584/8575/3285 10586/8577/3286 10585/8576/3286
f 10584/8575/3285 10585/8576/3286 10583/8574/3285
f 10588/8579/3287 10590/8581/3288 10589/8580/3288
f 10588/8579/3287 10589/8580/3288 10587/8578/3287
f 10592/8583/3289 10594/8585/3290 10593/8584/3290
f 10592/8583/3289 10593/8584/3290 10591/8582/3289
f 10596/8587/3291 10598/8589/3292 10597/8588/3292
f 10596/8587/3291 10597/8588/3292 10595/8586/3291
f 10600/8591/3293 10602/8593/3294 10601/8592/3294
f 10600/8591/3293 10601/8592/3294 10599/8590/3293
f 10604/8595/3295 10606/8597/3296 10605/8596/3296
f 10604/8595/3295 10605/8596/3296 10603/8594/3295
f 10608/8599/3297 10610/8601/3298 10609/8600/3298
f 10608/8599/3297 10609/8600/3298 10607/8598/3297
f 10612/8603/3299 10614/8605/3300 10613/8604/3300
f 10612/8603/3299 10613/8604/3300 10611/8602/3299
f 10616/8607/3301 10618/8609/3302 10617/8608/3302
f 10616/8607/3301 10617/8608/3302 10615/8606/3301
f 10620/8611/3303 10622/8613/3304 10621/8612/3304
f 10620/8611/3303 10621/8612/3304 10619/8610/3303
f 10624/8615/3305 10626/8617/3306 10625/8616/3306
f 10624/8615/3305 10625/8616/3306 10623/8614/3305
f 10628/8619/3307 10630/8621/3308 10629/8620/3308
f 10628/8619/3307 10629/8620/3308 10627/8618/3307
f 10632/8623/3309 10634/8625/3310 10633/8624/3310
f 10632/8623/3309 10633/8624/3310 10631/8622/3309
f 10636/8627/3311 10638/8629/3312 10637/8628/3312
f 10636/8627/3311 10637/8628/3312 10635/8626/3311
f 10640/8631/3313 10642/8633/3314 10641/8632/3314
f 10640/8631/3313 10641/8632/3314 10639/8630/3313
f 10644/8635/3315 10646/8637/3316 10645/8636/3316
f 10644/8635/3315 10645/8636/3316 10643/8634/3315
f 10648/8639/3317 10650/8641/3318 10649/8640/3318
f 10648/8639/3317 10649/8640/3318 10647/8638/3317
f 10652/8643/3319 10654/8645/3320 10653/8644/3320
f 10652/8643/3319 10653/8644/3320 10651/8642/3319
f 10656/8647/3321 10658/8649/3322 10657/8648/3322
f 10656/8647/3321 10657/8648/3322 10655/8646/3321
f 10660/8651/3323 10662/8653/3324 10661/8652/3324
f 10660/8651/3323 10661/8652/3324 10659/8650/3323
f 10664/8655/3325 10666/8657/3326 10665/8656/3326
f 10664/8655/3325 10665/8656/3326 10663/8654/3325
f 10668/8659/3327 10670/8661/3328 10669/8660/3328
f 10668/8659/3327 10669/8660/3328 10667/8658/3327
f 10672/8663/3329 10674/8665/3330 10673/8664/3330
f 10672/8663/3329 10673/8664/3330 10671/8662/3329
f 10676/8667/3331 10678/8669/3332 10677/8668/3332
f 10676/8667/3331 10677/8668/3332 10675/8666/3331
f 10680/8671/3333 10682/8673/3334 10681/8672/3334
f 10680/8671/3333 10681/8672/3334 10679/8670/3333
f 10684/8675/3335 10686/8677/3336 10685/8676/3336
f 10684/8675/3335 10685/8676/3336 10683/8674/3335
f 10688/8679/3337 10690/8681/3338 10689/8680/3338
f 10688/8679/3337 10689/8680/3338 10687/8678/3337
f 10692/8683/3339 10694/8685/3340 10693/8684/3340
f 10692/8683/3339 10693/8684/3340 10691/8682/3339
f 10696/8687/3341 10698/8689/3342 10697/8688/3342
f 10696/8687/3341 10697/8688/3342 10695/8686/3341
f 10700/8691/3343 10702/8693/3344 10701/8692/3344
f 10700/8691/3343 10701/8692/3344 10699/8690/3343
f 10704/8695/3345 10706/8697/3346 10705/8696/3346
f 10704/8695/3345 10705/8696/3346 10703/8694/3345
f 10708/8699/3347 10710/8701/3348 10709/8700/3348
f 10708/8699/3347 10709/8700/3348 10707/8698/3347
f 10712/8703/3349 10714/8705/3350 10713/8704/3350
f 10712/8703/3349 10713/8704/3350 10711/8702/3349
f 10716/8707/3351 10718/8709/3352 10717/8708/3352
f 10716/8707/3351 10717/8708/3352 10715/8706/3351
f 10720/8711/3353 10722/8713/3354 10721/8712/3354
f 10720/8711/3353 10721/8712/3354 10719/8710/3353
f 10724/8715/3355 10726/8717/3356 10725/8716/3356
f 10724/8715/3355 10725/8716/3356 10723/8714/3355
f 10728/8719/3357 10730/8721/3358 10729/8720/3358
f 10728/8719/3357 10729/8720/3358 10727/8718/3357
f 10732/8723/3359 10734/8725/3360 10733/8724/3360
f 10732/8723/3359 10733/8724/3360 10731/8722/3359
f 10736/8727/3361 10738/8729/3362 10737/8728/3362
f 10736/8727/3361 10737/8728/3362 10735/8726/3361
f 10740/8731/3363 10742/8733/3364 10741/8732/3364
f 10740/8731/3363 10741/8732/3364 10739/8730/3363
f 10744/8735/3365 10746/8737/3366 10745/8736/3366
f 10744/8735/3365 10745/8736/3366 10743/8734/3365
f 10748/8739/3367 10750/8741/3368 10749/8740/3368
f 10748/8739/3367 10749/8740/3368 10747/8738/3367
f 10752/8743/3369 10754/8745/3370 10753/8744/3370
f 10752/8743/3369 10753/8744/3370 10751/8742/3369
f 10756/8747/3371 10758/8749/3372 10757/8748/3372
f 10756/8747/3371 10757/8748/3372 10755/8746/3371
f 10760/8751/3373 10762/8753/3374 10761/8752/3374
f 10760/8751/3373 10761/8752/3374 10759/8750/3373
f 10764/8755/3375 10766/8757/3376 10765/8756/3376
f 10764/8755/3375 10765/8756/3376 10763/8754/3375
f 10768/8759/3377 10770/8761/3378 10769/8760/3378
f 10768/8759/3377 10769/8760/3378 10767/8758/3377
f 10772/8763/3379 10774/8765/3380 10773/8764/3380
f 10772/8763/3379 10773/8764/3380 10771/8762/3379
f 10776/8767/3381 10778/8769/3382 10777/8768/3382
f 10776/8767/3381 10777/8768/3382 10775/8766/3381
f 10780/8771/3383 10782/8773/3384 10781/8772/3384
f 10780/8771/3383 10781/8772/3384 10779/8770/3383
f 10784/8775/3385 10786/8777/3386 10785/8776/3386
f 10784/8775/3385 10785/8776/3386 10783/8774/3385
f 10788/8779/3387 10790/8781/3388 10789/8780/3388
f 10788/8779/3387 10789/8780/3388 10787/8778/3387
f 10792/8783/3389 10794/8785/3390 10793/8784/3390
f 10792/8783/3389 10793/8784/3390 10791/8782/3389
f 10796/8787/3391 10798/8789/3392 10797/8788/3392
f 10796/8787/3391 10797/8788/3392 10795/8786/3391
f 10800/8791/3393 10802/8793/3394 10801/8792/3394
f 10800/8791/3393 10801/8792/3394 10799/8790/3393
f 10804/8795/3395 10806/8797/3396 10805/8796/3396
f 10804/8795/3395 10805/8796/3396 10803/8794/3395
f 10808/8799/3397 10810/8801/3398 10809/8800/3398
f 10808/8799/3397 10809/8800/3398 10807/8798/3397
f 10812/8803/3399 10814/8805/3400 10813/8804/3400
f 10812/8803/3399 10813/8804/3400 10811/8802/3399
f 10816/8807/3401 10818/8809/3402 10817/8808/3402
f 10816/8807/3401 10817/8808/3402 10815/8806/3401
f 10820/8811/3403 10822/8813/3404 10821/8812/3404
f 10820/8811/3403 10821/8812/3404 10819/8810/3403
f 10824/8815/3405 10826/8817/3406 10825/8816/3406
f 10824/8815/3405 10825/8816/3406 10823/8814/3405
f 10828/8819/3407 10830/8821/3408 10829/8820/3408
f 10828/8819/3407 10829/8820/3408 10827/8818/3407
f 10832/8823/3409 10834/8825/3410 10833/8824/3410
f 10832/8823/3409 10833/8824/3410 10831/8822/3409
f 10836/8827/3411 10838/8829/3412 10837/8828/3412
f 10836/8827/3411 10837/8828/3412 10835/8826/3411
f 10840/8831/3413 10842/8833/3414 10841/8832/3414
f 10840/8831/3413 10841/8832/3414 10839/8830/3413
f 10844/8835/3415 10846/8837/3416 10845/8836/3416
f 10844/8835/3415 10845/8836/3416 10843/8834/3415
f 10848/8839/3417 10850/8841/3418 10849/8840/3418
f 10848/8839/3417 10849/8840/3418 10847/8838/3417
f 10852/8843/3419 10854/8845/3420 10853/8844/3420
f 10852/8843/3419 10853/8844/3420 10851/8842/3419
f 10856/8847/3421 10858/8849/3422 10857/8848/3422
f 10856/8847/3421 10857/8848/3422 10855/8846/3421
f 10860/8851/3423 10862/8853/3424 10861/8852/3424
f 10860/8851/3423 10861/8852/3424 10859/8850/3423
f 10864/8855/3425 10866/8857/3426 10865/8856/3426
f 10864/8855/3425 10865/8856/3426 10863/8854/3425
f 10868/8859/3427 10870/8861/3428 10869/8860/3428
f 10868/8859/3427 10869/8860/3428 10867/8858/3427
f 10872/8863/3429 10874/8865/3430 10873/8864/3430
f 10872/8863/3429 10873/8864/3430 10871/8862/3429
f 10876/8867/3431 10878/8869/3432 10877/8868/3432
f 10876/8867/3431 10877/8868/3432 10875/8866/3431
f 10880/8871/3433 10882/8873/3434 10881/8872/3434
f 10880/8871/3433 10881/8872/3434 10879/8870/3433
f 10884/8875/3435 10886/8877/3436 10885/8876/3436
f 10884/8875/3435 10885/8876/3436 10883/8874/3435
f 10888/8879/3437 10890/8881/3438 10889/8880/3438
f 10888/8879/3437 10889/8880/3438 10887/8878/3437
f 10892/8883/3439 10894/8885/3440 10893/8884/3440
f 10892/8883/3439 10893/8884/3440 10891/8882/3439
f 10896/8887/3441 10898/8889/3442 10897/8888/3442
f 10896/8887/3441 10897/8888/3442 10895/8886/3441
f 10900/8891/3443 10902/8893/3444 10901/8892/3444
f 10900/8891/3443 10901/8892/3444 10899/8890/3443
f 10904/8895/3445 10906/8897/3446 10905/8896/3446
f 10904/8895/3445 10905/8896/3446 10903/8894/3445
f 10908/8899/3447 10910/8901/3448 10909/8900/3448
f 10908/8899/3447 10909/8900/3448 10907/8898/3447
f 10912/8903/3449 10914/8905/3450 10913/8904/3450
f 10912/8903/3449 10913/8904/3450 10911/8902/3449
f 10916/8907/3451 10918/8909/3452 10917/8908/3452
f 10916/8907/3451 10917/8908/3452 10915/8906/3451
f 10920/8911/3453 10922/8913/3454 10921/8912/3454
f 10920/8911/3453 10921/8912/3454 10919/8910/3453
f 10924/8915/3455 10926/8917/3456 10925/8916/3456
f 10924/8915/3455 10925/8916/3456 10923/8914/3455
f 10928/8919/3457 10930/8921/3458 10929/8920/3458
f 10928/8919/3457 10929/8920/3458 10927/8918/3457
f 10932/8923/3459 10934/8925/3460 10933/8924/3460
f 10932/8923/3459 10933/8924/3460 10931/8922/3459
f 10936/8927/3461 10938/8929/3462 10937/8928/3462
f 10936/8927/3461 10937/8928/3462 10935/8926/3461
f 10940/8931/3463 10942/8933/3464 10941/8932/3464
f 10940/8931/3463 10941/8932/3464 10939/8930/3463
f 10944/8935/3465 10946/8937/3466 10945/8936/3466
f 10944/8935/3465 10945/8936/3466 10943/8934/3465
f 10948/8939/3467 10950/8941/3468 10949/8940/3468
f 10948/8939/3467 10949/8940/3468 10947/8938/3467
f 10952/8943/3469 10954/8945/3470 10953/8944/3470
f 10952/8943/3469 10953/8944/3470 10951/8942/3469
f 10956/8947/3471 10958/8949/3472 10957/8948/3472
f 10956/8947/3471 10957/8948/3472 10955/8946/3471
f 10960/8951/3473 10962/8953/3474 10961/8952/3474
f 10960/8951/3473 10961/8952/3474 10959/8950/3473
f 10964/8955/3475 10966/8957/3476 10965/8956/3476
f 10964/8955/3475 10965/8956/3476 10963/8954/3475
f 10968/8959/3477 10970/8961/3478 10969/8960/3478
f 10968/8959/3477 10969/8960/3478 10967/8958/3477
f 10972/8963/3479 10974/8965/3480 10973/8964/3480
f 10972/8963/3479 10973/8964/3480 10971/8962/3479
f 10976/8967/3481 10978/8969/3482 10977/8968/3482
f 10976/8967/3481 10977/8968/3482 10975/8966/3481
f 10980/8971/3483 10982/8973/3484 10981/8972/3484
f 10980/8971/3483 10981/8972/3484 10979/8970/3483
f 10984/8975/3485 10986/8977/3486 10985/8976/3486
f 10984/8975/3485 10985/8976/3486 10983/8974/3485
f 10988/8979/3487 10990/8981/3488 10989/8980/3488
f 10988/8979/3487 10989/8980/3488 10987/8978/3487
f 10992/8983/3489 10994/8985/3490 10993/8984/3490
f 10992/8983/3489 10993/8984/3490 10991/8982/3489
f 10996/8987/3491 10998/8989/3492 10997/8988/3492
f 10996/8987/3491 10997/8988/3492 10995/8986/3491
f 11000/8991/3493 11002/8993/3494 11001/8992/3494
f 11000/8991/3493 11001/8992/3494 10999/8990/3493
f 11004/8995/3495 11006/8997/3496 11005/8996/3496
f 11004/8995/3495 11005/8996/3496 11003/8994/3495
f 11008/8999/3497 11010/9001/3498 11009/9000/3498
f 11008/8999/3497 11009/9000/3498 11007/8998/3497
f 11012/9003/3499 11014/9005/3500 11013/9004/3500
f 11012/9003/3499 11013/9004/3500 11011/9002/3499
f 11016/9007/3501 11018/9009/3502 11017/9008/3502
f 11016/9007/3501 11017/9008/3502 11015/9006/3501
f 11020/9011/3503 11022/9013/3504 11021/9012/3504
f 11020/9011/3503 11021/9012/3504 11019/9010/3503
f 11024/9015/3505 11026/9017/3506 11025/9016/3506
f 11024/9015/3505 11025/9016/3506 11023/9014/3505
f 11028/9019/3507 11030/9021/3508 11029/9020/3508
f 11028/9019/3507 11029/9020/3508 11027/9018/3507
f 11032/9023/3509 11034/9025/3510 11033/9024/3510
f 11032/9023/3509 11033/9024/3510 11031/9022/3509
f 11036/9027/3511 11038/9029/3512 11037/9028/3512
f 11036/9027/3511 11037/9028/3512 11035/9026/3511
f 11040/9031/3513 11042/9033/3514 11041/9032/3514
f 11040/9031/3513 11041/9032/3514 11039/9030/3513
f 11044/9035/3515 11046/9037/3516 11045/9036/3516
f 11044/9035/3515 11045/9036/3516 11043/9034/3515
f 11048/9039/3517 11050/9041/3518 11049/9040/3518
f 11048/9039/3517 11049/9040/3518 11047/9038/3517
f 11052/9043/3519 11054/9045/3520 11053/9044/3520
f 11052/9043/3519 11053/9044/3520 11051/9042/3519
f 11056/9047/3521 11058/9049/3522 11057/9048/3522
f 11056/9047/3521 11057/9048/3522 11055/9046/3521
f 11060/9051/3523 11062/9053/3524 11061/9052/3524
f 11060/9051/3523 11061/9052/3524 11059/9050/3523
f 11064/9055/3525 11066/9057/3526 11065/9056/3526
f 11064/9055/3525 11065/9056/3526 11063/9054/3525
f 11068/9059/3527 11070/9061/3528 11069/9060/3528
f 11068/9059/3527 11069/9060/3528 11067/9058/3527
f 11072/9063/3529 11074/9065/3530 11073/9064/3530
f 11072/9063/3529 11073/9064/3530 11071/9062/3529
f 11076/9067/3531 11078/9069/3532 11077/9068/3532
f 11076/9067/3531 11077/9068/3532 11075/9066/3531
f 11080/9071/3533 11082/9073/3534 11081/9072/3534
f 11080/9071/3533 11081/9072/3534 11079/9070/3533
f 11084/9075/3535 11086/9077/3536 11085/9076/3536
f 11084/9075/3535 11085/9076/3536 11083/9074/3535
f 11088/9079/3537 11090/9081/3538 11089/9080/3538
f 11088/9079/3537 11089/9080/3538 11087/9078/3537
f 11092/9083/3539 11094/9085/3540 11093/9084/3540
f 11092/9083/3539 11093/9084/3540 11091/9082/3539
f 11096/9087/3541 11098/9089/3542 11097/9088/3542
f 11096/9087/3541 11097/9088/3542 11095/9086/3541
f 11100/9091/3543 11102/9093/3544 11101/9092/3544
f 11100/9091/3543 11101/9092/3544 11099/9090/3543
f 11104/9095/3545 11106/9097/3546 11105/9096/3546
f 11104/9095/3545 11105/9096/3546 11103/9094/3545
f 11108/9099/3547 11110/9101/3548 11109/9100/3548
f 11108/9099/3547 11109/9100/3548 11107/9098/3547
f 11112/9103/3549 11114/9105/3550 11113/9104/3550
f 11112/9103/3549 11113/9104/3550 11111/9102/3549
f 11116/9107/3551 11118/9109/3552 11117/9108/3552
f 11116/9107/3551 11117/9108/3552 11115/9106/3551
f 11120/9111/3553 11122/9113/3554 11121/9112/3554
f 11120/9111/3553 11121/9112/3554 11119/9110/3553
f 11124/9115/3555 11126/9117/3556 11125/9116/3556
f 11124/9115/3555 11125/9116/3556 11123/9114/3555
f 11128/9119/3557 11130/9121/3558 11129/9120/3558
f 11128/9119/3557 11129/9120/3558 11127/9118/3557
f 11132/9123/3559 11134/9125/3560 11133/9124/3560
f 11132/9123/3559 11133/9124/3560 11131/9122/3559
f 11136/9127/3561 11138/9129/3562 11137/9128/3562
f 11136/9127/3561 11137/9128/3562 11135/9126/3561
f 11140/9131/3563 11142/9133/3564 11141/9132/3564
f 11140/9131/3563 11141/9132/3564 11139/9130/3563
f 11144/9135/3565 11146/9137/3566 11145/9136/3566
f 11144/9135/3565 11145/9136/3566 11143/9134/3565
f 11148/9139/3567 11150/9141/3568 11149/9140/3568
f 11148/9139/3567 11149/9140/3568 11147/9138/3567
f 11152/9143/3569 11154/9145/3570 11153/9144/3570
f 11152/9143/3569 11153/9144/3570 11151/9142/3569
f 11156/9147/3571 11158/9149/3572 11157/9148/3572
f 11156/9147/3571 11157/9148/3572 11155/9146/3571
f 11160/9151/3573 11162/9153/3574 11161/9152/3574
f 11160/9151/3573 11161/9152/3574 11159/9150/3573
f 11164/9155/3575 11166/9157/3576 11165/9156/3576
f 11164/9155/3575 11165/9156/3576 11163/9154/3575
f 11168/9159/3577 11170/9161/3578 11169/9160/3578
f 11168/9159/3577 11169/9160/3578 11167/9158/3577
f 11172/9163/3579 11174/9165/3580 11173/9164/3580
f 11172/9163/3579 11173/9164/3580 11171/9162/3579
f 11176/9167/3581 11178/9169/3582 11177/9168/3582
f 11176/9167/3581 11177/9168/3582 11175/9166/3581
f 11180/9171/3583 11182/9173/3584 11181/9172/3584
f 11180/9171/3583 11181/9172/3584 11179/9170/3583
f 11184/9175/3585 11186/9177/3586 11185/9176/3586
f 11184/9175/3585 11185/9176/3586 11183/9174/3585
f 11188/9179/3587 11190/9181/3588 11189/9180/3588
f 11188/9179/3587 11189/9180/3588 11187/9178/3587
f 11192/9183/3589 11194/9185/3590 11193/9184/3590
f 11192/9183/3589 11193/9184/3590 11191/9182/3589
f 11196/9187/3591 11198/9189/3592 11197/9188/3592
f 11196/9187/3591 11197/9188/3592 11195/9186/3591
f 11200/9191/3593 11202/9193/3594 11201/9192/3594
f 11200/9191/3593 11201/9192/3594 11199/9190/3593
f 11204/9195/3595 11206/9197/3596 11205/9196/3596
f 11204/9195/3595 11205/9196/3596 11203/9194/3595
f 11208/9199/3597 11210/9201/3598 11209/9200/3598
f 11208/9199/3597 11209/9200/3598 11207/9198/3597
f 11212/9203/3599 11214/9205/3600 11213/9204/3600
f 11212/9203/3599 11213/9204/3600 11211/9202/3599
f 11216/9207/3601 11218/9209/3602 11217/9208/3602
f 11216/9207/3601 11217/9208/3602 11215/9206/3601
f 11220/9211/3603 11222/9213/3604 11221/9212/3604
f 11220/9211/3603 11221/9212/3604 11219/9210/3603
f 11224/9215/3605 11226/9217/3606 11225/9216/3606
f 11224/9215/3605 11225/9216/3606 11223/9214/3605
f 11228/9219/3607 11230/9221/3608 11229/9220/3608
f 11228/9219/3607 11229/9220/3608 11227/9218/3607
f 11232/9223/3609 11234/9225/3610 11233/9224/3610
f 11232/9223/3609 11233/9224/3610 11231/9222/3609
f 11236/9227/3611 11238/9229/3612 11237/9228/3612
f 11236/9227/3611 11237/9228/3612 11235/9226/3611
f 11240/9231/3613 11242/9233/3614 11241/9232/3614
f 11240/9231/3613 11241/9232/3614 11239/9230/3613
f 11244/9235/3615 11246/9237/3616 11245/9236/3616
f 11244/9235/3615 11245/9236/3616 11243/9234/3615
f 11248/9239/3617 11250/9241/3618 11249/9240/3618
f 11248/9239/3617 11249/9240/3618 11247/9238/3617
f 11252/9243/3619 11254/9245/3620 11253/9244/3620
f 11252/9243/3619 11253/9244/3620 11251/9242/3619
f 11256/9247/3621 11258/9249/3622 11257/9248/3622
f 11256/9247/3621 11257/9248/3622 11255/9246/3621
f 11260/9251/3623 11262/9253/3624 11261/9252/3624
f 11260/9251/3623 11261/9252/3624 11259/9250/3623
f 11264/9255/3625 11266/9257/3626 11265/9256/3626
f 11264/9255/3625 11265/9256/3626 11263/9254/3625
f 11268/9259/3627 11270/9261/3628 11269/9260/3628
f 11268/9259/3627 11269/9260/3628 11267/9258/3627
f 11272/9263/3629 11274/9265/3630 11273/9264/3630
f 11272/9263/3629 11273/9264/3630 11271/9262/3629
f 11276/9267/3631 11278/9269/3632 11277/9268/3632
f 11276/9267/3631 11277/9268/3632 11275/9266/3631
f 11280/9271/3633 11282/9273/3634 11281/9272/3634
f 11280/9271/3633 11281/9272/3634 11279/9270/3633
f 11284/9275/3635 11286/9277/3636 11285/9276/3636
f 11284/9275/3635 11285/9276/3636 11283/9274/3635
f 11288/9279/3637 11290/9281/3638 11289/9280/3638
f 11288/9279/3637 11289/9280/3638 11287/9278/3637
f 11292/9283/3639 11294/9285/3640 11293/9284/3640
f 11292/9283/3639 11293/9284/3640 11291/9282/3639
f 11296/9287/3641 11298/9289/3642 11297/9288/3642
f 11296/9287/3641 11297/9288/3642 11295/9286/3641
f 11300/9291/3643 11302/9293/3644 11301/9292/3644
f 11300/9291/3643 11301/9292/3644 11299/9290/3643
f 11304/9295/3645 11306/9297/3646 11305/9296/3646
f 11304/9295/3645 11305/9296/3646 11303/9294/3645
f 11308/9299/3647 11310/9301/3648 11309/9300/3648
f 11308/9299/3647 11309/9300/3648 11307/9298/3647
f 11312/9303/3649 11314/9305/3650 11313/9304/3650
f 11312/9303/3649 11313/9304/3650 11311/9302/3649
f 11316/9307/3651 11318/9309/3652 11317/9308/3652
f 11316/9307/3651 11317/9308/3652 11315/9306/3651
f 11320/9311/3653 11322/9313/3654 11321/9312/3654
f 11320/9311/3653 11321/9312/3654 11319/9310/3653
f 11324/9315/3655 11326/9317/3656 11325/9316/3656
f 11324/9315/3655 11325/9316/3656 11323/9314/3655
f 11328/9319/3657 11330/9321/3658 11329/9320/3658
f 11328/9319/3657 11329/9320/3658 11327/9318/3657
f 11332/9323/3659 11334/9325/3660 11333/9324/3660
f 11332/9323/3659 11333/9324/3660 11331/9322/3659
f 11336/9327/3661 11338/9329/3662 11337/9328/3662
f 11336/9327/3661 11337/9328/3662 11335/9326/3661
f 11340/9331/3663 11342/9333/3664 11341/9332/3664
f 11340/9331/3663 11341/9332/3664 11339/9330/3663
f 11344/9335/3665 11346/9337/3666 11345/9336/3666
f 11344/9335/3665 11345/9336/3666 11343/9334/3665
f 11348/9339/3667 11350/9341/3668 11349/9340/3668
f 11348/9339/3667 11349/9340/3668 11347/9338/3667
f 11352/9343/3669 11354/9345/3670 11353/9344/3670
f 11352/9343/3669 11353/9344/3670 11351/9342/3669
f 11356/9347/3671 11358/9349/3672 11357/9348/3672
f 11356/9347/3671 11357/9348/3672 11355/9346/3671
f 11360/9351/3673 11362/9353/3674 11361/9352/3674
f 11360/9351/3673 11361/9352/3674 11359/9350/3673
f 11364/9355/3675 11366/9357/3676 11365/9356/3676
f 11364/9355/3675 11365/9356/3676 11363/9354/3675
f 11368/9359/3677 11370/9361/3678 11369/9360/3678
f 11368/9359/3677 11369/9360/3678 11367/9358/3677
f 11372/9363/3679 11374/9365/3680 11373/9364/3680
f 11372/9363/3679 11373/9364/3680 11371/9362/3679
f 11376/9367/3681 11378/9369/3682 11377/9368/3682
f 11376/9367/3681 11377/9368/3682 11375/9366/3681
f 11380/9371/3683 11382/9373/3684 11381/9372/3684
f 11380/9371/3683 11381/9372/3684 11379/9370/3683
f 11384/9375/3685 11386/9377/3686 11385/9376/3686
f 11384/9375/3685 11385/9376/3686 11383/9374/3685
f 11388/9379/3687 11390/9381/3688 11389/9380/3688
f 11388/9379/3687 11389/9380/3688 11387/9378/3687
f 11392/9383/3689 11394/9385/3690 11393/9384/3690
f 11392/9383/3689 11393/9384/3690 11391/9382/3689
f 11396/9387/3691 11398/9389/3692 11397/9388/3692
f 11396/9387/3691 11397/9388/3692 11395/9386/3691
f 11400/9391/3693 11402/9393/3694 11401/9392/3694
f 11400/9391/3693 11401/9392/3694 11399/9390/3693
f 11404/9395/3695 11406/9397/3696 11405/9396/3696
f 11404/9395/3695 11405/9396/3696 11403/9394/3695
f 11408/9399/3697 11410/9401/3698 11409/9400/3698
f 11408/9399/3697 11409/9400/3698 11407/9398/3697
f 11412/9403/3699 11414/9405/3700 11413/9404/3700
f 11412/9403/3699 11413/9404/3700 11411/9402/3699
f 11416/9407/3701 11418/9409/3702 11417/9408/3702
f 11416/9407/3701 11417/9408/3702 11415/9406/3701
f 11420/9411/3703 11422/9413/3704 11421/9412/3704
f 11420/9411/3703 11421/9412/3704 11419/9410/3703
f 11424/9415/3705 11426/9417/3706 11425/9416/3706
f 11424/9415/3705 11425/9416/3706 11423/9414/3705
f 11428/9419/3707 11430/9421/3708 11429/9420/3708
f 11428/9419/3707 11429/9420/3708 11427/9418/3707
f 11432/9423/3709 11434/9425/3710 11433/9424/3710
f 11432/9423/3709 11433/9424/3710 11431/9422/3709
f 11436/9427/3711 11438/9429/3712 11437/9428/3712
f 11436/9427/3711 11437/9428/3712 11435/9426/3711
f 11440/9431/3713 11442/9433/3714 11441/9432/3714
f 11440/9431/3713 11441/9432/3714 11439/9430/3713
f 11444/9435/3715 11446/9437/3716 11445/9436/3716
f 11444/9435/3715 11445/9436/3716 11443/9434/3715
f 11448/9439/3717 11450/9441/3718 11449/9440/3718
f 11448/9439/3717 11449/9440/3718 11447/9438/3717
f 11452/9443/3719 11454/9445/3720 11453/9444/3720
f 11452/9443/3719 11453/9444/3720 11451/9442/3719
f 11456/9447/3721 11458/9449/3722 11457/9448/3722
f 11456/9447/3721 11457/9448/3722 11455/9446/3721
f 11460/9451/3723 11462/9453/3724 11461/9452/3724
f 11460/9451/3723 11461/9452/3724 11459/9450/3723
f 11464/9455/3725 11466/9457/3726 11465/9456/3726
f 11464/9455/3725 11465/9456/3726 11463/9454/3725
f 11468/9459/3727 11470/9461/3728 11469/9460/3728
f 11468/9459/3727 11469/9460/3728 11467/9458/3727
f 11472/9463/3729 11474/9465/3730 11473/9464/3730
f 11472/9463/3729 11473/9464/3730 11471/9462/3729
f 11476/9467/3731 11478/9469/3732 11477/9468/3732
f 11476/9467/3731 11477/9468/3732 11475/9466/3731
f 11480/9471/3733 11482/9473/3734 11481/9472/3734
f 11480/9471/3733 11481/9472/3734 11479/9470/3733
f 11484/9475/3735 11486/9477/3736 11485/9476/3736
f 11484/9475/3735 11485/9476/3736 11483/9474/3735
f 11488/9479/3737 11490/9481/3738 11489/9480/3738
f 11488/9479/3737 11489/9480/3738 11487/9478/3737
f 11492/9483/3739 11494/9485/3740 11493/9484/3740
f 11492/9483/3739 11493/9484/3740 11491/9482/3739
f 11496/9487/3741 11498/9489/3742 11497/9488/3742
f 11496/9487/3741 11497/9488/3742 11495/9486/3741
f 11500/9491/3743 11502/9493/3744 11501/9492/3744
f 11500/9491/3743 11501/9492/3744 11499/9490/3743
f 11504/9495/3745 11506/9497/3746 11505/9496/3746
f 11504/9495/3745 11505/9496/3746 11503/9494/3745
f 11508/9499/3747 11510/9501/3748 11509/9500/3748
f 11508/9499/3747 11509/9500/3748 11507/9498/3747
f 11512/9503/3749 11514/9505/3750 11513/9504/3750
f 11512/9503/3749 11513/9504/3750 11511/9502/3749
f 11516/9507/3751 11518/9509/3752 11517/9508/3752
f 11516/9507/3751 11517/9508/3752 11515/9506/3751
f 11520/9511/3753 11522/9513/3754 11521/9512/3754
f 11520/9511/3753 11521/9512/3754 11519/9510/3753
f 11524/9515/3755 11526/9517/3756 11525/9516/3756
f 11524/9515/3755 11525/9516/3756 11523/9514/3755
f 11528/9519/3757 11530/9521/3758 11529/9520/3758
f 11528/9519/3757 11529/9520/3758 11527/9518/3757
f 11532/9523/3759 11534/9525/3760 11533/9524/3760
f 11532/9523/3759 11533/9524/3760 11531/9522/3759
f 11536/9527/3761 11538/9529/3762 11537/9528/3762
f 11536/9527/3761 11537/9528/3762 11535/9526/3761
f 11540/9531/3763 11542/9533/3764 11541/9532/3764
f 11540/9531/3763 11541/9532/3764 11539/9530/3763
f 11544/9535/3765 11546/9537/3766 11545/9536/3766
f 11544/9535/3765 11545/9536/3766 11543/9534/3765
f 11548/9539/3767 11550/9541/3768 11549/9540/3768
f 11548/9539/3767 11549/9540/3768 11547/9538/3767
f 11552/9543/3769 11554/9545/3770 11553/9544/3770
f 11552/9543/3769 11553/9544/3770 11551/9542/3769
f 11556/9547/3771 11558/9549/3772 11557/9548/3772
f 11556/9547/3771 11557/9548/3772 11555/9546/3771
f 11560/9551/3773 11562/9553/3774 11561/9552/3774
f 11560/9551/3773 11561/9552/3774 11559/9550/3773
f 11564/9555/3775 11566/9557/3776 11565/9556/3776
f 11564/9555/3775 11565/9556/3776 11563/9554/3775
f 11568/9559/3777 11570/9561/3778 11569/9560/3778
f 11568/9559/3777 11569/9560/3778 11567/9558/3777
f 11572/9563/3779 11574/9565/3780 11573/9564/3780
f 11572/9563/3779 11573/9564/3780 11571/9562/3779
f 11576/9567/3781 11578/9569/3782 11577/9568/3782
f 11576/9567/3781 11577/9568/3782 11575/9566/3781
f 11580/9571/3783 11582/9573/3784 11581/9572/3784
f 11580/9571/3783 11581/9572/3784 11579/9570/3783
f 11584/9575/3785 11586/9577/3786 11585/9576/3786
f 11584/9575/3785 11585/9576/3786 11583/9574/3785
f 11588/9579/3787 11590/9581/3788 11589/9580/3788
f 11588/9579/3787 11589/9580/3788 11587/9578/3787
f 11592/9583/3789 11594/9585/3790 11593/9584/3790
f 11592/9583/3789 11593/9584/3790 11591/9582/3789
f 11596/9587/3791 11598/9589/3792 11597/9588/3792
f 11596/9587/3791 11597/9588/3792 11595/9586/3791
f 11600/9591/3793 11602/9593/3794 11601/9592/3794
f 11600/9591/3793 11601/9592/3794 11599/9590/3793
f 11604/9595/3795 11606/9597/3796 11605/9596/3796
f 11604/9595/3795 11605/9596/3796 11603/9594/3795
f 11608/9599/3797 11610/9601/3798 11609/9600/3798
f 11608/9599/3797 11609/9600/3798 11607/9598/3797
f 11612/9603/3799 11614/9605/3800 11613/9604/3800
f 11612/9603/3799 11613/9604/3800 11611/9602/3799
f 11616/9607/3801 11618/9609/3802 11617/9608/3802
f 11616/9607/3801 11617/9608/3802 11615/9606/3801
f 11620/9611/3803 11622/9613/3804 11621/9612/3804
f 11620/9611/3803 11621/9612/3804 11619/9610/3803
f 11624/9615/3805 11626/9617/3806 11625/9616/3806
f 11624/9615/3805 11625/9616/3806 11623/9614/3805
f 11628/9619/3807 11630/9621/3808 11629/9620/3808
f 11628/9619/3807 11629/9620/3808 11627/9618/3807
f 11632/9623/3809 11634/9625/3810 11633/9624/3810
f 11632/9623/3809 11633/9624/3810 11631/9622/3809
f 11636/9627/3811 11638/9629/3812 11637/9628/3812
f 11636/9627/3811 11637/9628/3812 11635/9626/3811
f 11640/9631/3813 11642/9633/3814 11641/9632/3814
f 11640/9631/3813 11641/9632/3814 11639/9630/3813
f 11644/9635/3815 11646/9637/3816 11645/9636/3816
f 11644/9635/3815 11645/9636/3816 11643/9634/3815
f 11648/9639/3817 11650/9641/3818 11649/9640/3818
f 11648/9639/3817 11649/9640/3818 11647/9638/3817
f 11652/9643/3819 11654/9645/3820 11653/9644/3820
f 11652/9643/3819 11653/9644/3820 11651/9642/3819
f 11656/9647/3821 11658/9649/3822 11657/9648/3822
f 11656/9647/3821 11657/9648/3822 11655/9646/3821
f 11660/9651/3823 11662/9653/3824 11661/9652/3824
f 11660/9651/3823 11661/9652/3824 11659/9650/3823
f 11664/9655/3825 11666/9657/3826 11665/9656/3826
f 11664/9655/3825 11665/9656/3826 11663/9654/3825
f 11668/9659/3827 11670/9661/3828 11669/9660/3828
f 11668/9659/3827 11669/9660/3828 11667/9658/3827
f 11672/9663/3829 11674/9665/3830 11673/9664/3830
f 11672/9663/3829 11673/9664/3830 11671/9662/3829
f 11676/9667/3831 11678/9669/3832 11677/9668/3832
f 11676/9667/3831 11677/9668/3832 11675/9666/3831
f 11680/9671/3833 11682/9673/3834 11681/9672/3834
f 11680/9671/3833 11681/9672/3834 11679/9670/3833
f 11684/9675/3835 11686/9677/3836 11685/9676/3836
f 11684/9675/3835 11685/9676/3836 11683/9674/3835
f 11688/9679/3837 11690/9681/3838 11689/9680/3838
f 11688/9679/3837 11689/9680/3838 11687/9678/3837
f 11692/9683/3839 11694/9685/3840 11693/9684/3840
f 11692/9683/3839 11693/9684/3840 11691/9682/3839
f 11696/9687/3841 11698/9689/3842 11697/9688/3842
f 11696/9687/3841 11697/9688/3842 11695/9686/3841
f 11700/9691/3843 11702/9693/3844 11701/9692/3844
f 11700/9691/3843 11701/9692/3844 11699/9690/3843
f 11704/9695/3845 11706/9697/3846 11705/9696/3846
f 11704/9695/3845 11705/9696/3846 11703/9694/3845
f 11708/9699/3847 11710/9701/3848 11709/9700/3848
f 11708/9699/3847 11709/9700/3848 11707/9698/3847
f 11712/9703/3849 11714/9705/3850 11713/9704/3850
f 11712/9703/3849 11713/9704/3850 11711/9702/3849
f 11716/9707/3851 11718/9709/3852 11717/9708/3852
f 11716/9707/3851 11717/9708/3852 11715/9706/3851
f 11720/9711/3853 11722/9713/3854 11721/9712/3854
f 11720/9711/3853 11721/9712/3854 11719/9710/3853
f 11724/9715/3855 11726/9717/3856 11725/9716/3856
f 11724/9715/3855 11725/9716/3856 11723/9714/3855
f 11728/9719/3857 11730/9721/3858 11729/9720/3858
f 11728/9719/3857 11729/9720/3858 11727/9718/3857
f 11732/9723/3859 11734/9725/3860 11733/9724/3860
f 11732/9723/3859 11733/9724/3860 11731/9722/3859
f 11736/9727/3861 11738/9729/3862 11737/9728/3862
f 11736/9727/3861 11737/9728/3862 11735/9726/3861
f 11740/9731/3863 11742/9733/3864 11741/9732/3864
f 11740/9731/3863 11741/9732/3864 11739/9730/3863
f 11744/9735/3865 11746/9737/3866 11745/9736/3866
f 11744/9735/3865 11745/9736/3866 11743/9734/3865
f 11748/9739/3867 11750/9741/3868 11749/9740/3868
f 11748/9739/3867 11749/9740/3868 11747/9738/3867
f 11752/9743/3869 11754/9745/3870 11753/9744/3870
f 11752/9743/3869 11753/9744/3870 11751/9742/3869
f 11756/9747/3871 11758/9749/3872 11757/9748/3872
f 11756/9747/3871 11757/9748/3872 11755/9746/3871
f 11760/9751/3873 11762/9753/3874 11761/9752/3874
f 11760/9751/3873 11761/9752/3874 11759/9750/3873
f 11764/9755/3875 11766/9757/3876 11765/9756/3876
f 11764/9755/3875 11765/9756/3876 11763/9754/3875
f 11768/9759/3877 11770/9761/3878 11769/9760/3878
f 11768/9759/3877 11769/9760/3878 11767/9758/3877
f 11772/9763/3879 11774/9765/3880 11773/9764/3880
f 11772/9763/3879 11773/9764/3880 11771/9762/3879
f 11776/9767/3881 11778/9769/3882 11777/9768/3882
f 11776/9767/3881 11777/9768/3882 11775/9766/3881
f 11780/9771/3883 11782/9773/3884 11781/9772/3884
f 11780/9771/3883 11781/9772/3884 11779/9770/3883
f 11784/9775/3885 11786/9777/3886 11785/9776/3886
f 11784/9775/3885 11785/9776/3886 11783/9774/3885
f 11788/9779/3887 11790/9781/3888 11789/9780/3888
f 11788/9779/3887 11789/9780/3888 11787/9778/3887
f 11792/9783/3889 11794/9785/3890 11793/9784/3890
f 11792/9783/3889 11793/9784/3890 11791/9782/3889
f 11796/9787/3891 11798/9789/3892 11797/9788/3892
f 11796/9787/3891 11797/9788/3892 11795/9786/3891
f 11800/9791/3893 11802/9793/3894 11801/9792/3894
f 11800/9791/3893 11801/9792/3894 11799/9790/3893
f 11804/9795/3895 11806/9797/3896 11805/9796/3896
f 11804/9795/3895 11805/9796/3896 11803/9794/3895
f 11808/9799/3897 11810/9801/3898 11809/9800/3898
f 11808/9799/3897 11809/9800/3898 11807/9798/3897
f 11812/9803/3899 11814/9805/3900 11813/9804/3900
f 11812/9803/3899 11813/9804/3900 11811/9802/3899
f 11816/9807/3901 11818/9809/3902 11817/9808/3902
f 11816/9807/3901 11817/9808/3902 11815/9806/3901
f 11820/9811/3903 11822/9813/3904 11821/9812/3904
f 11820/9811/3903 11821/9812/3904 11819/9810/3903
f 11824/9815/3905 11826/9817/3906 11825/9816/3906
f 11824/9815/3905 11825/9816/3906 11823/9814/3905
f 11828/9819/3907 11830/9821/3908 11829/9820/3908
f 11828/9819/3907 11829/9820/3908 11827/9818/3907
f 11832/9823/3909 11834/9825/3910 11833/9824/3910
f 11832/9823/3909 11833/9824/3910 11831/9822/3909
f 11836/9827/3911 11838/9829/3912 11837/9828/3912
f 11836/9827/3911 11837/9828/3912 11835/9826/3911
f 11840/9831/3913 11842/9833/3914 11841/9832/3914
f 11840/9831/3913 11841/9832/3914 11839/9830/3913
f 11844/9835/3915 11846/9837/3916 11845/9836/3916
f 11844/9835/3915 11845/9836/3916 11843/9834/3915
f 11848/9839/3917 11850/9841/3918 11849/9840/3918
f 11848/9839/3917 11849/9840/3918 11847/9838/3917
f 11852/9843/3919 11854/9845/3920 11853/9844/3920
f 11852/9843/3919 11853/9844/3920 11851/9842/3919
f 11856/9847/3921 11858/9849/3922 11857/9848/3922
f 11856/9847/3921 11857/9848/3922 11855/9846/3921
f 11860/9851/3923 11862/9853/3924 11861/9852/3924
f 11860/9851/3923 11861/9852/3924 11859/9850/3923
f 11864/9855/3925 11866/9857/3926 11865/9856/3926
f 11864/9855/3925 11865/9856/3926 11863/9854/3925
f 11868/9859/3927 11870/9861/3928 11869/9860/3928
f 11868/9859/3927 11869/9860/3928 11867/9858/3927
f 11872/9863/3929 11874/9865/3930 11873/9864/3930
f 11872/9863/3929 11873/9864/3930 11871/9862/3929
f 11876/9867/3931 11878/9869/3932 11877/9868/3932
f 11876/9867/3931 11877/9868/3932 11875/9866/3931
f 11880/9871/3933 11882/9873/3934 11881/9872/3934
f 11880/9871/3933 11881/9872/3934 11879/9870/3933
f 11884/9875/3935 11886/9877/3936 11885/9876/3936
f 11884/9875/3935 11885/9876/3936 11883/9874/3935
f 11888/9879/3937 11890/9881/3938 11889/9880/3938
f 11888/9879/3937 11889/9880/3938 11887/9878/3937
f 11892/9883/3939 11894/9885/3940 11893/9884/3940
f 11892/9883/3939 11893/9884/3940 11891/9882/3939
f 11896/9887/3941 11898/9889/3942 11897/9888/3942
f 11896/9887/3941 11897/9888/3942 11895/9886/3941
f 11900/9891/3943 11902/9893/3944 11901/9892/3944
f 11900/9891/3943 11901/9892/3944 11899/9890/3943
f 11904/9895/3945 11906/9897/3946 11905/9896/3946
f 11904/9895/3945 11905/9896/3946 11903/9894/3945
f 11908/9899/3947 11910/9901/3948 11909/9900/3948
f 11908/9899/3947 11909/9900/3948 11907/9898/3947
f 11912/9903/3949 11914/9905/3950 11913/9904/3950
f 11912/9903/3949 11913/9904/3950 11911/9902/3949
f 11916/9907/3951 11918/9909/3952 11917/9908/3952
f 11916/9907/3951 11917/9908/3952 11915/9906/3951
f 11920/9911/3953 11922/9913/3954 11921/9912/3954
f 11920/9911/3953 11921/9912/3954 11919/9910/3953
f 11924/9915/3955 11926/9917/3956 11925/9916/3956
f 11924/9915/3955 11925/9916/3956 11923/9914/3955
f 11928/9919/3957 11930/9921/3958 11929/9920/3958
f 11928/9919/3957 11929/9920/3958 11927/9918/3957
f 11932/9923/3959 11934/9925/3960 11933/9924/3960
f 11932/9923/3959 11933/9924/3960 11931/9922/3959
f 11936/9927/3961 11938/9929/3962 11937/9928/3962
f 11936/9927/3961 11937/9928/3962 11935/9926/3961
f 11940/9931/3963 11942/9933/3964 11941/9932/3964
f 11940/9931/3963 11941/9932/3964 11939/9930/3963
f 11944/9935/3965 11946/9937/3966 11945/9936/3966
f 11944/9935/3965 11945/9936/3966 11943/9934/3965
f 11948/9939/3967 11950/9941/3968 11949/9940/3968
f 11948/9939/3967 11949/9940/3968 11947/9938/3967
f 11952/9943/3969 11954/9945/3970 11953/9944/3970
f 11952/9943/3969 11953/9944/3970 11951/9942/3969
f 11956/9947/3971 11958/9949/3972 11957/9948/3972
f 11956/9947/3971 11957/9948/3972 11955/9946/3971
f 11960/9951/3973 11962/9953/3974 11961/9952/3974
f 11960/9951/3973 11961/9952/3974 11959/9950/3973
f 11964/9955/3975 11966/9957/3976 11965/9956/3976
f 11964/9955/3975 11965/9956/3976 11963/9954/3975
f 11968/9959/3977 11970/9961/3978 11969/9960/3978
f 11968/9959/3977 11969/9960/3978 11967/9958/3977
f 11972/9963/3979 11974/9965/3980 11973/9964/3980
f 11972/9963/3979 11973/9964/3980 11971/9962/3979
f 11976/9967/3981 11978/9969/3982 11977/9968/3982
f 11976/9967/3981 11977/9968/3982 11975/9966/3981
f 11980/9971/3983 11982/9973/3984 11981/9972/3984
f 11980/9971/3983 11981/9972/3984 11979/9970/3983
f 11984/9975/3985 11986/9977/3986 11985/9976/3986
f 11984/9975/3985 11985/9976/3986 11983/9974/3985
f 11988/9979/3987 11990/9981/3988 11989/9980/3988
f 11988/9979/3987 11989/9980/3988 11987/9978/3987
f 11992/9983/3989 11994/9985/3990 11993/9984/3990
f 11992/9983/3989 11993/9984/3990 11991/9982/3989
f 11996/9987/3991 11998/9989/3992 11997/9988/3992
f 11996/9987/3991 11997/9988/3992 11995/9986/3991
f 12000/9991/3993 12002/9993/3994 12001/9992/3994
f 12000/9991/3993 12001/9992/3994 11999/9990/3993
f 12004/9995/3995 12006/9997/3996 12005/9996/3996
f 12004/9995/3995 12005/9996/3996 12003/9994/3995
f 12008/9999/3997 12010/10001/3998 12009/10000/3998
f 12008/9999/3997 12009/10000/3998 12007/9998/3997
f 12012/10003/3999 12014/10005/4000 12013/10004/4000
f 12012/10003/3999 12013/10004/4000 12011/10002/3999
f 12016/10007/4001 12018/10009/4002 12017/10008/4002
f 12016/10007/4001 12017/10008/4002 12015/10006/4001
f 12020/10011/4003 12022/10013/4004 12021/10012/4004
f 12020/10011/4003 12021/10012/4004 12019/10010/4003
f 12024/10015/4005 12026/10017/4006 12025/10016/4006
f 12024/10015/4005 12025/10016/4006 12023/10014/4005
f 12028/10019/4007 12030/10021/4008 12029/10020/4008
f 12028/10019/4007 12029/10020/4008 12027/10018/4007
f 12032/10023/4009 12034/10025/4010 12033/10024/4010
f 12032/10023/4009 12033/10024/4010 12031/10022/4009
f 12036/10027/4011 12038/10029/4012 12037/10028/4012
f 12036/10027/4011 12037/10028/4012 12035/10026/4011
f 12040/10031/4013 12042/10033/4014 12041/10032/4014
f 12040/10031/4013 12041/10032/4014 12039/10030/4013
f 12044/10035/4015 12046/10037/4016 12045/10036/4016
f 12044/10035/4015 12045/10036/4016 12043/10034/4015
f 12048/10039/4017 12050/10041/4018 12049/10040/4018
f 12048/10039/4017 12049/10040/4018 12047/10038/4017
f 12052/10043/4019 12054/10045/4020 12053/10044/4020
f 12052/10043/4019 12053/10044/4020 12051/10042/4019
usemtl logo_text_outline
f 20/20/1 28/28/1 29/29/1
f 62/20/2 71/29/2 70/28/2
f 27/27/1 28/28/1 20/20/1
f 69/27/2 62/20/2 70/28/2
f 27/27/1 20/20/1 21/21/1
f 69/27/2 63/21/2 62/20/2
f 27/27/1 21/21/1 22/22/1
f 69/27/2 64/22/2 63/21/2
f 27/27/1 22/22/1 23/23/1
f 69/27/2 65/23/2 64/22/2
f 27/27/1 23/23/1 24/24/1
f 69/27/2 66/24/2 65/23/2
f 27/27/1 24/24/1 25/25/1
f 69/27/2 67/25/2 66/24/2
f 27/27/1 25/25/1 26/26/1
f 69/27/2 68/26/2 67/25/2
f 27/27/1 26/26/1 1/1/1
f 69/27/2 43/1/2 68/26/2
f 27/27/1 1/1/1 2/2/1
f 69/27/2 44/2/2 43/1/2
f 27/27/1 2/2/1 3/3/1
f 69/27/2 45/3/2 44/2/2
f 27/27/1 3/3/1 4/4/1
f 69/27/2 46/4/2 45/3/2
f 27/27/1 4/4/1 5/5/1
f 69/27/2 47/5/2 46/4/2
f 5/5/1 6/6/1 7/7/1
f 47/5/2 49/7/2 48/6/2
f 5/5/1 7/7/1 8/8/1
f 47/5/2 50/8/2 49/7/2
f 5/5/1 8/8/1 9/9/1
f 47/5/2 51/9/2 50/8/2
f 5/5/1 9/9/1 10/10/1
f 47/5/2 52/10/2 51/9/2
f 5/5/1 10/10/1 11/11/1
f 47/5/2 53/11/2 52/10/2
f 11/11/1 12/12/1 13/13/1
f 53/11/2 55/13/2 54/12/2
f 11/11/1 13/13/1 14/14/1
f 53/11/2 56/14/2 55/13/2
f 11/11/1 14/14/1 15/15/1
f 53/11/2 57/15/2 56/14/2
f 11/11/1 15/15/1 16/16/1
f 53/11/2 58/16/2 57/15/2
f 11/11/1 16/16/1 17/17/1
f 53/11/2 59/17/2 58/16/2
f 11/11/1 17/17/1 18/18/1
f 53/11/2 60/18/2 59/17/2
f 11/11/1 18/18/1 19/19/1
f 53/11/2 61/19/2 60/18/2
f 19/19/1 20/20/1 29/29/1
f 61/19/2 71/29/2 62/20/2
f 19/19/1 29/29/1 30/30/1
f 61/19/2 72/30/2 71/29/2
f 19/19/1 30/30/1 31/31/1
f 61/19/2 73/31/2 72/30/2
f 19/19/1 31/31/1 32/32/1
f 61/19/2 74/32/2 73/31/2
f 19/19/1 32/32/1 33/33/1
f 61/19/2 75/33/2 74/32/2
f 19/19/1 33/33/1 34/34/1
f 61/19/2 76/34/2 75/33/2
f 42/42/1 27/27/1 5/5/1
f 84/42/2 47/5/2 69/27/2
f 11/11/1 19/19/1 34/34/1
f 53/11/2 76/34/2 61/19/2
f 11/11/1 34/34/1 35/35/1
f 53/11/2 77/35/2 76/34/2
f 11/11/1 35/35/1 36/36/1
f 53/11/2 78/36/2 77/35/2
f 11/11/1 36/36/1 37/37/1
f 53/11/2 79/37/2 78/36/2
f 41/41/1 42/42/1 5/5/1
f 83/41/2 47/5/2 84/42/2
f 5/5/1 11/11/1 37/37/1
f 47/5/2 79/37/2 53/11/2
f 5/5/1 37/37/1 38/38/1
f 47/5/2 80/38/2 79/37/2
f 5/5/1 38/38/1 39/39/1
f 47/5/2 81/39/2 80/38/2
f 5/5/1 39/39/1 40/40/1
f 47/5/2 82/40/2 81/39/2
f 5/5/1 40/40/1 41/41/1
f 47/5/2 83/41/2 82/40/2
f 212/170/1 266/224/1 267/225/1
f 458/170/2 513/225/2 512/224/2
f 212/170/1 267/225/1 268/226/1
f 458/170/2 514/226/2 513/225/2
f 212/170/1 268/226/1 269/227/1
f 458/170/2 515/227/2 514/226/2
f 212/170/1 269/227/1 270/228/1
f 458/170/2 516/228/2 515/227/2
f 265/223/1 266/224/1 212/170/1
f 511/223/2 458/170/2 512/224/2
f 265/223/1 212/170/1 213/171/1
f 511/223/2 459/171/2 458/170/2
f 265/223/1 213/171/1 214/172/1
f 511/223/2 460/172/2 459/171/2
f 265/223/1 214/172/1 215/173/1
f 511/223/2 461/173/2 460/172/2
f 265/223/1 215/173/1 216/174/1
f 511/223/2 462/174/2 461/173/2
f 265/223/1 216/174/1 217/175/1
f 511/223/2 463/175/2 462/174/2
f 265/223/1 217/175/1 218/176/1
f 511/223/2 464/176/2 463/175/2
f 265/223/1 218/176/1 219/177/1
f 511/223/2 465/177/2 464/176/2
f 265/223/1 219/177/1 220/178/1
f 511/223/2 466/178/2 465/177/2
f 265/223/1 220/178/1 221/179/1
f 511/223/2 467/179/2 466/178/2
f 265/223/1 221/179/1 222/180/1
f 511/223/2 468/180/2 467/179/2
f 265/223/1 222/180/1 223/181/1
f 511/223/2 469/181/2 468/180/2
f 265/223/1 223/181/1 224/182/1
f 511/223/2 470/182/2 469/181/2
f 224/182/1 225/183/1 226/184/1
f 470/182/2 472/184/2 471/183/2
f 224/182/1 226/184/1 227/185/1
f 470/182/2 473/185/2 472/184/2
f 224/182/1 227/185/1 228/186/1
f 470/182/2 474/186/2 473/185/2
f 224/182/1 228/186/1 229/187/1
f 470/182/2 475/187/2 474/186/2
f 224/182/1 229/187/1 230/188/1
f 470/182/2 476/188/2 475/187/2
f 224/182/1 230/188/1 231/189/1
f 470/182/2 477/189/2 476/188/2
f 224/182/1 231/189/1 232/190/1
f 470/182/2 478/190/2 477/189/2
f 224/182/1 232/190/1 233/191/1
f 470/182/2 479/191/2 478/190/2
f 224/182/1 233/191/1 234/192/1
f 470/182/2 480/192/2 479/191/2
f 224/182/1 234/192/1 235/193/1
f 470/182/2 481/193/2 480/192/2
f 224/182/1 235/193/1 236/194/1
f 470/182/2 482/194/2 481/193/2
f 224/182/1 236/194/1 237/195/1
f 470/182/2 483/195/2 482/194/2
f 224/182/1 237/195/1 238/196/1
f 470/182/2 484/196/2 483/195/2
f 224/182/1 238/196/1 239/197/1
f 470/182/2 485/197/2 484/196/2
f 224/182/1 239/197/1 240/198/1
f 470/182/2 486/198/2 485/197/2
f 224/182/1 240/198/1 241/199/1
f 470/182/2 487/199/2 486/198/2
f 224/182/1 241/199/1 242/200/1
f 470/182/2 488/200/2 487/199/2
f 224/182/1 242/200/1 243/201/1
f 470/182/2 489/201/2 488/200/2
f 224/182/1 243/201/1 244/202/1
f 470/182/2 490/202/2 489/201/2
f 224/182/1 244/202/1 245/203/1
f 470/182/2 491/203/2 490/202/2
f 224/182/1 245/203/1 246/204/1
f 470/182/2 492/204/2 491/203/2
f 224/182/1 246/204/1 247/205/1
f 470/182/2 493/205/2 492/204/2
f 224/182/1 247/205/1 248/206/1
f 470/182/2 494/206/2 493/205/2
f 224/182/1 248/206/1 85/43/1
f 470/182/2 331/43/2 494/206/2
f 224/182/1 85/43/1 86/44/1
f 470/182/2 332/44/2 331/43/2
f 224/182/1 86/44/1 87/45/1
f 470/182/2 333/45/2 332/44/2
f 224/182/1 87/45/1 88/46/1
f 470/182/2 334/46/2 333/45/2
f 224/182/1 88/46/1 89/47/1
f 470/182/2 335/47/2 334/46/2
f 224/182/1 89/47/1 90/48/1
f 470/182/2 336/48/2 335/47/2
f 224/182/1 90/48/1 91/49/1
f 470/182/2 337/49/2 336/48/2
f 224/182/1 91/49/1 92/50/1
f 470/182/2 338/50/2 337/49/2
f 224/182/1 92/50/1 93/51/1
f 470/182/2 339/51/2 338/50/2
f 224/182/1 93/51/1 94/52/1
f 470/182/2 340/52/2 339/51/2
f 224/182/1 94/52/1 95/53/1
f 470/182/2 341/53/2 340/52/2
f 224/182/1 95/53/1 96/54/1
f 470/182/2 342/54/2 341/53/2
f 224/182/1 96/54/1 97/55/1
f 470/182/2 343/55/2 342/54/2
f 224/182/1 97/55/1 98/56/1
f 470/182/2 344/56/2 343/55/2
f 224/182/1 98/56/1 99/57/1
f 470/182/2 345/57/2 344/56/2
f 99/57/1 100/58/1 101/59/1
f 345/57/2 347/59/2 346/58/2
f 99/57/1 101/59/1 102/60/1
f 345/57/2 348/60/2 347/59/2
f 99/57/1 102/60/1 103/61/1
f 345/57/2 349/61/2 348/60/2
f 99/57/1 103/61/1 104/62/1
f 345/57/2 350/62/2 349/61/2
f 99/57/1 104/62/1 105/63/1
f 345/57/2 351/63/2 350/62/2
f 99/57/1 105/63/1 106/64/1
f 345/57/2 352/64/2 351/63/2
f 99/57/1 106/64/1 107/65/1
f 345/57/2 353/65/2 352/64/2
f 99/57/1 107/65/1 108/66/1
f 345/57/2 354/66/2 353/65/2
f 99/57/1 108/66/1 109/67/1
f 345/57/2 355/67/2 354/66/2
f 99/57/1 109/67/1 110/68/1
f 345/57/2 356/68/2 355/67/2
f 99/57/1 110/68/1 111/69/1
f 345/57/2 357/69/2 356/68/2
f 99/57/1 111/69/1 112/70/1
f 345/57/2 358/70/2 357/69/2
f 99/57/1 112/70/1 113/71/1
f 345/57/2 359/71/2 358/70/2
f 99/57/1 113/71/1 114/72/1
f 345/57/2 360/72/2 359/71/2
f 99/57/1 114/72/1 115/73/1
f 345/57/2 361/73/2 360/72/2
f 99/57/1 115/73/1 116/74/1
f 345/57/2 362/74/2 361/73/2
f 99/57/1 116/74/1 117/75/1
f 345/57/2 363/75/2 362/74/2
f 99/57/1 117/75/1 118/76/1
f 345/57/2 364/76/2 363/75/2
f 99/57/1 118/76/1 119/77/1
f 345/57/2 365/77/2 364/76/2
f 99/57/1 119/77/1 120/78/1
f 345/57/2 366/78/2 365/77/2
f 99/57/1 120/78/1 121/79/1
f 345/57/2 367/79/2 366/78/2
f 99/57/1 121/79/1 122/80/1
f 345/57/2 368/80/2 367/79/2
f 122/80/1 123/81/1 124/82/1
f 368/80/2 370/82/2 369/81/2
f 122/80/1 124/82/1 125/83/1
f 368/80/2 371/83/2 370/82/2
f 122/80/1 125/83/1 126/84/1
f 368/80/2 372/84/2 371/83/2
f 122/80/1 126/84/1 127/85/1
f 368/80/2 373/85/2 372/84/2
f 122/80/1 127/85/1 128/86/1
f 368/80/2 374/86/2 373/85/2
f 122/80/1 128/86/1 129/87/1
f 368/80/2 375/87/2 374/86/2
f 122/80/1 129/87/1 130/88/1
f 368/80/2 376/88/2 375/87/2
f 122/80/1 130/88/1 131/89/1
f 368/80/2 377/89/2 376/88/2
f 122/80/1 131/89/1 132/90/1
f 368/80/2 378/90/2 377/89/2
f 122/80/1 132/90/1 133/91/1
f 368/80/2 379/91/2 378/90/2
f 122/80/1 133/91/1 134/92/1
f 368/80/2 380/92/2 379/91/2
f 122/80/1 134/92/1 135/93/1
f 368/80/2 381/93/2 380/92/2
f 122/80/1 135/93/1 136/94/1
f 368/80/2 382/94/2 381/93/2
f 122/80/1 136/94/1 137/95/1
f 368/80/2 383/95/2 382/94/2
f 122/80/1 137/95/1 138/96/1
f 368/80/2 384/96/2 383/95/2
f 122/80/1 138/96/1 139/97/1
f 368/80/2 385/97/2 384/96/2
f 139/97/1 140/98/1 141/99/1
f 385/97/2 387/99/2 386/98/2
f 139/97/1 141/99/1 142/100/1
f 385/97/2 388/100/2 387/99/2
f 139/97/1 142/100/1 143/101/1
f 385/97/2 389/101/2 388/100/2
f 139/97/1 143/101/1 144/102/1
f 385/97/2 390/102/2 389/101/2
f 139/97/1 144/102/1 145/103/1
f 385/97/2 391/103/2 390/102/2
f 139/97/1 145/103/1 146/104/1
f 385/97/2 392/104/2 391/103/2
f 139/97/1 146/104/1 147/105/1
f 385/97/2 393/105/2 392/104/2
f 139/97/1 147/105/1 148/106/1
f 385/97/2 394/106/2 393/105/2
f 139/97/1 148/106/1 149/107/1
f 385/97/2 395/107/2 394/106/2
f 139/97/1 149/107/1 150/108/1
f 385/97/2 396/108/2 395/107/2
f 139/97/1 150/108/1 151/109/1
f 385/97/2 397/109/2 396/108/2
f 139/97/1 151/109/1 152/110/1
f 385/97/2 398/110/2 397/109/2
f 139/97/1 152/110/1 153/111/1
f 385/97/2 399/111/2 398/110/2
f 139/97/1 153/111/1 154/112/1
f 385/97/2 400/112/2 399/111/2
f 139/97/1 154/112/1 155/113/1
f 385/97/2 401/113/2 400/112/2
f 139/97/1 155/113/1 156/114/1
f 385/97/2 402/114/2 401/113/2
f 139/97/1 156/114/1 157/115/1
f 385/97/2 403/115/2 402/114/2
f 139/97/1 157/115/1 158/116/1
f 385/97/2 404/116/2 403/115/2
f 139/97/1 158/116/1 159/117/1
f 385/97/2 405/117/2 404/116/2
f 139/97/1 159/117/1 160/118/1
f 385/97/2 406/118/2 405/117/2
f 139/97/1 160/118/1 161/119/1
f 385/97/2 407/119/2 406/118/2
f 139/97/1 161/119/1 162/120/1
f 385/97/2 408/120/2 407/119/2
f 139/97/1 162/120/1 163/121/1
f 385/97/2 409/121/2 408/120/2
f 139/97/1 163/121/1 164/122/1
f 385/97/2 410/122/2 409/121/2
f 139/97/1 164/122/1 165/123/1
f 385/97/2 411/123/2 410/122/2
f 139/97/1 165/123/1 166/124/1
f 385/97/2 412/124/2 411/123/2
f 139/97/1 166/124/1 167/125/1
f 385/97/2 413/125/2 412/124/2
f 139/97/1 167/125/1 168/126/1
f 385/97/2 414/126/2 413/125/2
f 139/97/1 168/126/1 169/127/1
f 385/97/2 415/127/2 414/126/2
f 139/97/1 169/127/1 170/128/1
f 385/97/2 416/128/2 415/127/2
f 139/97/1 170/128/1 171/129/1
f 385/97/2 417/129/2 416/128/2
f 139/97/1 171/129/1 172/130/1
f 385/97/2 418/130/2 417/129/2
f 172/130/1 173/131/1 174/132/1
f 418/130/2 420/132/2 419/131/2
f 172/130/1 174/132/1 175/133/1
f 418/130/2 421/133/2 420/132/2
f 172/130/1 175/133/1 176/134/1
f 418/130/2 422/134/2 421/133/2
f 172/130/1 176/134/1 177/135/1
f 418/130/2 423/135/2 422/134/2
f 172/130/1 177/135/1 178/136/1
f 418/130/2 424/136/2 423/135/2
f 172/130/1 178/136/1 179/137/1
f 418/130/2 425/137/2 424/136/2
f 172/130/1 179/137/1 180/138/1
f 418/130/2 426/138/2 425/137/2
f 172/130/1 180/138/1 181/139/1
f 418/130/2 427/139/2 426/138/2
f 172/130/1 181/139/1 182/140/1
f 418/130/2 428/140/2 427/139/2
f 172/130/1 182/140/1 183/141/1
f 418/130/2 429/141/2 428/140/2
f 172/130/1 183/141/1 184/142/1
f 418/130/2 430/142/2 429/141/2
f 172/130/1 184/142/1 185/143/1
f 418/130/2 431/143/2 430/142/2
f 172/130/1 185/143/1 186/144/1
f 418/130/2 432/144/2 431/143/2
f 172/130/1 186/144/1 187/145/1
f 418/130/2 433/145/2 432/144/2
f 172/130/1 187/145/1 188/146/1
f 418/130/2 434/146/2 433/145/2
f 172/130/1 188/146/1 189/147/1
f 418/130/2 435/147/2 434/146/2
f 172/130/1 189/147/1 190/148/1
f 418/130/2 436/148/2 435/147/2
f 172/130/1 190/148/1 191/149/1
f 418/130/2 437/149/2 436/148/2
f 172/130/1 191/149/1 192/150/1
f 418/130/2 438/150/2 437/149/2
f 172/130/1 192/150/1 193/151/1
f 418/130/2 439/151/2 438/150/2
f 172/130/1 193/151/1 194/152/1
f 418/130/2 440/152/2 439/151/2
f 172/130/1 194/152/1 195/153/1
f 418/130/2 441/153/2 440/152/2
f 172/130/1 195/153/1 196/154/1
f 418/130/2 442/154/2 441/153/2
f 172/130/1 196/154/1 197/155/1
f 418/130/2 443/155/2 442/154/2
f 172/130/1 197/155/1 198/156/1
f 418/130/2 444/156/2 443/155/2
f 198/156/1 199/157/1 200/158/1
f 444/156/2 446/158/2 445/157/2
f 198/156/1 200/158/1 201/159/1
f 444/156/2 447/159/2 446/158/2
f 198/156/1 201/159/1 202/160/1
f 444/156/2 448/160/2 447/159/2
f 198/156/1 202/160/1 203/161/1
f 444/156/2 449/161/2 448/160/2
f 198/156/1 203/161/1 204/162/1
f 444/156/2 450/162/2 449/161/2
f 198/156/1 204/162/1 205/163/1
f 444/156/2 451/163/2 450/162/2
f 198/156/1 205/163/1 206/164/1
f 444/156/2 452/164/2 451/163/2
f 198/156/1 206/164/1 207/165/1
f 444/156/2 453/165/2 452/164/2
f 198/156/1 207/165/1 208/166/1
f 444/156/2 454/166/2 453/165/2
f 198/156/1 208/166/1 209/167/1
f 444/156/2 455/167/2 454/166/2
f 198/156/1 209/167/1 210/168/1
f 444/156/2 456/168/2 455/167/2
f 198/156/1 210/168/1 211/169/1
f 444/156/2 457/169/2 456/168/2
f 198/156/1 211/169/1 212/170/1
f 444/156/2 458/170/2 457/169/2
f 198/156/1 212/170/1 270/228/1
f 444/156/2 516/228/2 458/170/2
f 198/156/1 270/228/1 271/229/1
f 444/156/2 517/229/2 516/228/2
f 198/156/1 271/229/1 272/230/1
f 444/156/2 518/230/2 517/229/2
f 198/156/1 272/230/1 273/231/1
f 444/156/2 519/231/2 518/230/2
f 198/156/1 273/231/1 274/232/1
f 444/156/2 520/232/2 519/231/2
f 198/156/1 274/232/1 275/233/1
f 444/156/2 521/233/2 520/232/2
f 198/156/1 275/233/1 276/234/1
f 444/156/2 522/234/2 521/233/2
f 198/156/1 276/234/1 277/235/1
f 444/156/2 523/235/2 522/234/2
f 198/156/1 277/235/1 278/236/1
f 444/156/2 524/236/2 523/235/2
f 198/156/1 278/236/1 279/237/1
f 444/156/2 525/237/2 524/236/2
f 264/222/1 265/223/1 224/182/1
f 510/222/2 470/182/2 511/223/2
f 172/130/1 198/156/1 279/237/1
f 418/130/2 525/237/2 444/156/2
f 172/130/1 279/237/1 280/238/1
f 418/130/2 526/238/2 525/237/2
f 172/130/1 280/238/1 281/239/1
f 418/130/2 527/239/2 526/238/2
f 172/130/1 281/239/1 282/240/1
f 418/130/2 528/240/2 527/239/2
f 172/130/1 282/240/1 283/241/1
f 418/130/2 529/241/2 528/240/2
f 172/130/1 283/241/1 284/242/1
f 418/130/2 530/242/2 529/241/2
f 172/130/1 284/242/1 285/243/1
f 418/130/2 531/243/2 530/242/2
f 172/130/1 285/243/1 286/244/1
f 418/130/2 532/244/2 531/243/2
f 172/130/1 286/244/1 287/245/1
f 418/130/2 533/245/2 532/244/2
f 172/130/1 287/245/1 288/246/1
f 418/130/2 534/246/2 533/245/2
f 172/130/1 288/246/1 289/247/1
f 418/130/2 535/247/2 534/246/2
f 172/130/1 289/247/1 290/248/1
f 418/130/2 536/248/2 535/247/2
f 172/130/1 290/248/1 291/249/1
f 418/130/2 537/249/2 536/248/2
f 172/130/1 291/249/1 292/250/1
f 418/130/2 538/250/2 537/249/2
f 172/130/1 292/250/1 293/251/1
f 418/130/2 539/251/2 538/250/2
f 172/130/1 293/251/1 294/252/1
f 418/130/2 540/252/2 539/251/2
f 172/130/1 294/252/1 295/253/1
f 418/130/2 541/253/2 540/252/2
f 172/130/1 295/253/1 296/254/1
f 418/130/2 542/254/2 541/253/2
f 263/221/1 264/222/1 224/182/1
f 509/221/2 470/182/2 510/222/2
f 139/97/1 172/130/1 296/254/1
f 385/97/2 542/254/2 418/130/2
f 139/97/1 296/254/1 297/255/1
f 385/97/2 543/255/2 542/254/2
f 139/97/1 297/255/1 298/256/1
f 385/97/2 544/256/2 543/255/2
f 139/97/1 298/256/1 299/257/1
f 385/97/2 545/257/2 544/256/2
f 139/97/1 299/257/1 300/258/1
f 385/97/2 546/258/2 545/257/2
f 139/97/1 300/258/1 301/259/1
f 385/97/2 547/259/2 546/258/2
f 139/97/1 301/259/1 302/260/1
f 385/97/2 548/260/2 547/259/2
f 139/97/1 302/260/1 303/261/1
f 385/97/2 549/261/2 548/260/2
f 139/97/1 303/261/1 304/262/1
f 385/97/2 550/262/2 549/261/2
f 139/97/1 304/262/1 305/263/1
f 385/97/2 551/263/2 550/262/2
f 139/97/1 305/263/1 306/264/1
f 385/97/2 552/264/2 551/263/2
f 139/97/1 306/264/1 307/265/1
f 385/97/2 553/265/2 552/264/2
f 139/97/1 307/265/1 308/266/1
f 385/97/2 554/266/2 553/265/2
f 262/220/1 263/221/1 224/182/1
f 508/220/2 470/182/2 509/221/2
f 122/80/1 139/97/1 308/266/1
f 368/80/2 554/266/2 385/97/2
f 122/80/1 308/266/1 309/267/1
f 368/80/2 555/267/2 554/266/2
f 122/80/1 309/267/1 310/268/1
f 368/80/2 556/268/2 555/267/2
f 122/80/1 310/268/1 311/269/1
f 368/80/2 557/269/2 556/268/2
f 122/80/1 311/269/1 312/270/1
f 368/80/2 558/270/2 557/269/2
f 122/80/1 312/270/1 313/271/1
f 368/80/2 559/271/2 558/270/2
f 122/80/1 313/271/1 314/272/1
f 368/80/2 560/272/2 559/271/2
f 122/80/1 314/272/1 315/273/1
f 368/80/2 561/273/2 560/272/2
f 122/80/1 315/273/1 316/274/1
f 368/80/2 562/274/2 561/273/2
f 122/80/1 316/274/1 317/275/1
f 368/80/2 563/275/2 562/274/2
f 261/219/1 262/220/1 224/182/1
f 507/219/2 470/182/2 508/220/2
f 99/57/1 122/80/1 317/275/1
f 345/57/2 563/275/2 368/80/2
f 99/57/1 317/275/1 318/276/1
f 345/57/2 564/276/2 563/275/2
f 99/57/1 318/276/1 319/277/1
f 345/57/2 565/277/2 564/276/2
f 99/57/1 319/277/1 320/278/1
f 345/57/2 566/278/2 565/277/2
f 99/57/1 320/278/1 321/279/1
f 345/57/2 567/279/2 566/278/2
f 99/57/1 321/279/1 322/280/1
f 345/57/2 568/280/2 567/279/2
f 99/57/1 322/280/1 323/281/1
f 345/57/2 569/281/2 568/280/2
f 99/57/1 323/281/1 324/282/1
f 345/57/2 570/282/2 569/281/2
f 99/57/1 324/282/1 325/283/1
f 345/57/2 571/283/2 570/282/2
f 99/57/1 325/283/1 326/284/1
f 345/57/2 572/284/2 571/283/2
f 99/57/1 326/284/1 327/285/1
f 345/57/2 573/285/2 572/284/2
f 99/57/1 327/285/1 328/286/1
f 345/57/2 574/286/2 573/285/2
f 99/57/1 328/286/1 329/287/1
f 345/57/2 575/287/2 574/286/2
f 99/57/1 329/287/1 330/288/1
f 345/57/2 576/288/2 575/287/2
f 99/57/1 330/288/1 249/207/1
f 345/57/2 495/207/2 576/288/2
f 99/57/1 249/207/1 250/208/1
f 345/57/2 496/208/2 495/207/2
f 99/57/1 250/208/1 251/209/1
f 345/57/2 497/209/2 496/208/2
f 260/218/1 261/219/1 224/182/1
f 506/218/2 470/182/2 507/219/2
f 224/182/1 99/57/1 251/209/1
f 470/182/2 497/209/2 345/57/2
f 224/182/1 251/209/1 252/210/1
f 470/182/2 498/210/2 497/209/2
f 224/182/1 252/210/1 253/211/1
f 470/182/2 499/211/2 498/210/2
f 224/182/1 253/211/1 254/212/1
f 470/182/2 500/212/2 499/211/2
f 224/182/1 254/212/1 255/213/1
f 470/182/2 501/213/2 500/212/2
f 224/182/1 255/213/1 256/214/1
f 470/182/2 502/214/2 501/213/2
f 224/182/1 256/214/1 257/215/1
f 470/182/2 503/215/2 502/214/2
f 224/182/1 257/215/1 258/216/1
f 470/182/2 504/216/2 503/215/2
f 224/182/1 258/216/1 259/217/1
f 470/182/2 505/217/2 504/216/2
f 224/182/1 259/217/1 260/218/1
f 470/182/2 506/218/2 505/217/2
f 645/357/1 656/368/1 657/369/1
f 773/357/2 785/369/2 784/368/2
f 664/376/1 665/377/1 666/378/1
f 792/376/2 794/378/2 793/377/2
f 664/376/1 666/378/1 667/379/1
f 792/376/2 795/379/2 794/378/2
f 664/376/1 667/379/1 668/380/1
f 792/376/2 796/380/2 795/379/2
f 664/376/1 668/380/1 669/381/1
f 792/376/2 797/381/2 796/380/2
f 664/376/1 669/381/1 670/382/1
f 792/376/2 798/382/2 797/381/2
f 664/376/1 670/382/1 671/383/1
f 792/376/2 799/383/2 798/382/2
f 664/376/1 671/383/1 672/384/1
f 792/376/2 800/384/2 799/383/2
f 664/376/1 672/384/1 673/385/1
f 792/376/2 801/385/2 800/384/2
f 664/376/1 673/385/1 674/386/1
f 792/376/2 802/386/2 801/385/2
f 690/402/1 691/403/1 692/404/1
f 818/402/2 820/404/2 819/403/2
f 655/367/1 656/368/1 645/357/1
f 783/367/2 773/357/2 784/368/2
f 655/367/1 645/357/1 646/358/1
f 783/367/2 774/358/2 773/357/2
f 655/367/1 646/358/1 647/359/1
f 783/367/2 775/359/2 774/358/2
f 655/367/1 647/359/1 648/360/1
f 783/367/2 776/360/2 775/359/2
f 655/367/1 648/360/1 649/361/1
f 783/367/2 777/361/2 776/360/2
f 655/367/1 649/361/1 650/362/1
f 783/367/2 778/362/2 777/361/2
f 655/367/1 650/362/1 651/363/1
f 783/367/2 779/363/2 778/362/2
f 651/363/1 652/364/1 577/289/1
f 779/363/2 705/289/2 780/364/2
f 651/363/1 577/289/1 578/290/1
f 779/363/2 706/290/2 705/289/2
f 651/363/1 578/290/1 579/291/1
f 779/363/2 707/291/2 706/290/2
f 651/363/1 579/291/1 580/292/1
f 779/363/2 708/292/2 707/291/2
f 651/363/1 580/292/1 581/293/1
f 779/363/2 709/293/2 708/292/2
f 651/363/1 581/293/1 582/294/1
f 779/363/2 710/294/2 709/293/2
f 582/294/1 583/295/1 584/296/1
f 710/294/2 712/296/2 711/295/2
f 584/296/1 585/297/1 586/298/1
f 712/296/2 714/298/2 713/297/2
f 584/296/1 586/298/1 587/299/1
f 712/296/2 715/299/2 714/298/2
f 584/296/1 587/299/1 588/300/1
f 712/296/2 716/300/2 715/299/2
f 584/296/1 588/300/1 589/301/1
f 712/296/2 717/301/2 716/300/2
f 584/296/1 589/301/1 590/302/1
f 712/296/2 718/302/2 717/301/2
f 584/296/1 590/302/1 591/303/1
f 712/296/2 719/303/2 718/302/2
f 584/296/1 591/303/1 592/304/1
f 712/296/2 720/304/2 719/303/2
f 584/296/1 592/304/1 593/305/1
f 712/296/2 721/305/2 720/304/2
f 584/296/1 593/305/1 594/306/1
f 712/296/2 722/306/2 721/305/2
f 594/306/1 595/307/1 596/308/1
f 722/306/2 724/308/2 723/307/2
f 594/306/1 596/308/1 597/309/1
f 722/306/2 725/309/2 724/308/2
f 594/306/1 597/309/1 598/310/1
f 722/306/2 726/310/2 725/309/2
f 594/306/1 598/310/1 599/311/1
f 722/306/2 727/311/2 726/310/2
f 594/306/1 599/311/1 600/312/1
f 722/306/2 728/312/2 727/311/2
f 600/312/1 601/313/1 602/314/1
f 728/312/2 730/314/2 729/313/2
f 600/312/1 602/314/1 603/315/1
f 728/312/2 731/315/2 730/314/2
f 600/312/1 603/315/1 604/316/1
f 728/312/2 732/316/2 731/315/2
f 600/312/1 604/316/1 605/317/1
f 728/312/2 733/317/2 732/316/2
f 600/312/1 605/317/1 606/318/1
f 728/312/2 734/318/2 733/317/2
f 600/312/1 606/318/1 607/319/1
f 728/312/2 735/319/2 734/318/2
f 600/312/1 607/319/1 608/320/1
f 728/312/2 736/320/2 735/319/2
f 608/320/1 609/321/1 610/322/1
f 736/320/2 738/322/2 737/321/2
f 608/320/1 610/322/1 611/323/1
f 736/320/2 739/323/2 738/322/2
f 608/320/1 611/323/1 612/324/1
f 736/320/2 740/324/2 739/323/2
f 608/320/1 612/324/1 613/325/1
f 736/320/2 741/325/2 740/324/2
f 608/320/1 613/325/1 614/326/1
f 736/320/2 742/326/2 741/325/2
f 608/320/1 614/326/1 615/327/1
f 736/320/2 743/327/2 742/326/2
f 615/327/1 616/328/1 617/329/1
f 743/327/2 745/329/2 744/328/2
f 615/327/1 617/329/1 618/330/1
f 743/327/2 746/330/2 745/329/2
f 615/327/1 618/330/1 619/331/1
f 743/327/2 747/331/2 746/330/2
f 615/327/1 619/331/1 620/332/1
f 743/327/2 748/332/2 747/331/2
f 615/327/1 620/332/1 621/333/1
f 743/327/2 749/333/2 748/332/2
f 615/327/1 621/333/1 622/334/1
f 743/327/2 750/334/2 749/333/2
f 615/327/1 622/334/1 623/335/1
f 743/327/2 751/335/2 750/334/2
f 615/327/1 623/335/1 624/336/1
f 743/327/2 752/336/2 751/335/2
f 615/327/1 624/336/1 625/337/1
f 743/327/2 753/337/2 752/336/2
f 615/327/1 625/337/1 626/338/1
f 743/327/2 754/338/2 753/337/2
f 627/339/1 628/340/1 629/341/1
f 755/339/2 757/341/2 756/340/2
f 627/339/1 629/341/1 630/342/1
f 755/339/2 758/342/2 757/341/2
f 627/339/1 630/342/1 631/343/1
f 755/339/2 759/343/2 758/342/2
f 627/339/1 631/343/1 632/344/1
f 755/339/2 760/344/2 759/343/2
f 627/339/1 632/344/1 633/345/1
f 755/339/2 761/345/2 760/344/2
f 627/339/1 633/345/1 634/346/1
f 755/339/2 762/346/2 761/345/2
f 627/339/1 634/346/1 635/347/1
f 755/339/2 763/347/2 762/346/2
f 635/347/1 636/348/1 637/349/1
f 763/347/2 765/349/2 764/348/2
f 635/347/1 637/349/1 638/350/1
f 763/347/2 766/350/2 765/349/2
f 635/347/1 638/350/1 639/351/1
f 763/347/2 767/351/2 766/350/2
f 635/347/1 639/351/1 640/352/1
f 763/347/2 768/352/2 767/351/2
f 635/347/1 640/352/1 641/353/1
f 763/347/2 769/353/2 768/352/2
f 635/347/1 641/353/1 642/354/1
f 763/347/2 770/354/2 769/353/2
f 642/354/1 643/355/1 644/356/1
f 770/354/2 772/356/2 771/355/2
f 642/354/1 644/356/1 645/357/1
f 770/354/2 773/357/2 772/356/2
f 642/354/1 645/357/1 657/369/1
f 770/354/2 785/369/2 773/357/2
f 642/354/1 657/369/1 658/370/1
f 770/354/2 786/370/2 785/369/2
f 642/354/1 658/370/1 659/371/1
f 770/354/2 787/371/2 786/370/2
f 663/375/1 664/376/1 674/386/1
f 791/375/2 802/386/2 792/376/2
f 689/401/1 690/402/1 692/404/1
f 817/401/2 820/404/2 818/402/2
f 654/366/1 655/367/1 651/363/1
f 782/366/2 779/363/2 783/367/2
f 635/347/1 642/354/1 659/371/1
f 763/347/2 787/371/2 770/354/2
f 635/347/1 659/371/1 660/372/1
f 763/347/2 788/372/2 787/371/2
f 635/347/1 660/372/1 661/373/1
f 763/347/2 789/373/2 788/372/2
f 635/347/1 661/373/1 662/374/1
f 763/347/2 790/374/2 789/373/2
f 635/347/1 662/374/1 663/375/1
f 763/347/2 791/375/2 790/374/2
f 635/347/1 663/375/1 674/386/1
f 763/347/2 802/386/2 791/375/2
f 653/365/1 654/366/1 651/363/1
f 781/365/2 779/363/2 782/366/2
f 627/339/1 635/347/1 674/386/1
f 755/339/2 802/386/2 763/347/2
f 627/339/1 674/386/1 675/387/1
f 755/339/2 803/387/2 802/386/2
f 627/339/1 675/387/1 676/388/1
f 755/339/2 804/388/2 803/387/2
f 704/416/1 653/365/1 651/363/1
f 832/416/2 779/363/2 781/365/2
f 626/338/1 627/339/1 676/388/1
f 754/338/2 804/388/2 755/339/2
f 626/338/1 676/388/1 677/389/1
f 754/338/2 805/389/2 804/388/2
f 626/338/1 677/389/1 678/390/1
f 754/338/2 806/390/2 805/389/2
f 703/415/1 704/416/1 651/363/1
f 831/415/2 779/363/2 832/416/2
f 703/415/1 651/363/1 582/294/1
f 831/415/2 710/294/2 779/363/2
f 615/327/1 626/338/1 678/390/1
f 743/327/2 806/390/2 754/338/2
f 615/327/1 678/390/1 679/391/1
f 743/327/2 807/391/2 806/390/2
f 615/327/1 679/391/1 680/392/1
f 743/327/2 808/392/2 807/391/2
f 615/327/1 680/392/1 681/393/1
f 743/327/2 809/393/2 808/392/2
f 615/327/1 681/393/1 682/394/1
f 743/327/2 810/394/2 809/393/2
f 615/327/1 682/394/1 683/395/1
f 743/327/2 811/395/2 810/394/2
f 702/414/1 703/415/1 582/294/1
f 830/414/2 710/294/2 831/415/2
f 702/414/1 582/294/1 584/296/1
f 830/414/2 712/296/2 710/294/2
f 608/320/1 615/327/1 683/395/1
f 736/320/2 811/395/2 743/327/2
f 608/320/1 683/395/1 684/396/1
f 736/320/2 812/396/2 811/395/2
f 608/320/1 684/396/1 685/397/1
f 736/320/2 813/397/2 812/396/2
f 608/320/1 685/397/1 686/398/1
f 736/320/2 814/398/2 813/397/2
f 701/413/1 702/414/1 584/296/1
f 829/413/2 712/296/2 830/414/2
f 600/312/1 608/320/1 686/398/1
f 728/312/2 814/398/2 736/320/2
f 600/312/1 686/398/1 687/399/1
f 728/312/2 815/399/2 814/398/2
f 600/312/1 687/399/1 688/400/1
f 728/312/2 816/400/2 815/399/2
f 600/312/1 688/400/1 689/401/1
f 728/312/2 817/401/2 816/400/2
f 600/312/1 689/401/1 692/404/1
f 728/312/2 820/404/2 817/401/2
f 700/412/1 701/413/1 584/296/1
f 828/412/2 712/296/2 829/413/2
f 594/306/1 600/312/1 692/404/1
f 722/306/2 820/404/2 728/312/2
f 594/306/1 692/404/1 693/405/1
f 722/306/2 821/405/2 820/404/2
f 594/306/1 693/405/1 694/406/1
f 722/306/2 822/406/2 821/405/2
f 594/306/1 694/406/1 695/407/1
f 722/306/2 823/407/2 822/406/2
f 594/306/1 695/407/1 696/408/1
f 722/306/2 824/408/2 823/407/2
f 594/306/1 696/408/1 697/409/1
f 722/306/2 825/409/2 824/408/2
f 699/411/1 700/412/1 584/296/1
f 827/411/2 712/296/2 828/412/2
f 584/296/1 594/306/1 697/409/1
f 712/296/2 825/409/2 722/306/2
f 584/296/1 697/409/1 698/410/1
f 712/296/2 826/410/2 825/409/2
f 584/296/1 698/410/1 699/411/1
f 712/296/2 827/411/2 826/410/2
f 886/470/1 897/481/1 898/482/1
f 983/470/2 995/482/2 994/481/2
f 909/493/1 910/494/1 911/495/1
f 1006/493/2 1008/495/2 1007/494/2
f 909/493/1 911/495/1 912/496/1
f 1006/493/2 1009/496/2 1008/495/2
f 919/503/1 920/504/1 921/505/1
f 1016/503/2 1018/505/2 1017/504/2
f 896/480/1 897/481/1 886/470/1
f 993/480/2 983/470/2 994/481/2
f 896/480/1 886/470/1 887/471/1
f 993/480/2 984/471/2 983/470/2
f 896/480/1 887/471/1 888/472/1
f 993/480/2 985/472/2 984/471/2
f 896/480/1 888/472/1 889/473/1
f 993/480/2 986/473/2 985/472/2
f 896/480/1 889/473/1 890/474/1
f 993/480/2 987/474/2 986/473/2
f 896/480/1 890/474/1 891/475/1
f 993/480/2 988/475/2 987/474/2
f 896/480/1 891/475/1 892/476/1
f 993/480/2 989/476/2 988/475/2
f 892/476/1 893/477/1 833/417/1
f 989/476/2 930/417/2 990/477/2
f 892/476/1 833/417/1 834/418/1
f 989/476/2 931/418/2 930/417/2
f 892/476/1 834/418/1 835/419/1
f 989/476/2 932/419/2 931/418/2
f 892/476/1 835/419/1 836/420/1
f 989/476/2 933/420/2 932/419/2
f 892/476/1 836/420/1 837/421/1
f 989/476/2 934/421/2 933/420/2
f 837/421/1 838/422/1 839/423/1
f 934/421/2 936/423/2 935/422/2
f 837/421/1 839/423/1 840/424/1
f 934/421/2 937/424/2 936/423/2
f 837/421/1 840/424/1 841/425/1
f 934/421/2 938/425/2 937/424/2
f 837/421/1 841/425/1 842/426/1
f 934/421/2 939/426/2 938/425/2
f 837/421/1 842/426/1 843/427/1
f 934/421/2 940/427/2 939/426/2
f 837/421/1 843/427/1 844/428/1
f 934/421/2 941/428/2 940/427/2
f 837/421/1 844/428/1 845/429/1
f 934/421/2 942/429/2 941/428/2
f 845/429/1 846/430/1 847/431/1
f 942/429/2 944/431/2 943/430/2
f 845/429/1 847/431/1 848/432/1
f 942/429/2 945/432/2 944/431/2
f 848/432/1 849/433/1 850/434/1
f 945/432/2 947/434/2 946/433/2
f 848/432/1 850/434/1 851/435/1
f 945/432/2 948/435/2 947/434/2
f 848/432/1 851/435/1 852/436/1
f 945/432/2 949/436/2 948/435/2
f 848/432/1 852/436/1 853/437/1
f 945/432/2 950/437/2 949/436/2
f 848/432/1 853/437/1 854/438/1
f 945/432/2 951/438/2 950/437/2
f 848/432/1 854/438/1 855/439/1
f 945/432/2 952/439/2 951/438/2
f 848/432/1 855/439/1 856/440/1
f 945/432/2 953/440/2 952/439/2
f 848/432/1 856/440/1 857/441/1
f 945/432/2 954/441/2 953/440/2
f 848/432/1 857/441/1 858/442/1
f 945/432/2 955/442/2 954/441/2
f 848/432/1 858/442/1 859/443/1
f 945/432/2 956/443/2 955/442/2
f 860/444/1 861/445/1 862/446/1
f 957/444/2 959/446/2 958/445/2
f 860/444/1 862/446/1 863/447/1
f 957/444/2 960/447/2 959/446/2
f 860/444/1 863/447/1 864/448/1
f 957/444/2 961/448/2 960/447/2
f 860/444/1 864/448/1 865/449/1
f 957/444/2 962/449/2 961/448/2
f 860/444/1 865/449/1 866/450/1
f 957/444/2 963/450/2 962/449/2
f 860/444/1 866/450/1 867/451/1
f 957/444/2 964/451/2 963/450/2
f 860/444/1 867/451/1 868/452/1
f 957/444/2 965/452/2 964/451/2
f 868/452/1 869/453/1 870/454/1
f 965/452/2 967/454/2 966/453/2
f 868/452/1 870/454/1 871/455/1
f 965/452/2 968/455/2 967/454/2
f 868/452/1 871/455/1 872/456/1
f 965/452/2 969/456/2 968/455/2
f 868/452/1 872/456/1 873/457/1
f 965/452/2 970/457/2 969/456/2
f 868/452/1 873/457/1 874/458/1
f 965/452/2 971/458/2 970/457/2
f 874/458/1 875/459/1 876/460/1
f 971/458/2 973/460/2 972/459/2
f 874/458/1 876/460/1 877/461/1
f 971/458/2 974/461/2 973/460/2
f 874/458/1 877/461/1 878/462/1
f 971/458/2 975/462/2 974/461/2
f 874/458/1 878/462/1 879/463/1
f 971/458/2 976/463/2 975/462/2
f 874/458/1 879/463/1 880/464/1
f 971/458/2 977/464/2 976/463/2
f 874/458/1 880/464/1 881/465/1
f 971/458/2 978/465/2 977/464/2
f 874/458/1 881/465/1 882/466/1
f 971/458/2 979/466/2 978/465/2
f 882/466/1 883/467/1 884/468/1
f 979/466/2 981/468/2 980/467/2
f 882/466/1 884/468/1 885/469/1
f 979/466/2 982/469/2 981/468/2
f 882/466/1 885/469/1 886/470/1
f 979/466/2 983/470/2 982/469/2
f 882/466/1 886/470/1 898/482/1
f 979/466/2 995/482/2 983/470/2
f 882/466/1 898/482/1 899/483/1
f 979/466/2 996/483/2 995/482/2
f 882/466/1 899/483/1 900/484/1
f 979/466/2 997/484/2 996/483/2
f 882/466/1 900/484/1 901/485/1
f 979/466/2 998/485/2 997/484/2
f 918/502/1 919/503/1 921/505/1
f 1015/502/2 1018/505/2 1016/503/2
f 895/479/1 896/480/1 892/476/1
f 992/479/2 989/476/2 993/480/2
f 874/458/1 882/466/1 901/485/1
f 971/458/2 998/485/2 979/466/2
f 874/458/1 901/485/1 902/486/1
f 971/458/2 999/486/2 998/485/2
f 874/458/1 902/486/1 903/487/1
f 971/458/2 1000/487/2 999/486/2
f 874/458/1 903/487/1 904/488/1
f 971/458/2 1001/488/2 1000/487/2
f 874/458/1 904/488/1 905/489/1
f 971/458/2 1002/489/2 1001/488/2
f 894/478/1 895/479/1 892/476/1
f 991/478/2 989/476/2 992/479/2
f 868/452/1 874/458/1 905/489/1
f 965/452/2 1002/489/2 971/458/2
f 868/452/1 905/489/1 906/490/1
f 965/452/2 1003/490/2 1002/489/2
f 868/452/1 906/490/1 907/491/1
f 965/452/2 1004/491/2 1003/490/2
f 868/452/1 907/491/1 908/492/1
f 965/452/2 1005/492/2 1004/491/2
f 929/513/1 894/478/1 892/476/1
f 1026/513/2 989/476/2 991/478/2
f 929/513/1 892/476/1 837/421/1
f 1026/513/2 934/421/2 989/476/2
f 860/444/1 868/452/1 908/492/1
f 957/444/2 1005/492/2 965/452/2
f 860/444/1 908/492/1 909/493/1
f 957/444/2 1006/493/2 1005/492/2
f 860/444/1 909/493/1 912/496/1
f 957/444/2 1009/496/2 1006/493/2
f 860/444/1 912/496/1 913/497/1
f 957/444/2 1010/497/2 1009/496/2
f 860/444/1 913/497/1 914/498/1
f 957/444/2 1011/498/2 1010/497/2
f 860/444/1 914/498/1 915/499/1
f 957/444/2 1012/499/2 1011/498/2
f 860/444/1 915/499/1 916/500/1
f 957/444/2 1013/500/2 1012/499/2
f 928/512/1 929/513/1 837/421/1
f 1025/512/2 934/421/2 1026/513/2
f 859/443/1 860/444/1 916/500/1
f 956/443/2 1013/500/2 957/444/2
f 927/511/1 928/512/1 837/421/1
f 1024/511/2 934/421/2 1025/512/2
f 848/432/1 859/443/1 916/500/1
f 945/432/2 1013/500/2 956/443/2
f 848/432/1 916/500/1 917/501/1
f 945/432/2 1014/501/2 1013/500/2
f 848/432/1 917/501/1 918/502/1
f 945/432/2 1015/502/2 1014/501/2
f 848/432/1 918/502/1 921/505/1
f 945/432/2 1018/505/2 1015/502/2
f 848/432/1 921/505/1 922/506/1
f 945/432/2 1019/506/2 1018/505/2
f 848/432/1 922/506/1 923/507/1
f 945/432/2 1020/507/2 1019/506/2
f 926/510/1 927/511/1 837/421/1
f 1023/510/2 934/421/2 1024/511/2
f 845/429/1 848/432/1 923/507/1
f 942/429/2 1020/507/2 945/432/2
f 845/429/1 923/507/1 924/508/1
f 942/429/2 1021/508/2 1020/507/2
f 845/429/1 924/508/1 925/509/1
f 942/429/2 1022/509/2 1021/508/2
f 925/509/1 926/510/1 837/421/1
f 1022/509/2 934/421/2 1023/510/2
f 925/509/1 837/421/1 845/429/1
f 1022/509/2 942/429/2 934/421/2
f 1069/556/1 1080/567/1 1081/568/1
f 1145/556/2 1157/568/2 1156/567/2
f 1079/566/1 1080/567/1 1069/556/1
f 1155/566/2 1145/556/2 1156/567/2
f 1079/566/1 1069/556/1 1070/557/1
f 1155/566/2 1146/557/2 1145/556/2
f 1079/566/1 1070/557/1 1071/558/1
f 1155/566/2 1147/558/2 1146/557/2
f 1079/566/1 1071/558/1 1072/559/1
f 1155/566/2 1148/559/2 1147/558/2
f 1079/566/1 1072/559/1 1073/560/1
f 1155/566/2 1149/560/2 1148/559/2
f 1079/566/1 1073/560/1 1074/561/1
f 1155/566/2 1150/561/2 1149/560/2
f 1079/566/1 1074/561/1 1075/562/1
f 1155/566/2 1151/562/2 1150/561/2
f 1075/562/1 1076/563/1 1027/514/1
f 1151/562/2 1103/514/2 1152/563/2
f 1075/562/1 1027/514/1 1028/515/1
f 1151/562/2 1104/515/2 1103/514/2
f 1075/562/1 1028/515/1 1029/516/1
f 1151/562/2 1105/516/2 1104/515/2
f 1075/562/1 1029/516/1 1030/517/1
f 1151/562/2 1106/517/2 1105/516/2
f 1075/562/1 1030/517/1 1031/518/1
f 1151/562/2 1107/518/2 1106/517/2
f 1031/518/1 1032/519/1 1033/520/1
f 1107/518/2 1109/520/2 1108/519/2
f 1031/518/1 1033/520/1 1034/521/1
f 1107/518/2 1110/521/2 1109/520/2
f 1031/518/1 1034/521/1 1035/522/1
f 1107/518/2 1111/522/2 1110/521/2
f 1031/518/1 1035/522/1 1036/523/1
f 1107/518/2 1112/523/2 1111/522/2
f 1031/518/1 1036/523/1 1037/524/1
f 1107/518/2 1113/524/2 1112/523/2
f 1031/518/1 1037/524/1 1038/525/1
f 1107/518/2 1114/525/2 1113/524/2
f 1038/525/1 1039/526/1 1040/527/1
f 1114/525/2 1116/527/2 1115/526/2
f 1038/525/1 1040/527/1 1041/528/1
f 1114/525/2 1117/528/2 1116/527/2
f 1038/525/1 1041/528/1 1042/529/1
f 1114/525/2 1118/529/2 1117/528/2
f 1038/525/1 1042/529/1 1043/530/1
f 1114/525/2 1119/530/2 1118/529/2
f 1038/525/1 1043/530/1 1044/531/1
f 1114/525/2 1120/531/2 1119/530/2
f 1038/525/1 1044/531/1 1045/532/1
f 1114/525/2 1121/532/2 1120/531/2
f 1038/525/1 1045/532/1 1046/533/1
f 1114/525/2 1122/533/2 1121/532/2
f 1038/525/1 1046/533/1 1047/534/1
f 1114/525/2 1123/534/2 1122/533/2
f 1047/534/1 1048/535/1 1049/536/1
f 1123/534/2 1125/536/2 1124/535/2
f 1047/534/1 1049/536/1 1050/537/1
f 1123/534/2 1126/537/2 1125/536/2
f 1051/538/1 1052/539/1 1053/540/1
f 1127/538/2 1129/540/2 1128/539/2
f 1051/538/1 1053/540/1 1054/541/1
f 1127/538/2 1130/541/2 1129/540/2
f 1051/538/1 1054/541/1 1055/542/1
f 1127/538/2 1131/542/2 1130/541/2
f 1051/538/1 1055/542/1 1056/543/1
f 1127/538/2 1132/543/2 1131/542/2
f 1056/543/1 1057/544/1 1058/545/1
f 1132/543/2 1134/545/2 1133/544/2
f 1056/543/1 1058/545/1 1059/546/1
f 1132/543/2 1135/546/2 1134/545/2
f 1056/543/1 1059/546/1 1060/547/1
f 1132/543/2 1136/547/2 1135/546/2
f 1056/543/1 1060/547/1 1061/548/1
f 1132/543/2 1137/548/2 1136/547/2
f 1056/543/1 1061/548/1 1062/549/1
f 1132/543/2 1138/549/2 1137/548/2
f 1056/543/1 1062/549/1 1063/550/1
f 1132/543/2 1139/550/2 1138/549/2
f 1056/543/1 1063/550/1 1064/551/1
f 1132/543/2 1140/551/2 1139/550/2
f 1056/543/1 1064/551/1 1065/552/1
f 1132/543/2 1141/552/2 1140/551/2
f 1065/552/1 1066/553/1 1067/554/1
f 1141/552/2 1143/554/2 1142/553/2
f 1065/552/1 1067/554/1 1068/555/1
f 1141/552/2 1144/555/2 1143/554/2
f 1065/552/1 1068/555/1 1069/556/1
f 1141/552/2 1145/556/2 1144/555/2
f 1065/552/1 1069/556/1 1081/568/1
f 1141/552/2 1157/568/2 1145/556/2
f 1065/552/1 1081/568/1 1082/569/1
f 1141/552/2 1158/569/2 1157/568/2
f 1065/552/1 1082/569/1 1083/570/1
f 1141/552/2 1159/570/2 1158/569/2
f 1065/552/1 1083/570/1 1084/571/1
f 1141/552/2 1160/571/2 1159/570/2
f 1078/565/1 1079/566/1 1075/562/1
f 1154/565/2 1151/562/2 1155/566/2
f 1056/543/1 1065/552/1 1084/571/1
f 1132/543/2 1160/571/2 1141/552/2
f 1056/543/1 1084/571/1 1085/572/1
f 1132/543/2 1161/572/2 1160/571/2
f 1056/543/1 1085/572/1 1086/573/1
f 1132/543/2 1162/573/2 1161/572/2
f 1056/543/1 1086/573/1 1087/574/1
f 1132/543/2 1163/574/2 1162/573/2
f 1056/543/1 1087/574/1 1088/575/1
f 1132/543/2 1164/575/2 1163/574/2
f 1056/543/1 1088/575/1 1089/576/1
f 1132/543/2 1165/576/2 1164/575/2
f 1077/564/1 1078/565/1 1075/562/1
f 1153/564/2 1151/562/2 1154/565/2
f 1051/538/1 1056/543/1 1089/576/1
f 1127/538/2 1165/576/2 1132/543/2
f 1051/538/1 1089/576/1 1090/577/1
f 1127/538/2 1166/577/2 1165/576/2
f 1102/589/1 1077/564/1 1075/562/1
f 1178/589/2 1151/562/2 1153/564/2
f 1102/589/1 1075/562/1 1031/518/1
f 1178/589/2 1107/518/2 1151/562/2
f 1050/537/1 1051/538/1 1090/577/1
f 1126/537/2 1166/577/2 1127/538/2
f 1050/537/1 1090/577/1 1091/578/1
f 1126/537/2 1167/578/2 1166/577/2
f 1050/537/1 1091/578/1 1092/579/1
f 1126/537/2 1168/579/2 1167/578/2
f 1101/588/1 1102/589/1 1031/518/1
f 1177/588/2 1107/518/2 1178/589/2
f 1047/534/1 1050/537/1 1092/579/1
f 1123/534/2 1168/579/2 1126/537/2
f 1047/534/1 1092/579/1 1093/580/1
f 1123/534/2 1169/580/2 1168/579/2
f 1047/534/1 1093/580/1 1094/581/1
f 1123/534/2 1170/581/2 1169/580/2
f 1100/587/1 1101/588/1 1031/518/1
f 1176/587/2 1107/518/2 1177/588/2
f 1038/525/1 1047/534/1 1094/581/1
f 1114/525/2 1170/581/2 1123/534/2
f 1038/525/1 1094/581/1 1095/582/1
f 1114/525/2 1171/582/2 1170/581/2
f 1038/525/1 1095/582/1 1096/583/1
f 1114/525/2 1172/583/2 1171/582/2
f 1038/525/1 1096/583/1 1097/584/1
f 1114/525/2 1173/584/2 1172/583/2
f 1038/525/1 1097/584/1 1098/585/1
f 1114/525/2 1174/585/2 1173/584/2
f 1038/525/1 1098/585/1 1099/586/1
f 1114/525/2 1175/586/2 1174/585/2
f 1099/586/1 1100/587/1 1031/518/1
f 1175/586/2 1107/518/2 1176/587/2
f 1099/586/1 1031/518/1 1038/525/1
f 1175/586/2 1114/525/2 1107/518/2
f 1238/649/1 1249/660/1 1250/661/1
f 1340/649/2 1352/661/2 1351/660/2
f 1248/659/1 1249/660/1 1238/649/1
f 1350/659/2 1340/649/2 1351/660/2
f 1248/659/1 1238/649/1 1239/650/1
f 1350/659/2 1341/650/2 1340/649/2
f 1248/659/1 1239/650/1 1240/651/1
f 1350/659/2 1342/651/2 1341/650/2
f 1248/659/1 1240/651/1 1241/652/1
f 1350/659/2 1343/652/2 1342/651/2
f 1248/659/1 1241/652/1 1242/653/1
f 1350/659/2 1344/653/2 1343/652/2
f 1248/659/1 1242/653/1 1243/654/1
f 1350/659/2 1345/654/2 1344/653/2
f 1248/659/1 1243/654/1 1244/655/1
f 1350/659/2 1346/655/2 1345/654/2
f 1244/655/1 1245/656/1 1179/590/1
f 1346/655/2 1281/590/2 1347/656/2
f 1244/655/1 1179/590/1 1180/591/1
f 1346/655/2 1282/591/2 1281/590/2
f 1244/655/1 1180/591/1 1181/592/1
f 1346/655/2 1283/592/2 1282/591/2
f 1244/655/1 1181/592/1 1182/593/1
f 1346/655/2 1284/593/2 1283/592/2
f 1244/655/1 1182/593/1 1183/594/1
f 1346/655/2 1285/594/2 1284/593/2
f 1244/655/1 1183/594/1 1184/595/1
f 1346/655/2 1286/595/2 1285/594/2
f 1184/595/1 1185/596/1 1186/597/1
f 1286/595/2 1288/597/2 1287/596/2
f 1187/598/1 1188/599/1 1189/600/1
f 1289/598/2 1291/600/2 1290/599/2
f 1187/598/1 1189/600/1 1190/601/1
f 1289/598/2 1292/601/2 1291/600/2
f 1187/598/1 1190/601/1 1191/602/1
f 1289/598/2 1293/602/2 1292/601/2
f 1187/598/1 1191/602/1 1192/603/1
f 1289/598/2 1294/603/2 1293/602/2
f 1187/598/1 1192/603/1 1193/604/1
f 1289/598/2 1295/604/2 1294/603/2
f 1193/604/1 1194/605/1 1195/606/1
f 1295/604/2 1297/606/2 1296/605/2
f 1193/604/1 1195/606/1 1196/607/1
f 1295/604/2 1298/607/2 1297/606/2
f 1193/604/1 1196/607/1 1197/608/1
f 1295/604/2 1299/608/2 1298/607/2
f 1193/604/1 1197/608/1 1198/609/1
f 1295/604/2 1300/609/2 1299/608/2
f 1193/604/1 1198/609/1 1199/610/1
f 1295/604/2 1301/610/2 1300/609/2
f 1193/604/1 1199/610/1 1200/611/1
f 1295/604/2 1302/611/2 1301/610/2
f 1193/604/1 1200/611/1 1201/612/1
f 1295/604/2 1303/612/2 1302/611/2
f 1201/612/1 1202/613/1 1203/614/1
f 1303/612/2 1305/614/2 1304/613/2
f 1201/612/1 1203/614/1 1204/615/1
f 1303/612/2 1306/615/2 1305/614/2
f 1201/612/1 1204/615/1 1205/616/1
f 1303/612/2 1307/616/2 1306/615/2
f 1201/612/1 1205/616/1 1206/617/1
f 1303/612/2 1308/617/2 1307/616/2
f 1201/612/1 1206/617/1 1207/618/1
f 1303/612/2 1309/618/2 1308/617/2
f 1201/612/1 1207/618/1 1208/619/1
f 1303/612/2 1310/619/2 1309/618/2
f 1208/619/1 1209/620/1 1210/621/1
f 1310/619/2 1312/621/2 1311/620/2
f 1208/619/1 1210/621/1 1211/622/1
f 1310/619/2 1313/622/2 1312/621/2
f 1208/619/1 1211/622/1 1212/623/1
f 1310/619/2 1314/623/2 1313/622/2
f 1208/619/1 1212/623/1 1213/624/1
f 1310/619/2 1315/624/2 1314/623/2
f 1208/619/1 1213/624/1 1214/625/1
f 1310/619/2 1316/625/2 1315/624/2
f 1208/619/1 1214/625/1 1215/626/1
f 1310/619/2 1317/626/2 1316/625/2
f 1208/619/1 1215/626/1 1216/627/1
f 1310/619/2 1318/627/2 1317/626/2
f 1208/619/1 1216/627/1 1217/628/1
f 1310/619/2 1319/628/2 1318/627/2
f 1217/628/1 1218/629/1 1219/630/1
f 1319/628/2 1321/630/2 1320/629/2
f 1217/628/1 1219/630/1 1220/631/1
f 1319/628/2 1322/631/2 1321/630/2
f 1220/631/1 1221/632/1 1222/633/1
f 1322/631/2 1324/633/2 1323/632/2
f 1220/631/1 1222/633/1 1223/634/1
f 1322/631/2 1325/634/2 1324/633/2
f 1220/631/1 1223/634/1 1224/635/1
f 1322/631/2 1326/635/2 1325/634/2
f 1220/631/1 1224/635/1 1225/636/1
f 1322/631/2 1327/636/2 1326/635/2
f 1220/631/1 1225/636/1 1226/637/1
f 1322/631/2 1328/637/2 1327/636/2
f 1220/631/1 1226/637/1 1227/638/1
f 1322/631/2 1329/638/2 1328/637/2
f 1220/631/1 1227/638/1 1228/639/1
f 1322/631/2 1330/639/2 1329/638/2
f 1228/639/1 1229/640/1 1230/641/1
f 1330/639/2 1332/641/2 1331/640/2
f 1228/639/1 1230/641/1 1231/642/1
f 1330/639/2 1333/642/2 1332/641/2
f 1228/639/1 1231/642/1 1232/643/1
f 1330/639/2 1334/643/2 1333/642/2
f 1228/639/1 1232/643/1 1233/644/1
f 1330/639/2 1335/644/2 1334/643/2
f 1228/639/1 1233/644/1 1234/645/1
f 1330/639/2 1336/645/2 1335/644/2
f 1228/639/1 1234/645/1 1235/646/1
f 1330/639/2 1337/646/2 1336/645/2
f 1228/639/1 1235/646/1 1236/647/1
f 1330/639/2 1338/647/2 1337/646/2
f 1236/647/1 1237/648/1 1238/649/1
f 1338/647/2 1340/649/2 1339/648/2
f 1236/647/1 1238/649/1 1250/661/1
f 1338/647/2 1352/661/2 1340/649/2
f 1236/647/1 1250/661/1 1251/662/1
f 1338/647/2 1353/662/2 1352/661/2
f 1236/647/1 1251/662/1 1252/663/1
f 1338/647/2 1354/663/2 1353/662/2
f 1247/658/1 1248/659/1 1244/655/1
f 1349/658/2 1346/655/2 1350/659/2
f 1228/639/1 1236/647/1 1252/663/1
f 1330/639/2 1354/663/2 1338/647/2
f 1228/639/1 1252/663/1 1253/664/1
f 1330/639/2 1355/664/2 1354/663/2
f 1228/639/1 1253/664/1 1254/665/1
f 1330/639/2 1356/665/2 1355/664/2
f 1228/639/1 1254/665/1 1255/666/1
f 1330/639/2 1357/666/2 1356/665/2
f 1228/639/1 1255/666/1 1256/667/1
f 1330/639/2 1358/667/2 1357/666/2
f 1228/639/1 1256/667/1 1257/668/1
f 1330/639/2 1359/668/2 1358/667/2
f 1246/657/1 1247/658/1 1244/655/1
f 1348/657/2 1346/655/2 1349/658/2
f 1220/631/1 1228/639/1 1257/668/1
f 1322/631/2 1359/668/2 1330/639/2
f 1220/631/1 1257/668/1 1258/669/1
f 1322/631/2 1360/669/2 1359/668/2
f 1220/631/1 1258/669/1 1259/670/1
f 1322/631/2 1361/670/2 1360/669/2
f 1220/631/1 1259/670/1 1260/671/1
f 1322/631/2 1362/671/2 1361/670/2
f 1280/691/1 1246/657/1 1244/655/1
f 1382/691/2 1346/655/2 1348/657/2
f 1217/628/1 1220/631/1 1260/671/1
f 1319/628/2 1362/671/2 1322/631/2
f 1217/628/1 1260/671/1 1261/672/1
f 1319/628/2 1363/672/2 1362/671/2
f 1217/628/1 1261/672/1 1262/673/1
f 1319/628/2 1364/673/2 1363/672/2
f 1279/690/1 1280/691/1 1244/655/1
f 1381/690/2 1346/655/2 1382/691/2
f 1279/690/1 1244/655/1 1184/595/1
f 1381/690/2 1286/595/2 1346/655/2
f 1208/619/1 1217/628/1 1262/673/1
f 1310/619/2 1364/673/2 1319/628/2
f 1208/619/1 1262/673/1 1263/674/1
f 1310/619/2 1365/674/2 1364/673/2
f 1208/619/1 1263/674/1 1264/675/1
f 1310/619/2 1366/675/2 1365/674/2
f 1208/619/1 1264/675/1 1265/676/1
f 1310/619/2 1367/676/2 1366/675/2
f 1208/619/1 1265/676/1 1266/677/1
f 1310/619/2 1368/677/2 1367/676/2
f 1208/619/1 1266/677/1 1267/678/1
f 1310/619/2 1369/678/2 1368/677/2
f 1278/689/1 1279/690/1 1184/595/1
f 1380/689/2 1286/595/2 1381/690/2
f 1278/689/1 1184/595/1 1186/597/1
f 1380/689/2 1288/597/2 1286/595/2
f 1201/612/1 1208/619/1 1267/678/1
f 1303/612/2 1369/678/2 1310/619/2
f 1201/612/1 1267/678/1 1268/679/1
f 1303/612/2 1370/679/2 1369/678/2
f 1201/612/1 1268/679/1 1269/680/1
f 1303/612/2 1371/680/2 1370/679/2
f 1201/612/1 1269/680/1 1270/681/1
f 1303/612/2 1372/681/2 1371/680/2
f 1277/688/1 1278/689/1 1186/597/1
f 1379/688/2 1288/597/2 1380/689/2
f 1193/604/1 1201/612/1 1270/681/1
f 1295/604/2 1372/681/2 1303/612/2
f 1193/604/1 1270/681/1 1271/682/1
f 1295/604/2 1373/682/2 1372/681/2
f 1193/604/1 1271/682/1 1272/683/1
f 1295/604/2 1374/683/2 1373/682/2
f 1193/604/1 1272/683/1 1273/684/1
f 1295/604/2 1375/684/2 1374/683/2
f 1193/604/1 1273/684/1 1274/685/1
f 1295/604/2 1376/685/2 1375/684/2
f 1276/687/1 1277/688/1 1186/597/1
f 1378/687/2 1288/597/2 1379/688/2
f 1276/687/1 1186/597/1 1187/598/1
f 1378/687/2 1289/598/2 1288/597/2
f 1187/598/1 1193/604/1 1274/685/1
f 1289/598/2 1376/685/2 1295/604/2
f 1187/598/1 1274/685/1 1275/686/1
f 1289/598/2 1377/686/2 1376/685/2
f 1187/598/1 1275/686/1 1276/687/1
f 1289/598/2 1378/687/2 1377/686/2
f 1393/702/1 1395/704/1 1396/705/1
f 1412/702/2 1415/705/2 1414/704/2
f 1401/710/1 1395/704/1 1393/702/1
f 1420/710/2 1412/702/2 1414/704/2
f 1401/710/1 1393/702/1 1394/703/1
f 1420/710/2 1413/703/2 1412/702/2
f 1401/710/1 1394/703/1 1383/692/1
f 1420/710/2 1402/692/2 1413/703/2
f 1401/710/1 1383/692/1 1384/693/1
f 1420/710/2 1403/693/2 1402/692/2
f 1401/710/1 1384/693/1 1385/694/1
f 1420/710/2 1404/694/2 1403/693/2
f 1401/710/1 1385/694/1 1386/695/1
f 1420/710/2 1405/695/2 1404/694/2
f 1386/695/1 1387/696/1 1388/697/1
f 1405/695/2 1407/697/2 1406/696/2
f 1386/695/1 1388/697/1 1389/698/1
f 1405/695/2 1408/698/2 1407/697/2
f 1386/695/1 1389/698/1 1390/699/1
f 1405/695/2 1409/699/2 1408/698/2
f 1386/695/1 1390/699/1 1391/700/1
f 1405/695/2 1410/700/2 1409/699/2
f 1392/701/1 1393/702/1 1396/705/1
f 1411/701/2 1415/705/2 1412/702/2
f 1392/701/1 1396/705/1 1397/706/1
f 1411/701/2 1416/706/2 1415/705/2
f 1400/709/1 1401/710/1 1386/695/1
f 1419/709/2 1405/695/2 1420/710/2
f 1391/700/1 1392/701/1 1397/706/1
f 1410/700/2 1416/706/2 1411/701/2
f 1391/700/1 1397/706/1 1398/707/1
f 1410/700/2 1417/707/2 1416/706/2
f 1399/708/1 1400/709/1 1386/695/1
f 1418/708/2 1405/695/2 1419/709/2
f 1386/695/1 1391/700/1 1398/707/1
f 1405/695/2 1417/707/2 1410/700/2
f 1386/695/1 1398/707/1 1399/708/1
f 1405/695/2 1418/708/2 1417/707/2
f 1510/800/1 1521/811/1 1522/812/1
f 1666/800/2 1678/812/2 1677/811/2
f 1547/837/1 1548/838/1 1549/839/1
f 1703/837/2 1705/839/2 1704/838/2
f 1547/837/1 1549/839/1 1550/840/1
f 1703/837/2 1706/840/2 1705/839/2
f 1547/837/1 1550/840/1 1551/841/1
f 1703/837/2 1707/841/2 1706/840/2
f 1547/837/1 1551/841/1 1552/842/1
f 1703/837/2 1708/842/2 1707/841/2
f 1566/856/1 1567/857/1 1568/858/1
f 1722/856/2 1724/858/2 1723/857/2
f 1566/856/1 1568/858/1 1569/859/1
f 1722/856/2 1725/859/2 1724/858/2
f 1566/856/1 1569/859/1 1570/860/1
f 1722/856/2 1726/860/2 1725/859/2
f 1566/856/1 1570/860/1 1571/861/1
f 1722/856/2 1727/861/2 1726/860/2
f 1520/810/1 1521/811/1 1510/800/1
f 1676/810/2 1666/800/2 1677/811/2
f 1520/810/1 1510/800/1 1511/801/1
f 1676/810/2 1667/801/2 1666/800/2
f 1520/810/1 1511/801/1 1512/802/1
f 1676/810/2 1668/802/2 1667/801/2
f 1520/810/1 1512/802/1 1513/803/1
f 1676/810/2 1669/803/2 1668/802/2
f 1520/810/1 1513/803/1 1514/804/1
f 1676/810/2 1670/804/2 1669/803/2
f 1520/810/1 1514/804/1 1515/805/1
f 1676/810/2 1671/805/2 1670/804/2
f 1520/810/1 1515/805/1 1516/806/1
f 1676/810/2 1672/806/2 1671/805/2
f 1516/806/1 1517/807/1 1421/711/1
f 1672/806/2 1577/711/2 1673/807/2
f 1516/806/1 1421/711/1 1422/712/1
f 1672/806/2 1578/712/2 1577/711/2
f 1516/806/1 1422/712/1 1423/713/1
f 1672/806/2 1579/713/2 1578/712/2
f 1516/806/1 1423/713/1 1424/714/1
f 1672/806/2 1580/714/2 1579/713/2
f 1516/806/1 1424/714/1 1425/715/1
f 1672/806/2 1581/715/2 1580/714/2
f 1516/806/1 1425/715/1 1426/716/1
f 1672/806/2 1582/716/2 1581/715/2
f 1426/716/1 1427/717/1 1428/718/1
f 1582/716/2 1584/718/2 1583/717/2
f 1429/719/1 1430/720/1 1431/721/1
f 1585/719/2 1587/721/2 1586/720/2
f 1429/719/1 1431/721/1 1432/722/1
f 1585/719/2 1588/722/2 1587/721/2
f 1429/719/1 1432/722/1 1433/723/1
f 1585/719/2 1589/723/2 1588/722/2
f 1429/719/1 1433/723/1 1434/724/1
f 1585/719/2 1590/724/2 1589/723/2
f 1429/719/1 1434/724/1 1435/725/1
f 1585/719/2 1591/725/2 1590/724/2
f 1435/725/1 1436/726/1 1437/727/1
f 1591/725/2 1593/727/2 1592/726/2
f 1435/725/1 1437/727/1 1438/728/1
f 1591/725/2 1594/728/2 1593/727/2
f 1435/725/1 1438/728/1 1439/729/1
f 1591/725/2 1595/729/2 1594/728/2
f 1435/725/1 1439/729/1 1440/730/1
f 1591/725/2 1596/730/2 1595/729/2
f 1435/725/1 1440/730/1 1441/731/1
f 1591/725/2 1597/731/2 1596/730/2
f 1435/725/1 1441/731/1 1442/732/1
f 1591/725/2 1598/732/2 1597/731/2
f 1435/725/1 1442/732/1 1443/733/1
f 1591/725/2 1599/733/2 1598/732/2
f 1443/733/1 1444/734/1 1445/735/1
f 1599/733/2 1601/735/2 1600/734/2
f 1443/733/1 1445/735/1 1446/736/1
f 1599/733/2 1602/736/2 1601/735/2
f 1443/733/1 1446/736/1 1447/737/1
f 1599/733/2 1603/737/2 1602/736/2
f 1443/733/1 1447/737/1 1448/738/1
f 1599/733/2 1604/738/2 1603/737/2
f 1443/733/1 1448/738/1 1449/739/1
f 1599/733/2 1605/739/2 1604/738/2
f 1443/733/1 1449/739/1 1450/740/1
f 1599/733/2 1606/740/2 1605/739/2
f 1443/733/1 1450/740/1 1451/741/1
f 1599/733/2 1607/741/2 1606/740/2
f 1443/733/1 1451/741/1 1452/742/1
f 1599/733/2 1608/742/2 1607/741/2
f 1443/733/1 1452/742/1 1453/743/1
f 1599/733/2 1609/743/2 1608/742/2
f 1443/733/1 1453/743/1 1454/744/1
f 1599/733/2 1610/744/2 1609/743/2
f 1443/733/1 1454/744/1 1455/745/1
f 1599/733/2 1611/745/2 1610/744/2
f 1443/733/1 1455/745/1 1456/746/1
f 1599/733/2 1612/746/2 1611/745/2
f 1443/733/1 1456/746/1 1457/747/1
f 1599/733/2 1613/747/2 1612/746/2
f 1443/733/1 1457/747/1 1458/748/1
f 1599/733/2 1614/748/2 1613/747/2
f 1458/748/1 1459/749/1 1460/750/1
f 1614/748/2 1616/750/2 1615/749/2
f 1460/750/1 1461/751/1 1462/752/1
f 1616/750/2 1618/752/2 1617/751/2
f 1460/750/1 1462/752/1 1463/753/1
f 1616/750/2 1619/753/2 1618/752/2
f 1460/750/1 1463/753/1 1464/754/1
f 1616/750/2 1620/754/2 1619/753/2
f 1460/750/1 1464/754/1 1465/755/1
f 1616/750/2 1621/755/2 1620/754/2
f 1460/750/1 1465/755/1 1466/756/1
f 1616/750/2 1622/756/2 1621/755/2
f 1460/750/1 1466/756/1 1467/757/1
f 1616/750/2 1623/757/2 1622/756/2
f 1460/750/1 1467/757/1 1468/758/1
f 1616/750/2 1624/758/2 1623/757/2
f 1460/750/1 1468/758/1 1469/759/1
f 1616/750/2 1625/759/2 1624/758/2
f 1460/750/1 1469/759/1 1470/760/1
f 1616/750/2 1626/760/2 1625/759/2
f 1460/750/1 1470/760/1 1471/761/1
f 1616/750/2 1627/761/2 1626/760/2
f 1460/750/1 1471/761/1 1472/762/1
f 1616/750/2 1628/762/2 1627/761/2
f 1460/750/1 1472/762/1 1473/763/1
f 1616/750/2 1629/763/2 1628/762/2
f 1460/750/1 1473/763/1 1474/764/1
f 1616/750/2 1630/764/2 1629/763/2
f 1460/750/1 1474/764/1 1475/765/1
f 1616/750/2 1631/765/2 1630/764/2
f 1460/750/1 1475/765/1 1476/766/1
f 1616/750/2 1632/766/2 1631/765/2
f 1460/750/1 1476/766/1 1477/767/1
f 1616/750/2 1633/767/2 1632/766/2
f 1460/750/1 1477/767/1 1478/768/1
f 1616/750/2 1634/768/2 1633/767/2
f 1460/750/1 1478/768/1 1479/769/1
f 1616/750/2 1635/769/2 1634/768/2
f 1460/750/1 1479/769/1 1480/770/1
f 1616/750/2 1636/770/2 1635/769/2
f 1460/750/1 1480/770/1 1481/771/1
f 1616/750/2 1637/771/2 1636/770/2
f 1460/750/1 1481/771/1 1482/772/1
f 1616/750/2 1638/772/2 1637/771/2
f 1460/750/1 1482/772/1 1483/773/1
f 1616/750/2 1639/773/2 1638/772/2
f 1460/750/1 1483/773/1 1484/774/1
f 1616/750/2 1640/774/2 1639/773/2
f 1484/774/1 1485/775/1 1486/776/1
f 1640/774/2 1642/776/2 1641/775/2
f 1484/774/1 1486/776/1 1487/777/1
f 1640/774/2 1643/777/2 1642/776/2
f 1484/774/1 1487/777/1 1488/778/1
f 1640/774/2 1644/778/2 1643/777/2
f 1484/774/1 1488/778/1 1489/779/1
f 1640/774/2 1645/779/2 1644/778/2
f 1484/774/1 1489/779/1 1490/780/1
f 1640/774/2 1646/780/2 1645/779/2
f 1484/774/1 1490/780/1 1491/781/1
f 1640/774/2 1647/781/2 1646/780/2
f 1484/774/1 1491/781/1 1492/782/1
f 1640/774/2 1648/782/2 1647/781/2
f 1484/774/1 1492/782/1 1493/783/1
f 1640/774/2 1649/783/2 1648/782/2
f 1484/774/1 1493/783/1 1494/784/1
f 1640/774/2 1650/784/2 1649/783/2
f 1484/774/1 1494/784/1 1495/785/1
f 1640/774/2 1651/785/2 1650/784/2
f 1484/774/1 1495/785/1 1496/786/1
f 1640/774/2 1652/786/2 1651/785/2
f 1484/774/1 1496/786/1 1497/787/1
f 1640/774/2 1653/787/2 1652/786/2
f 1484/774/1 1497/787/1 1498/788/1
f 1640/774/2 1654/788/2 1653/787/2
f 1484/774/1 1498/788/1 1499/789/1
f 1640/774/2 1655/789/2 1654/788/2
f 1484/774/1 1499/789/1 1500/790/1
f 1640/774/2 1656/790/2 1655/789/2
f 1484/774/1 1500/790/1 1501/791/1
f 1640/774/2 1657/791/2 1656/790/2
f 1484/774/1 1501/791/1 1502/792/1
f 1640/774/2 1658/792/2 1657/791/2
f 1484/774/1 1502/792/1 1503/793/1
f 1640/774/2 1659/793/2 1658/792/2
f 1503/793/1 1504/794/1 1505/795/1
f 1659/793/2 1661/795/2 1660/794/2
f 1503/793/1 1505/795/1 1506/796/1
f 1659/793/2 1662/796/2 1661/795/2
f 1503/793/1 1506/796/1 1507/797/1
f 1659/793/2 1663/797/2 1662/796/2
f 1503/793/1 1507/797/1 1508/798/1
f 1659/793/2 1664/798/2 1663/797/2
f 1503/793/1 1508/798/1 1509/799/1
f 1659/793/2 1665/799/2 1664/798/2
f 1503/793/1 1509/799/1 1510/800/1
f 1659/793/2 1666/800/2 1665/799/2
f 1503/793/1 1510/800/1 1522/812/1
f 1659/793/2 1678/812/2 1666/800/2
f 1503/793/1 1522/812/1 1523/813/1
f 1659/793/2 1679/813/2 1678/812/2
f 1503/793/1 1523/813/1 1524/814/1
f 1659/793/2 1680/814/2 1679/813/2
f 1503/793/1 1524/814/1 1525/815/1
f 1659/793/2 1681/815/2 1680/814/2
f 1503/793/1 1525/815/1 1526/816/1
f 1659/793/2 1682/816/2 1681/815/2
f 1503/793/1 1526/816/1 1527/817/1
f 1659/793/2 1683/817/2 1682/816/2
f 1503/793/1 1527/817/1 1528/818/1
f 1659/793/2 1684/818/2 1683/817/2
f 1546/836/1 1547/837/1 1552/842/1
f 1702/836/2 1708/842/2 1703/837/2
f 1546/836/1 1552/842/1 1553/843/1
f 1702/836/2 1709/843/2 1708/842/2
f 1519/809/1 1520/810/1 1516/806/1
f 1675/809/2 1672/806/2 1676/810/2
f 1484/774/1 1503/793/1 1528/818/1
f 1640/774/2 1684/818/2 1659/793/2
f 1484/774/1 1528/818/1 1529/819/1
f 1640/774/2 1685/819/2 1684/818/2
f 1484/774/1 1529/819/1 1530/820/1
f 1640/774/2 1686/820/2 1685/819/2
f 1484/774/1 1530/820/1 1531/821/1
f 1640/774/2 1687/821/2 1686/820/2
f 1484/774/1 1531/821/1 1532/822/1
f 1640/774/2 1688/822/2 1687/821/2
f 1484/774/1 1532/822/1 1533/823/1
f 1640/774/2 1689/823/2 1688/822/2
f 1484/774/1 1533/823/1 1534/824/1
f 1640/774/2 1690/824/2 1689/823/2
f 1484/774/1 1534/824/1 1535/825/1
f 1640/774/2 1691/825/2 1690/824/2
f 1484/774/1 1535/825/1 1536/826/1
f 1640/774/2 1692/826/2 1691/825/2
f 1484/774/1 1536/826/1 1537/827/1
f 1640/774/2 1693/827/2 1692/826/2
f 1484/774/1 1537/827/1 1538/828/1
f 1640/774/2 1694/828/2 1693/827/2
f 1484/774/1 1538/828/1 1539/829/1
f 1640/774/2 1695/829/2 1694/828/2
f 1545/835/1 1546/836/1 1553/843/1
f 1701/835/2 1709/843/2 1702/836/2
f 1545/835/1 1553/843/1 1554/844/1
f 1701/835/2 1710/844/2 1709/843/2
f 1518/808/1 1519/809/1 1516/806/1
f 1674/808/2 1672/806/2 1675/809/2
f 1460/750/1 1484/774/1 1539/829/1
f 1616/750/2 1695/829/2 1640/774/2
f 1460/750/1 1539/829/1 1540/830/1
f 1616/750/2 1696/830/2 1695/829/2
f 1460/750/1 1540/830/1 1541/831/1
f 1616/750/2 1697/831/2 1696/830/2
f 1460/750/1 1541/831/1 1542/832/1
f 1616/750/2 1698/832/2 1697/831/2
f 1460/750/1 1542/832/1 1543/833/1
f 1616/750/2 1699/833/2 1698/832/2
f 1460/750/1 1543/833/1 1544/834/1
f 1616/750/2 1700/834/2 1699/833/2
f 1460/750/1 1544/834/1 1545/835/1
f 1616/750/2 1701/835/2 1700/834/2
f 1460/750/1 1545/835/1 1554/844/1
f 1616/750/2 1710/844/2 1701/835/2
f 1460/750/1 1554/844/1 1555/845/1
f 1616/750/2 1711/845/2 1710/844/2
f 1460/750/1 1555/845/1 1556/846/1
f 1616/750/2 1712/846/2 1711/845/2
f 1576/866/1 1518/808/1 1516/806/1
f 1732/866/2 1672/806/2 1674/808/2
f 1458/748/1 1460/750/1 1556/846/1
f 1614/748/2 1712/846/2 1616/750/2
f 1458/748/1 1556/846/1 1557/847/1
f 1614/748/2 1713/847/2 1712/846/2
f 1575/865/1 1576/866/1 1516/806/1
f 1731/865/2 1672/806/2 1732/866/2
f 1575/865/1 1516/806/1 1426/716/1
f 1731/865/2 1582/716/2 1672/806/2
f 1443/733/1 1458/748/1 1557/847/1
f 1599/733/2 1713/847/2 1614/748/2
f 1443/733/1 1557/847/1 1558/848/1
f 1599/733/2 1714/848/2 1713/847/2
f 1443/733/1 1558/848/1 1559/849/1
f 1599/733/2 1715/849/2 1714/848/2
f 1443/733/1 1559/849/1 1560/850/1
f 1599/733/2 1716/850/2 1715/849/2
f 1443/733/1 1560/850/1 1561/851/1
f 1599/733/2 1717/851/2 1716/850/2
f 1443/733/1 1561/851/1 1562/852/1
f 1599/733/2 1718/852/2 1717/851/2
f 1574/864/1 1575/865/1 1426/716/1
f 1730/864/2 1582/716/2 1731/865/2
f 1574/864/1 1426/716/1 1428/718/1
f 1730/864/2 1584/718/2 1582/716/2
f 1435/725/1 1443/733/1 1562/852/1
f 1591/725/2 1718/852/2 1599/733/2
f 1435/725/1 1562/852/1 1563/853/1
f 1591/725/2 1719/853/2 1718/852/2
f 1435/725/1 1563/853/1 1564/854/1
f 1591/725/2 1720/854/2 1719/853/2
f 1435/725/1 1564/854/1 1565/855/1
f 1591/725/2 1721/855/2 1720/854/2
f 1435/725/1 1565/855/1 1566/856/1
f 1591/725/2 1722/856/2 1721/855/2
f 1435/725/1 1566/856/1 1571/861/1
f 1591/725/2 1727/861/2 1722/856/2
f 1573/863/1 1574/864/1 1428/718/1
f 1729/863/2 1584/718/2 1730/864/2
f 1429/719/1 1435/725/1 1571/861/1
f 1585/719/2 1727/861/2 1591/725/2
f 1429/719/1 1571/861/1 1572/862/1
f 1585/719/2 1728/862/2 1727/861/2
f 1572/862/1 1573/863/1 1428/718/1
f 1728/862/2 1584/718/2 1729/863/2
f 1572/862/1 1428/718/1 1429/719/1
f 1728/862/2 1585/719/2 1584/718/2
f 1739/873/1 1741/875/1 1742/876/1
f 1750/873/2 1753/876/2 1752/875/2
f 1743/877/1 1741/875/1 1739/873/1
f 1754/877/2 1750/873/2 1752/875/2
f 1743/877/1 1739/873/1 1740/874/1
f 1754/877/2 1751/874/2 1750/873/2
f 1743/877/1 1740/874/1 1733/867/1
f 1754/877/2 1744/867/2 1751/874/2
f 1743/877/1 1733/867/1 1734/868/1
f 1754/877/2 1745/868/2 1744/867/2
f 1743/877/1 1734/868/1 1735/869/1
f 1754/877/2 1746/869/2 1745/868/2
f 1743/877/1 1735/869/1 1736/870/1
f 1754/877/2 1747/870/2 1746/869/2
f 1736/870/1 1737/871/1 1738/872/1
f 1747/870/2 1749/872/2 1748/871/2
f 1736/870/1 1738/872/1 1739/873/1
f 1747/870/2 1750/873/2 1749/872/2
f 1736/870/1 1739/873/1 1742/876/1
f 1747/870/2 1753/876/2 1750/873/2
f 1736/870/1 1742/876/1 1743/877/1
f 1747/870/2 1754/877/2 1753/876/2
f 1837/960/1 1848/971/1 1849/972/1
f 1973/960/2 1985/972/2 1984/971/2
f 1837/960/1 1849/972/1 1850/973/1
f 1973/960/2 1986/973/2 1985/972/2
f 1837/960/1 1850/973/1 1851/974/1
f 1973/960/2 1987/974/2 1986/973/2
f 1847/970/1 1848/971/1 1837/960/1
f 1983/970/2 1973/960/2 1984/971/2
f 1847/970/1 1837/960/1 1838/961/1
f 1983/970/2 1974/961/2 1973/960/2
f 1847/970/1 1838/961/1 1839/962/1
f 1983/970/2 1975/962/2 1974/961/2
f 1847/970/1 1839/962/1 1840/963/1
f 1983/970/2 1976/963/2 1975/962/2
f 1847/970/1 1840/963/1 1841/964/1
f 1983/970/2 1977/964/2 1976/963/2
f 1847/970/1 1841/964/1 1842/965/1
f 1983/970/2 1978/965/2 1977/964/2
f 1847/970/1 1842/965/1 1843/966/1
f 1983/970/2 1979/966/2 1978/965/2
f 1843/966/1 1844/967/1 1755/878/1
f 1979/966/2 1891/878/2 1980/967/2
f 1843/966/1 1755/878/1 1756/879/1
f 1979/966/2 1892/879/2 1891/878/2
f 1843/966/1 1756/879/1 1757/880/1
f 1979/966/2 1893/880/2 1892/879/2
f 1843/966/1 1757/880/1 1758/881/1
f 1979/966/2 1894/881/2 1893/880/2
f 1843/966/1 1758/881/1 1759/882/1
f 1979/966/2 1895/882/2 1894/881/2
f 1843/966/1 1759/882/1 1760/883/1
f 1979/966/2 1896/883/2 1895/882/2
f 1760/883/1 1761/884/1 1762/885/1
f 1896/883/2 1898/885/2 1897/884/2
f 1763/886/1 1764/887/1 1765/888/1
f 1899/886/2 1901/888/2 1900/887/2
f 1763/886/1 1765/888/1 1766/889/1
f 1899/886/2 1902/889/2 1901/888/2
f 1763/886/1 1766/889/1 1767/890/1
f 1899/886/2 1903/890/2 1902/889/2
f 1763/886/1 1767/890/1 1768/891/1
f 1899/886/2 1904/891/2 1903/890/2
f 1763/886/1 1768/891/1 1769/892/1
f 1899/886/2 1905/892/2 1904/891/2
f 1769/892/1 1770/893/1 1771/894/1
f 1905/892/2 1907/894/2 1906/893/2
f 1769/892/1 1771/894/1 1772/895/1
f 1905/892/2 1908/895/2 1907/894/2
f 1769/892/1 1772/895/1 1773/896/1
f 1905/892/2 1909/896/2 1908/895/2
f 1769/892/1 1773/896/1 1774/897/1
f 1905/892/2 1910/897/2 1909/896/2
f 1769/892/1 1774/897/1 1775/898/1
f 1905/892/2 1911/898/2 1910/897/2
f 1769/892/1 1775/898/1 1776/899/1
f 1905/892/2 1912/899/2 1911/898/2
f 1769/892/1 1776/899/1 1777/900/1
f 1905/892/2 1913/900/2 1912/899/2
f 1777/900/1 1778/901/1 1779/902/1
f 1913/900/2 1915/902/2 1914/901/2
f 1777/900/1 1779/902/1 1780/903/1
f 1913/900/2 1916/903/2 1915/902/2
f 1777/900/1 1780/903/1 1781/904/1
f 1913/900/2 1917/904/2 1916/903/2
f 1777/900/1 1781/904/1 1782/905/1
f 1913/900/2 1918/905/2 1917/904/2
f 1777/900/1 1782/905/1 1783/906/1
f 1913/900/2 1919/906/2 1918/905/2
f 1777/900/1 1783/906/1 1784/907/1
f 1913/900/2 1920/907/2 1919/906/2
f 1777/900/1 1784/907/1 1785/908/1
f 1913/900/2 1921/908/2 1920/907/2
f 1777/900/1 1785/908/1 1786/909/1
f 1913/900/2 1922/909/2 1921/908/2
f 1777/900/1 1786/909/1 1787/910/1
f 1913/900/2 1923/910/2 1922/909/2
f 1777/900/1 1787/910/1 1788/911/1
f 1913/900/2 1924/911/2 1923/910/2
f 1777/900/1 1788/911/1 1789/912/1
f 1913/900/2 1925/912/2 1924/911/2
f 1777/900/1 1789/912/1 1790/913/1
f 1913/900/2 1926/913/2 1925/912/2
f 1777/900/1 1790/913/1 1791/914/1
f 1913/900/2 1927/914/2 1926/913/2
f 1777/900/1 1791/914/1 1792/915/1
f 1913/900/2 1928/915/2 1927/914/2
f 1777/900/1 1792/915/1 1793/916/1
f 1913/900/2 1929/916/2 1928/915/2
f 1777/900/1 1793/916/1 1794/917/1
f 1913/900/2 1930/917/2 1929/916/2
f 1777/900/1 1794/917/1 1795/918/1
f 1913/900/2 1931/918/2 1930/917/2
f 1777/900/1 1795/918/1 1796/919/1
f 1913/900/2 1932/919/2 1931/918/2
f 1777/900/1 1796/919/1 1797/920/1
f 1913/900/2 1933/920/2 1932/919/2
f 1777/900/1 1797/920/1 1798/921/1
f 1913/900/2 1934/921/2 1933/920/2
f 1777/900/1 1798/921/1 1799/922/1
f 1913/900/2 1935/922/2 1934/921/2
f 1799/922/1 1800/923/1 1801/924/1
f 1935/922/2 1937/924/2 1936/923/2
f 1799/922/1 1801/924/1 1802/925/1
f 1935/922/2 1938/925/2 1937/924/2
f 1799/922/1 1802/925/1 1803/926/1
f 1935/922/2 1939/926/2 1938/925/2
f 1799/922/1 1803/926/1 1804/927/1
f 1935/922/2 1940/927/2 1939/926/2
f 1799/922/1 1804/927/1 1805/928/1
f 1935/922/2 1941/928/2 1940/927/2
f 1805/928/1 1806/929/1 1807/930/1
f 1941/928/2 1943/930/2 1942/929/2
f 1805/928/1 1807/930/1 1808/931/1
f 1941/928/2 1944/931/2 1943/930/2
f 1805/928/1 1808/931/1 1809/932/1
f 1941/928/2 1945/932/2 1944/931/2
f 1805/928/1 1809/932/1 1810/933/1
f 1941/928/2 1946/933/2 1945/932/2
f 1805/928/1 1810/933/1 1811/934/1
f 1941/928/2 1947/934/2 1946/933/2
f 1805/928/1 1811/934/1 1812/935/1
f 1941/928/2 1948/935/2 1947/934/2
f 1805/928/1 1812/935/1 1813/936/1
f 1941/928/2 1949/936/2 1948/935/2
f 1805/928/1 1813/936/1 1814/937/1
f 1941/928/2 1950/937/2 1949/936/2
f 1805/928/1 1814/937/1 1815/938/1
f 1941/928/2 1951/938/2 1950/937/2
f 1815/938/1 1816/939/1 1817/940/1
f 1951/938/2 1953/940/2 1952/939/2
f 1815/938/1 1817/940/1 1818/941/1
f 1951/938/2 1954/941/2 1953/940/2
f 1815/938/1 1818/941/1 1819/942/1
f 1951/938/2 1955/942/2 1954/941/2
f 1815/938/1 1819/942/1 1820/943/1
f 1951/938/2 1956/943/2 1955/942/2
f 1815/938/1 1820/943/1 1821/944/1
f 1951/938/2 1957/944/2 1956/943/2
f 1815/938/1 1821/944/1 1822/945/1
f 1951/938/2 1958/945/2 1957/944/2
f 1815/938/1 1822/945/1 1823/946/1
f 1951/938/2 1959/946/2 1958/945/2
f 1815/938/1 1823/946/1 1824/947/1
f 1951/938/2 1960/947/2 1959/946/2
f 1815/938/1 1824/947/1 1825/948/1
f 1951/938/2 1961/948/2 1960/947/2
f 1815/938/1 1825/948/1 1826/949/1
f 1951/938/2 1962/949/2 1961/948/2
f 1815/938/1 1826/949/1 1827/950/1
f 1951/938/2 1963/950/2 1962/949/2
f 1815/938/1 1827/950/1 1828/951/1
f 1951/938/2 1964/951/2 1963/950/2
f 1815/938/1 1828/951/1 1829/952/1
f 1951/938/2 1965/952/2 1964/951/2
f 1815/938/1 1829/952/1 1830/953/1
f 1951/938/2 1966/953/2 1965/952/2
f 1815/938/1 1830/953/1 1831/954/1
f 1951/938/2 1967/954/2 1966/953/2
f 1815/938/1 1831/954/1 1832/955/1
f 1951/938/2 1968/955/2 1967/954/2
f 1815/938/1 1832/955/1 1833/956/1
f 1951/938/2 1969/956/2 1968/955/2
f 1815/938/1 1833/956/1 1834/957/1
f 1951/938/2 1970/957/2 1969/956/2
f 1815/938/1 1834/957/1 1835/958/1
f 1951/938/2 1971/958/2 1970/957/2
f 1835/958/1 1836/959/1 1837/960/1
f 1971/958/2 1973/960/2 1972/959/2
f 1835/958/1 1837/960/1 1851/974/1
f 1971/958/2 1987/974/2 1973/960/2
f 1835/958/1 1851/974/1 1852/975/1
f 1971/958/2 1988/975/2 1987/974/2
f 1835/958/1 1852/975/1 1853/976/1
f 1971/958/2 1989/976/2 1988/975/2
f 1835/958/1 1853/976/1 1854/977/1
f 1971/958/2 1990/977/2 1989/976/2
f 1835/958/1 1854/977/1 1855/978/1
f 1971/958/2 1991/978/2 1990/977/2
f 1835/958/1 1855/978/1 1856/979/1
f 1971/958/2 1992/979/2 1991/978/2
f 1835/958/1 1856/979/1 1857/980/1
f 1971/958/2 1993/980/2 1992/979/2
f 1835/958/1 1857/980/1 1858/981/1
f 1971/958/2 1994/981/2 1993/980/2
f 1835/958/1 1858/981/1 1859/982/1
f 1971/958/2 1995/982/2 1994/981/2
f 1846/969/1 1847/970/1 1843/966/1
f 1982/969/2 1979/966/2 1983/970/2
f 1815/938/1 1835/958/1 1859/982/1
f 1951/938/2 1995/982/2 1971/958/2
f 1815/938/1 1859/982/1 1860/983/1
f 1951/938/2 1996/983/2 1995/982/2
f 1815/938/1 1860/983/1 1861/984/1
f 1951/938/2 1997/984/2 1996/983/2
f 1815/938/1 1861/984/1 1862/985/1
f 1951/938/2 1998/985/2 1997/984/2
f 1845/968/1 1846/969/1 1843/966/1
f 1981/968/2 1979/966/2 1982/969/2
f 1805/928/1 1815/938/1 1862/985/1
f 1941/928/2 1998/985/2 1951/938/2
f 1805/928/1 1862/985/1 1863/986/1
f 1941/928/2 1999/986/2 1998/985/2
f 1805/928/1 1863/986/1 1864/987/1
f 1941/928/2 2000/987/2 1999/986/2
f 1805/928/1 1864/987/1 1865/988/1
f 1941/928/2 2001/988/2 2000/987/2
f 1805/928/1 1865/988/1 1866/989/1
f 1941/928/2 2002/989/2 2001/988/2
f 1805/928/1 1866/989/1 1867/990/1
f 1941/928/2 2003/990/2 2002/989/2
f 1890/1013/1 1845/968/1 1843/966/1
f 2026/1013/2 1979/966/2 1981/968/2
f 1799/922/1 1805/928/1 1867/990/1
f 1935/922/2 2003/990/2 1941/928/2
f 1799/922/1 1867/990/1 1868/991/1
f 1935/922/2 2004/991/2 2003/990/2
f 1799/922/1 1868/991/1 1869/992/1
f 1935/922/2 2005/992/2 2004/991/2
f 1799/922/1 1869/992/1 1870/993/1
f 1935/922/2 2006/993/2 2005/992/2
f 1799/922/1 1870/993/1 1871/994/1
f 1935/922/2 2007/994/2 2006/993/2
f 1799/922/1 1871/994/1 1872/995/1
f 1935/922/2 2008/995/2 2007/994/2
f 1799/922/1 1872/995/1 1873/996/1
f 1935/922/2 2009/996/2 2008/995/2
f 1799/922/1 1873/996/1 1874/997/1
f 1935/922/2 2010/997/2 2009/996/2
f 1799/922/1 1874/997/1 1875/998/1
f 1935/922/2 2011/998/2 2010/997/2
f 1799/922/1 1875/998/1 1876/999/1
f 1935/922/2 2012/999/2 2011/998/2
f 1799/922/1 1876/999/1 1877/1000/1
f 1935/922/2 2013/1000/2 2012/999/2
f 1889/1012/1 1890/1013/1 1843/966/1
f 2025/1012/2 1979/966/2 2026/1013/2
f 1889/1012/1 1843/966/1 1760/883/1
f 2025/1012/2 1896/883/2 1979/966/2
f 1777/900/1 1799/922/1 1877/1000/1
f 1913/900/2 2013/1000/2 1935/922/2
f 1777/900/1 1877/1000/1 1878/1001/1
f 1913/900/2 2014/1001/2 2013/1000/2
f 1777/900/1 1878/1001/1 1879/1002/1
f 1913/900/2 2015/1002/2 2014/1001/2
f 1777/900/1 1879/1002/1 1880/1003/1
f 1913/900/2 2016/1003/2 2015/1002/2
f 1888/1011/1 1889/1012/1 1760/883/1
f 2024/1011/2 1896/883/2 2025/1012/2
f 1888/1011/1 1760/883/1 1762/885/1
f 2024/1011/2 1898/885/2 1896/883/2
f 1769/892/1 1777/900/1 1880/1003/1
f 1905/892/2 2016/1003/2 1913/900/2
f 1769/892/1 1880/1003/1 1881/1004/1
f 1905/892/2 2017/1004/2 2016/1003/2
f 1769/892/1 1881/1004/1 1882/1005/1
f 1905/892/2 2018/1005/2 2017/1004/2
f 1769/892/1 1882/1005/1 1883/1006/1
f 1905/892/2 2019/1006/2 2018/1005/2
f 1887/1010/1 1888/1011/1 1762/885/1
f 2023/1010/2 1898/885/2 2024/1011/2
f 1763/886/1 1769/892/1 1883/1006/1
f 1899/886/2 2019/1006/2 1905/892/2
f 1763/886/1 1883/1006/1 1884/1007/1
f 1899/886/2 2020/1007/2 2019/1006/2
f 1763/886/1 1884/1007/1 1885/1008/1
f 1899/886/2 2021/1008/2 2020/1007/2
f 1763/886/1 1885/1008/1 1886/1009/1
f 1899/886/2 2022/1009/2 2021/1008/2
f 1886/1009/1 1887/1010/1 1762/885/1
f 2022/1009/2 1898/885/2 2023/1010/2
f 1886/1009/1 1762/885/1 1763/886/1
f 2022/1009/2 1899/886/2 1898/885/2
f 2106/1093/1 2153/1140/1 2154/1141/1
f 2279/1093/2 2327/1141/2 2326/1140/2
f 2106/1093/1 2154/1141/1 2155/1142/1
f 2279/1093/2 2328/1142/2 2327/1141/2
f 2106/1093/1 2155/1142/1 2156/1143/1
f 2279/1093/2 2329/1143/2 2328/1142/2
f 2106/1093/1 2156/1143/1 2157/1144/1
f 2279/1093/2 2330/1144/2 2329/1143/2
f 2181/1168/1 2182/1169/1 2183/1170/1
f 2354/1168/2 2356/1170/2 2355/1169/2
f 2181/1168/1 2183/1170/1 2184/1171/1
f 2354/1168/2 2357/1171/2 2356/1170/2
f 2181/1168/1 2184/1171/1 2185/1172/1
f 2354/1168/2 2358/1172/2 2357/1171/2
f 2181/1168/1 2185/1172/1 2186/1173/1
f 2354/1168/2 2359/1173/2 2358/1172/2
f 2186/1173/1 2187/1174/1 2188/1175/1
f 2359/1173/2 2361/1175/2 2360/1174/2
f 2186/1173/1 2188/1175/1 2189/1176/1
f 2359/1173/2 2362/1176/2 2361/1175/2
f 2186/1173/1 2189/1176/1 2190/1177/1
f 2359/1173/2 2363/1177/2 2362/1176/2
f 2190/1177/1 2191/1178/1 2192/1179/1
f 2363/1177/2 2365/1179/2 2364/1178/2
f 2152/1139/1 2153/1140/1 2106/1093/1
f 2325/1139/2 2279/1093/2 2326/1140/2
f 2152/1139/1 2106/1093/1 2107/1094/1
f 2325/1139/2 2280/1094/2 2279/1093/2
f 2152/1139/1 2107/1094/1 2108/1095/1
f 2325/1139/2 2281/1095/2 2280/1094/2
f 2152/1139/1 2108/1095/1 2109/1096/1
f 2325/1139/2 2282/1096/2 2281/1095/2
f 2152/1139/1 2109/1096/1 2110/1097/1
f 2325/1139/2 2283/1097/2 2282/1096/2
f 2152/1139/1 2110/1097/1 2111/1098/1
f 2325/1139/2 2284/1098/2 2283/1097/2
f 2152/1139/1 2111/1098/1 2112/1099/1
f 2325/1139/2 2285/1099/2 2284/1098/2
f 2152/1139/1 2112/1099/1 2113/1100/1
f 2325/1139/2 2286/1100/2 2285/1099/2
f 2152/1139/1 2113/1100/1 2114/1101/1
f 2325/1139/2 2287/1101/2 2286/1100/2
f 2152/1139/1 2114/1101/1 2115/1102/1
f 2325/1139/2 2288/1102/2 2287/1101/2
f 2152/1139/1 2115/1102/1 2116/1103/1
f 2325/1139/2 2289/1103/2 2288/1102/2
f 2152/1139/1 2116/1103/1 2117/1104/1
f 2325/1139/2 2290/1104/2 2289/1103/2
f 2152/1139/1 2117/1104/1 2118/1105/1
f 2325/1139/2 2291/1105/2 2290/1104/2
f 2118/1105/1 2119/1106/1 2120/1107/1
f 2291/1105/2 2293/1107/2 2292/1106/2
f 2118/1105/1 2120/1107/1 2121/1108/1
f 2291/1105/2 2294/1108/2 2293/1107/2
f 2118/1105/1 2121/1108/1 2122/1109/1
f 2291/1105/2 2295/1109/2 2294/1108/2
f 2118/1105/1 2122/1109/1 2123/1110/1
f 2291/1105/2 2296/1110/2 2295/1109/2
f 2118/1105/1 2123/1110/1 2124/1111/1
f 2291/1105/2 2297/1111/2 2296/1110/2
f 2118/1105/1 2124/1111/1 2125/1112/1
f 2291/1105/2 2298/1112/2 2297/1111/2
f 2118/1105/1 2125/1112/1 2126/1113/1
f 2291/1105/2 2299/1113/2 2298/1112/2
f 2118/1105/1 2126/1113/1 2127/1114/1
f 2291/1105/2 2300/1114/2 2299/1113/2
f 2118/1105/1 2127/1114/1 2128/1115/1
f 2291/1105/2 2301/1115/2 2300/1114/2
f 2118/1105/1 2128/1115/1 2129/1116/1
f 2291/1105/2 2302/1116/2 2301/1115/2
f 2118/1105/1 2129/1116/1 2130/1117/1
f 2291/1105/2 2303/1117/2 2302/1116/2
f 2118/1105/1 2130/1117/1 2131/1118/1
f 2291/1105/2 2304/1118/2 2303/1117/2
f 2118/1105/1 2131/1118/1 2132/1119/1
f 2291/1105/2 2305/1119/2 2304/1118/2
f 2118/1105/1 2132/1119/1 2133/1120/1
f 2291/1105/2 2306/1120/2 2305/1119/2
f 2118/1105/1 2133/1120/1 2134/1121/1
f 2291/1105/2 2307/1121/2 2306/1120/2
f 2118/1105/1 2134/1121/1 2135/1122/1
f 2291/1105/2 2308/1122/2 2307/1121/2
f 2118/1105/1 2135/1122/1 2136/1123/1
f 2291/1105/2 2309/1123/2 2308/1122/2
f 2118/1105/1 2136/1123/1 2137/1124/1
f 2291/1105/2 2310/1124/2 2309/1123/2
f 2118/1105/1 2137/1124/1 2027/1014/1
f 2291/1105/2 2200/1014/2 2310/1124/2
f 2118/1105/1 2027/1014/1 2028/1015/1
f 2291/1105/2 2201/1015/2 2200/1014/2
f 2118/1105/1 2028/1015/1 2029/1016/1
f 2291/1105/2 2202/1016/2 2201/1015/2
f 2029/1016/1 2030/1017/1 2031/1018/1
f 2202/1016/2 2204/1018/2 2203/1017/2
f 2029/1016/1 2031/1018/1 2032/1019/1
f 2202/1016/2 2205/1019/2 2204/1018/2
f 2029/1016/1 2032/1019/1 2033/1020/1
f 2202/1016/2 2206/1020/2 2205/1019/2
f 2029/1016/1 2033/1020/1 2034/1021/1
f 2202/1016/2 2207/1021/2 2206/1020/2
f 2029/1016/1 2034/1021/1 2035/1022/1
f 2202/1016/2 2208/1022/2 2207/1021/2
f 2029/1016/1 2035/1022/1 2036/1023/1
f 2202/1016/2 2209/1023/2 2208/1022/2
f 2029/1016/1 2036/1023/1 2037/1024/1
f 2202/1016/2 2210/1024/2 2209/1023/2
f 2029/1016/1 2037/1024/1 2038/1025/1
f 2202/1016/2 2211/1025/2 2210/1024/2
f 2038/1025/1 2039/1026/1 2040/1027/1
f 2211/1025/2 2213/1027/2 2212/1026/2
f 2038/1025/1 2040/1027/1 2041/1028/1
f 2211/1025/2 2214/1028/2 2213/1027/2
f 2038/1025/1 2041/1028/1 2042/1029/1
f 2211/1025/2 2215/1029/2 2214/1028/2
f 2048/1035/1 2049/1036/1 2050/1037/1
f 2221/1035/2 2223/1037/2 2222/1036/2
f 2048/1035/1 2050/1037/1 2051/1038/1
f 2221/1035/2 2224/1038/2 2223/1037/2
f 2048/1035/1 2051/1038/1 2052/1039/1
f 2221/1035/2 2225/1039/2 2224/1038/2
f 2048/1035/1 2052/1039/1 2053/1040/1
f 2221/1035/2 2226/1040/2 2225/1039/2
f 2048/1035/1 2053/1040/1 2054/1041/1
f 2221/1035/2 2227/1041/2 2226/1040/2
f 2054/1041/1 2055/1042/1 2056/1043/1
f 2227/1041/2 2229/1043/2 2228/1042/2
f 2054/1041/1 2056/1043/1 2057/1044/1
f 2227/1041/2 2230/1044/2 2229/1043/2
f 2054/1041/1 2057/1044/1 2058/1045/1
f 2227/1041/2 2231/1045/2 2230/1044/2
f 2054/1041/1 2058/1045/1 2059/1046/1
f 2227/1041/2 2232/1046/2 2231/1045/2
f 2054/1041/1 2059/1046/1 2060/1047/1
f 2227/1041/2 2233/1047/2 2232/1046/2
f 2054/1041/1 2060/1047/1 2061/1048/1
f 2227/1041/2 2234/1048/2 2233/1047/2
f 2054/1041/1 2061/1048/1 2062/1049/1
f 2227/1041/2 2235/1049/2 2234/1048/2
f 2062/1049/1 2063/1050/1 2064/1051/1
f 2235/1049/2 2237/1051/2 2236/1050/2
f 2062/1049/1 2064/1051/1 2065/1052/1
f 2235/1049/2 2238/1052/2 2237/1051/2
f 2062/1049/1 2065/1052/1 2066/1053/1
f 2235/1049/2 2239/1053/2 2238/1052/2
f 2062/1049/1 2066/1053/1 2067/1054/1
f 2235/1049/2 2240/1054/2 2239/1053/2
f 2062/1049/1 2067/1054/1 2068/1055/1
f 2235/1049/2 2241/1055/2 2240/1054/2
f 2062/1049/1 2068/1055/1 2069/1056/1
f 2235/1049/2 2242/1056/2 2241/1055/2
f 2062/1049/1 2069/1056/1 2070/1057/1
f 2235/1049/2 2243/1057/2 2242/1056/2
f 2062/1049/1 2070/1057/1 2071/1058/1
f 2235/1049/2 2244/1058/2 2243/1057/2
f 2062/1049/1 2071/1058/1 2072/1059/1
f 2235/1049/2 2245/1059/2 2244/1058/2
f 2062/1049/1 2072/1059/1 2073/1060/1
f 2235/1049/2 2246/1060/2 2245/1059/2
f 2062/1049/1 2073/1060/1 2074/1061/1
f 2235/1049/2 2247/1061/2 2246/1060/2
f 2062/1049/1 2074/1061/1 2075/1062/1
f 2235/1049/2 2248/1062/2 2247/1061/2
f 2062/1049/1 2075/1062/1 2076/1063/1
f 2235/1049/2 2249/1063/2 2248/1062/2
f 2062/1049/1 2076/1063/1 2077/1064/1
f 2235/1049/2 2250/1064/2 2249/1063/2
f 2062/1049/1 2077/1064/1 2078/1065/1
f 2235/1049/2 2251/1065/2 2250/1064/2
f 2062/1049/1 2078/1065/1 2079/1066/1
f 2235/1049/2 2252/1066/2 2251/1065/2
f 2062/1049/1 2079/1066/1 2080/1067/1
f 2235/1049/2 2253/1067/2 2252/1066/2
f 2062/1049/1 2080/1067/1 2081/1068/1
f 2235/1049/2 2254/1068/2 2253/1067/2
f 2062/1049/1 2081/1068/1 2082/1069/1
f 2235/1049/2 2255/1069/2 2254/1068/2
f 2062/1049/1 2082/1069/1 2083/1070/1
f 2235/1049/2 2256/1070/2 2255/1069/2
f 2062/1049/1 2083/1070/1 2084/1071/1
f 2235/1049/2 2257/1071/2 2256/1070/2
f 2084/1071/1 2085/1072/1 2086/1073/1
f 2257/1071/2 2259/1073/2 2258/1072/2
f 2084/1071/1 2086/1073/1 2087/1074/1
f 2257/1071/2 2260/1074/2 2259/1073/2
f 2084/1071/1 2087/1074/1 2088/1075/1
f 2257/1071/2 2261/1075/2 2260/1074/2
f 2084/1071/1 2088/1075/1 2089/1076/1
f 2257/1071/2 2262/1076/2 2261/1075/2
f 2084/1071/1 2089/1076/1 2090/1077/1
f 2257/1071/2 2263/1077/2 2262/1076/2
f 2084/1071/1 2090/1077/1 2091/1078/1
f 2257/1071/2 2264/1078/2 2263/1077/2
f 2084/1071/1 2091/1078/1 2092/1079/1
f 2257/1071/2 2265/1079/2 2264/1078/2
f 2084/1071/1 2092/1079/1 2093/1080/1
f 2257/1071/2 2266/1080/2 2265/1079/2
f 2084/1071/1 2093/1080/1 2094/1081/1
f 2257/1071/2 2267/1081/2 2266/1080/2
f 2084/1071/1 2094/1081/1 2095/1082/1
f 2257/1071/2 2268/1082/2 2267/1081/2
f 2084/1071/1 2095/1082/1 2096/1083/1
f 2257/1071/2 2269/1083/2 2268/1082/2
f 2084/1071/1 2096/1083/1 2097/1084/1
f 2257/1071/2 2270/1084/2 2269/1083/2
f 2084/1071/1 2097/1084/1 2098/1085/1
f 2257/1071/2 2271/1085/2 2270/1084/2
f 2084/1071/1 2098/1085/1 2099/1086/1
f 2257/1071/2 2272/1086/2 2271/1085/2
f 2084/1071/1 2099/1086/1 2100/1087/1
f 2257/1071/2 2273/1087/2 2272/1086/2
f 2100/1087/1 2101/1088/1 2102/1089/1
f 2273/1087/2 2275/1089/2 2274/1088/2
f 2100/1087/1 2102/1089/1 2103/1090/1
f 2273/1087/2 2276/1090/2 2275/1089/2
f 2100/1087/1 2103/1090/1 2104/1091/1
f 2273/1087/2 2277/1091/2 2276/1090/2
f 2100/1087/1 2104/1091/1 2105/1092/1
f 2273/1087/2 2278/1092/2 2277/1091/2
f 2100/1087/1 2105/1092/1 2106/1093/1
f 2273/1087/2 2279/1093/2 2278/1092/2
f 2100/1087/1 2106/1093/1 2157/1144/1
f 2273/1087/2 2330/1144/2 2279/1093/2
f 2100/1087/1 2157/1144/1 2158/1145/1
f 2273/1087/2 2331/1145/2 2330/1144/2
f 2100/1087/1 2158/1145/1 2159/1146/1
f 2273/1087/2 2332/1146/2 2331/1145/2
f 2100/1087/1 2159/1146/1 2160/1147/1
f 2273/1087/2 2333/1147/2 2332/1146/2
f 2100/1087/1 2160/1147/1 2161/1148/1
f 2273/1087/2 2334/1148/2 2333/1147/2
f 2100/1087/1 2161/1148/1 2162/1149/1
f 2273/1087/2 2335/1149/2 2334/1148/2
f 2151/1138/1 2152/1139/1 2118/1105/1
f 2324/1138/2 2291/1105/2 2325/1139/2
f 2047/1034/1 2048/1035/1 2054/1041/1
f 2220/1034/2 2227/1041/2 2221/1035/2
f 2084/1071/1 2100/1087/1 2162/1149/1
f 2257/1071/2 2335/1149/2 2273/1087/2
f 2084/1071/1 2162/1149/1 2163/1150/1
f 2257/1071/2 2336/1150/2 2335/1149/2
f 2084/1071/1 2163/1150/1 2164/1151/1
f 2257/1071/2 2337/1151/2 2336/1150/2
f 2084/1071/1 2164/1151/1 2165/1152/1
f 2257/1071/2 2338/1152/2 2337/1151/2
f 2084/1071/1 2165/1152/1 2166/1153/1
f 2257/1071/2 2339/1153/2 2338/1152/2
f 2084/1071/1 2166/1153/1 2167/1154/1
f 2257/1071/2 2340/1154/2 2339/1153/2
f 2084/1071/1 2167/1154/1 2168/1155/1
f 2257/1071/2 2341/1155/2 2340/1154/2
f 2084/1071/1 2168/1155/1 2169/1156/1
f 2257/1071/2 2342/1156/2 2341/1155/2
f 2084/1071/1 2169/1156/1 2170/1157/1
f 2257/1071/2 2343/1157/2 2342/1156/2
f 2084/1071/1 2170/1157/1 2171/1158/1
f 2257/1071/2 2344/1158/2 2343/1157/2
f 2150/1137/1 2151/1138/1 2118/1105/1
f 2323/1137/2 2291/1105/2 2324/1138/2
f 2062/1049/1 2084/1071/1 2171/1158/1
f 2235/1049/2 2344/1158/2 2257/1071/2
f 2062/1049/1 2171/1158/1 2172/1159/1
f 2235/1049/2 2345/1159/2 2344/1158/2
f 2062/1049/1 2172/1159/1 2173/1160/1
f 2235/1049/2 2346/1160/2 2345/1159/2
f 2062/1049/1 2173/1160/1 2174/1161/1
f 2235/1049/2 2347/1161/2 2346/1160/2
f 2062/1049/1 2174/1161/1 2175/1162/1
f 2235/1049/2 2348/1162/2 2347/1161/2
f 2062/1049/1 2175/1162/1 2176/1163/1
f 2235/1049/2 2349/1163/2 2348/1162/2
f 2062/1049/1 2176/1163/1 2177/1164/1
f 2235/1049/2 2350/1164/2 2349/1163/2
f 2149/1136/1 2150/1137/1 2118/1105/1
f 2322/1136/2 2291/1105/2 2323/1137/2
f 2054/1041/1 2062/1049/1 2177/1164/1
f 2227/1041/2 2350/1164/2 2235/1049/2
f 2054/1041/1 2177/1164/1 2178/1165/1
f 2227/1041/2 2351/1165/2 2350/1164/2
f 2054/1041/1 2178/1165/1 2179/1166/1
f 2227/1041/2 2352/1166/2 2351/1165/2
f 2054/1041/1 2179/1166/1 2180/1167/1
f 2227/1041/2 2353/1167/2 2352/1166/2
f 2054/1041/1 2180/1167/1 2181/1168/1
f 2227/1041/2 2354/1168/2 2353/1167/2
f 2054/1041/1 2181/1168/1 2186/1173/1
f 2227/1041/2 2359/1173/2 2354/1168/2
f 2148/1135/1 2149/1136/1 2118/1105/1
f 2321/1135/2 2291/1105/2 2322/1136/2
f 2047/1034/1 2054/1041/1 2186/1173/1
f 2220/1034/2 2359/1173/2 2227/1041/2
f 2147/1134/1 2148/1135/1 2118/1105/1
f 2320/1134/2 2291/1105/2 2321/1135/2
f 2046/1033/1 2047/1034/1 2186/1173/1
f 2219/1033/2 2359/1173/2 2220/1034/2
f 2146/1133/1 2147/1134/1 2118/1105/1
f 2319/1133/2 2291/1105/2 2320/1134/2
f 2045/1032/1 2046/1033/1 2186/1173/1
f 2218/1032/2 2359/1173/2 2219/1033/2
f 2145/1132/1 2146/1133/1 2118/1105/1
f 2318/1132/2 2291/1105/2 2319/1133/2
f 2044/1031/1 2045/1032/1 2186/1173/1
f 2217/1031/2 2359/1173/2 2218/1032/2
f 2044/1031/1 2186/1173/1 2190/1177/1
f 2217/1031/2 2363/1177/2 2359/1173/2
f 2144/1131/1 2145/1132/1 2118/1105/1
f 2317/1131/2 2291/1105/2 2318/1132/2
f 2043/1030/1 2044/1031/1 2190/1177/1
f 2216/1030/2 2363/1177/2 2217/1031/2
f 2043/1030/1 2190/1177/1 2192/1179/1
f 2216/1030/2 2365/1179/2 2363/1177/2
f 2043/1030/1 2192/1179/1 2193/1180/1
f 2216/1030/2 2366/1180/2 2365/1179/2
f 2143/1130/1 2144/1131/1 2118/1105/1
f 2316/1130/2 2291/1105/2 2317/1131/2
f 2042/1029/1 2043/1030/1 2193/1180/1
f 2215/1029/2 2366/1180/2 2216/1030/2
f 2142/1129/1 2143/1130/1 2118/1105/1
f 2315/1129/2 2291/1105/2 2316/1130/2
f 2038/1025/1 2042/1029/1 2193/1180/1
f 2211/1025/2 2366/1180/2 2215/1029/2
f 2038/1025/1 2193/1180/1 2194/1181/1
f 2211/1025/2 2367/1181/2 2366/1180/2
f 2038/1025/1 2194/1181/1 2195/1182/1
f 2211/1025/2 2368/1182/2 2367/1181/2
f 2038/1025/1 2195/1182/1 2196/1183/1
f 2211/1025/2 2369/1183/2 2368/1182/2
f 2141/1128/1 2142/1129/1 2118/1105/1
f 2314/1128/2 2291/1105/2 2315/1129/2
f 2029/1016/1 2038/1025/1 2196/1183/1
f 2202/1016/2 2369/1183/2 2211/1025/2
f 2029/1016/1 2196/1183/1 2197/1184/1
f 2202/1016/2 2370/1184/2 2369/1183/2
f 2029/1016/1 2197/1184/1 2198/1185/1
f 2202/1016/2 2371/1185/2 2370/1184/2
f 2029/1016/1 2198/1185/1 2199/1186/1
f 2202/1016/2 2372/1186/2 2371/1185/2
f 2029/1016/1 2199/1186/1 2138/1125/1
f 2202/1016/2 2311/1125/2 2372/1186/2
f 2029/1016/1 2138/1125/1 2139/1126/1
f 2202/1016/2 2312/1126/2 2311/1125/2
f 2029/1016/1 2139/1126/1 2140/1127/1
f 2202/1016/2 2313/1127/2 2312/1126/2
f 2140/1127/1 2141/1128/1 2118/1105/1
f 2313/1127/2 2291/1105/2 2314/1128/2
f 2140/1127/1 2118/1105/1 2029/1016/1
f 2313/1127/2 2202/1016/2 2291/1105/2
f 2426/1240/1 2437/1251/1 2438/1252/1
f 2523/1240/2 2535/1252/2 2534/1251/2
f 2449/1263/1 2450/1264/1 2451/1265/1
f 2546/1263/2 2548/1265/2 2547/1264/2
f 2449/1263/1 2451/1265/1 2452/1266/1
f 2546/1263/2 2549/1266/2 2548/1265/2
f 2459/1273/1 2460/1274/1 2461/1275/1
f 2556/1273/2 2558/1275/2 2557/1274/2
f 2436/1250/1 2437/1251/1 2426/1240/1
f 2533/1250/2 2523/1240/2 2534/1251/2
f 2436/1250/1 2426/1240/1 2427/1241/1
f 2533/1250/2 2524/1241/2 2523/1240/2
f 2436/1250/1 2427/1241/1 2428/1242/1
f 2533/1250/2 2525/1242/2 2524/1241/2
f 2436/1250/1 2428/1242/1 2429/1243/1
f 2533/1250/2 2526/1243/2 2525/1242/2
f 2436/1250/1 2429/1243/1 2430/1244/1
f 2533/1250/2 2527/1244/2 2526/1243/2
f 2436/1250/1 2430/1244/1 2431/1245/1
f 2533/1250/2 2528/1245/2 2527/1244/2
f 2436/1250/1 2431/1245/1 2432/1246/1
f 2533/1250/2 2529/1246/2 2528/1245/2
f 2432/1246/1 2433/1247/1 2373/1187/1
f 2529/1246/2 2470/1187/2 2530/1247/2
f 2432/1246/1 2373/1187/1 2374/1188/1
f 2529/1246/2 2471/1188/2 2470/1187/2
f 2432/1246/1 2374/1188/1 2375/1189/1
f 2529/1246/2 2472/1189/2 2471/1188/2
f 2432/1246/1 2375/1189/1 2376/1190/1
f 2529/1246/2 2473/1190/2 2472/1189/2
f 2432/1246/1 2376/1190/1 2377/1191/1
f 2529/1246/2 2474/1191/2 2473/1190/2
f 2377/1191/1 2378/1192/1 2379/1193/1
f 2474/1191/2 2476/1193/2 2475/1192/2
f 2377/1191/1 2379/1193/1 2380/1194/1
f 2474/1191/2 2477/1194/2 2476/1193/2
f 2377/1191/1 2380/1194/1 2381/1195/1
f 2474/1191/2 2478/1195/2 2477/1194/2
f 2377/1191/1 2381/1195/1 2382/1196/1
f 2474/1191/2 2479/1196/2 2478/1195/2
f 2377/1191/1 2382/1196/1 2383/1197/1
f 2474/1191/2 2480/1197/2 2479/1196/2
f 2377/1191/1 2383/1197/1 2384/1198/1
f 2474/1191/2 2481/1198/2 2480/1197/2
f 2377/1191/1 2384/1198/1 2385/1199/1
f 2474/1191/2 2482/1199/2 2481/1198/2
f 2385/1199/1 2386/1200/1 2387/1201/1
f 2482/1199/2 2484/1201/2 2483/1200/2
f 2385/1199/1 2387/1201/1 2388/1202/1
f 2482/1199/2 2485/1202/2 2484/1201/2
f 2388/1202/1 2389/1203/1 2390/1204/1
f 2485/1202/2 2487/1204/2 2486/1203/2
f 2388/1202/1 2390/1204/1 2391/1205/1
f 2485/1202/2 2488/1205/2 2487/1204/2
f 2388/1202/1 2391/1205/1 2392/1206/1
f 2485/1202/2 2489/1206/2 2488/1205/2
f 2388/1202/1 2392/1206/1 2393/1207/1
f 2485/1202/2 2490/1207/2 2489/1206/2
f 2388/1202/1 2393/1207/1 2394/1208/1
f 2485/1202/2 2491/1208/2 2490/1207/2
f 2388/1202/1 2394/1208/1 2395/1209/1
f 2485/1202/2 2492/1209/2 2491/1208/2
f 2388/1202/1 2395/1209/1 2396/1210/1
f 2485/1202/2 2493/1210/2 2492/1209/2
f 2388/1202/1 2396/1210/1 2397/1211/1
f 2485/1202/2 2494/1211/2 2493/1210/2
f 2388/1202/1 2397/1211/1 2398/1212/1
f 2485/1202/2 2495/1212/2 2494/1211/2
f 2388/1202/1 2398/1212/1 2399/1213/1
f 2485/1202/2 2496/1213/2 2495/1212/2
f 2400/1214/1 2401/1215/1 2402/1216/1
f 2497/1214/2 2499/1216/2 2498/1215/2
f 2400/1214/1 2402/1216/1 2403/1217/1
f 2497/1214/2 2500/1217/2 2499/1216/2
f 2400/1214/1 2403/1217/1 2404/1218/1
f 2497/1214/2 2501/1218/2 2500/1217/2
f 2400/1214/1 2404/1218/1 2405/1219/1
f 2497/1214/2 2502/1219/2 2501/1218/2
f 2400/1214/1 2405/1219/1 2406/1220/1
f 2497/1214/2 2503/1220/2 2502/1219/2
f 2400/1214/1 2406/1220/1 2407/1221/1
f 2497/1214/2 2504/1221/2 2503/1220/2
f 2400/1214/1 2407/1221/1 2408/1222/1
f 2497/1214/2 2505/1222/2 2504/1221/2
f 2408/1222/1 2409/1223/1 2410/1224/1
f 2505/1222/2 2507/1224/2 2506/1223/2
f 2408/1222/1 2410/1224/1 2411/1225/1
f 2505/1222/2 2508/1225/2 2507/1224/2
f 2408/1222/1 2411/1225/1 2412/1226/1
f 2505/1222/2 2509/1226/2 2508/1225/2
f 2408/1222/1 2412/1226/1 2413/1227/1
f 2505/1222/2 2510/1227/2 2509/1226/2
f 2408/1222/1 2413/1227/1 2414/1228/1
f 2505/1222/2 2511/1228/2 2510/1227/2
f 2414/1228/1 2415/1229/1 2416/1230/1
f 2511/1228/2 2513/1230/2 2512/1229/2
f 2414/1228/1 2416/1230/1 2417/1231/1
f 2511/1228/2 2514/1231/2 2513/1230/2
f 2414/1228/1 2417/1231/1 2418/1232/1
f 2511/1228/2 2515/1232/2 2514/1231/2
f 2414/1228/1 2418/1232/1 2419/1233/1
f 2511/1228/2 2516/1233/2 2515/1232/2
f 2414/1228/1 2419/1233/1 2420/1234/1
f 2511/1228/2 2517/1234/2 2516/1233/2
f 2414/1228/1 2420/1234/1 2421/1235/1
f 2511/1228/2 2518/1235/2 2517/1234/2
f 2414/1228/1 2421/1235/1 2422/1236/1
f 2511/1228/2 2519/1236/2 2518/1235/2
f 2422/1236/1 2423/1237/1 2424/1238/1
f 2519/1236/2 2521/1238/2 2520/1237/2
f 2422/1236/1 2424/1238/1 2425/1239/1
f 2519/1236/2 2522/1239/2 2521/1238/2
f 2422/1236/1 2425/1239/1 2426/1240/1
f 2519/1236/2 2523/1240/2 2522/1239/2
f 2422/1236/1 2426/1240/1 2438/1252/1
f 2519/1236/2 2535/1252/2 2523/1240/2
f 2422/1236/1 2438/1252/1 2439/1253/1
f 2519/1236/2 2536/1253/2 2535/1252/2
f 2422/1236/1 2439/1253/1 2440/1254/1
f 2519/1236/2 2537/1254/2 2536/1253/2
f 2422/1236/1 2440/1254/1 2441/1255/1
f 2519/1236/2 2538/1255/2 2537/1254/2
f 2458/1272/1 2459/1273/1 2461/1275/1
f 2555/1272/2 2558/1275/2 2556/1273/2
f 2435/1249/1 2436/1250/1 2432/1246/1
f 2532/1249/2 2529/1246/2 2533/1250/2
f 2414/1228/1 2422/1236/1 2441/1255/1
f 2511/1228/2 2538/1255/2 2519/1236/2
f 2414/1228/1 2441/1255/1 2442/1256/1
f 2511/1228/2 2539/1256/2 2538/1255/2
f 2414/1228/1 2442/1256/1 2443/1257/1
f 2511/1228/2 2540/1257/2 2539/1256/2
f 2414/1228/1 2443/1257/1 2444/1258/1
f 2511/1228/2 2541/1258/2 2540/1257/2
f 2414/1228/1 2444/1258/1 2445/1259/1
f 2511/1228/2 2542/1259/2 2541/1258/2
f 2434/1248/1 2435/1249/1 2432/1246/1
f 2531/1248/2 2529/1246/2 2532/1249/2
f 2408/1222/1 2414/1228/1 2445/1259/1
f 2505/1222/2 2542/1259/2 2511/1228/2
f 2408/1222/1 2445/1259/1 2446/1260/1
f 2505/1222/2 2543/1260/2 2542/1259/2
f 2408/1222/1 2446/1260/1 2447/1261/1
f 2505/1222/2 2544/1261/2 2543/1260/2
f 2408/1222/1 2447/1261/1 2448/1262/1
f 2505/1222/2 2545/1262/2 2544/1261/2
f 2469/1283/1 2434/1248/1 2432/1246/1
f 2566/1283/2 2529/1246/2 2531/1248/2
f 2469/1283/1 2432/1246/1 2377/1191/1
f 2566/1283/2 2474/1191/2 2529/1246/2
f 2400/1214/1 2408/1222/1 2448/1262/1
f 2497/1214/2 2545/1262/2 2505/1222/2
f 2400/1214/1 2448/1262/1 2449/1263/1
f 2497/1214/2 2546/1263/2 2545/1262/2
f 2400/1214/1 2449/1263/1 2452/1266/1
f 2497/1214/2 2549/1266/2 2546/1263/2
f 2400/1214/1 2452/1266/1 2453/1267/1
f 2497/1214/2 2550/1267/2 2549/1266/2
f 2400/1214/1 2453/1267/1 2454/1268/1
f 2497/1214/2 2551/1268/2 2550/1267/2
f 2400/1214/1 2454/1268/1 2455/1269/1
f 2497/1214/2 2552/1269/2 2551/1268/2
f 2400/1214/1 2455/1269/1 2456/1270/1
f 2497/1214/2 2553/1270/2 2552/1269/2
f 2468/1282/1 2469/1283/1 2377/1191/1
f 2565/1282/2 2474/1191/2 2566/1283/2
f 2399/1213/1 2400/1214/1 2456/1270/1
f 2496/1213/2 2553/1270/2 2497/1214/2
f 2467/1281/1 2468/1282/1 2377/1191/1
f 2564/1281/2 2474/1191/2 2565/1282/2
f 2388/1202/1 2399/1213/1 2456/1270/1
f 2485/1202/2 2553/1270/2 2496/1213/2
f 2388/1202/1 2456/1270/1 2457/1271/1
f 2485/1202/2 2554/1271/2 2553/1270/2
f 2388/1202/1 2457/1271/1 2458/1272/1
f 2485/1202/2 2555/1272/2 2554/1271/2
f 2388/1202/1 2458/1272/1 2461/1275/1
f 2485/1202/2 2558/1275/2 2555/1272/2
f 2388/1202/1 2461/1275/1 2462/1276/1
f 2485/1202/2 2559/1276/2 2558/1275/2
f 2388/1202/1 2462/1276/1 2463/1277/1
f 2485/1202/2 2560/1277/2 2559/1276/2
f 2466/1280/1 2467/1281/1 2377/1191/1
f 2563/1280/2 2474/1191/2 2564/1281/2
f 2385/1199/1 2388/1202/1 2463/1277/1
f 2482/1199/2 2560/1277/2 2485/1202/2
f 2385/1199/1 2463/1277/1 2464/1278/1
f 2482/1199/2 2561/1278/2 2560/1277/2
f 2385/1199/1 2464/1278/1 2465/1279/1
f 2482/1199/2 2562/1279/2 2561/1278/2
f 2465/1279/1 2466/1280/1 2377/1191/1
f 2562/1279/2 2474/1191/2 2563/1280/2
f 2465/1279/1 2377/1191/1 2385/1199/1
f 2562/1279/2 2482/1199/2 2474/1191/2
f 2577/1294/1 2579/1296/1 2580/1297/1
f 2596/1294/2 2599/1297/2 2598/1296/2
f 2585/1302/1 2579/1296/1 2577/1294/1
f 2604/1302/2 2596/1294/2 2598/1296/2
f 2585/1302/1 2577/1294/1 2578/1295/1
f 2604/1302/2 2597/1295/2 2596/1294/2
f 2585/1302/1 2578/1295/1 2567/1284/1
f 2604/1302/2 2586/1284/2 2597/1295/2
f 2585/1302/1 2567/1284/1 2568/1285/1
f 2604/1302/2 2587/1285/2 2586/1284/2
f 2585/1302/1 2568/1285/1 2569/1286/1
f 2604/1302/2 2588/1286/2 2587/1285/2
f 2585/1302/1 2569/1286/1 2570/1287/1
f 2604/1302/2 2589/1287/2 2588/1286/2
f 2570/1287/1 2571/1288/1 2572/1289/1
f 2589/1287/2 2591/1289/2 2590/1288/2
f 2570/1287/1 2572/1289/1 2573/1290/1
f 2589/1287/2 2592/1290/2 2591/1289/2
f 2570/1287/1 2573/1290/1 2574/1291/1
f 2589/1287/2 2593/1291/2 2592/1290/2
f 2570/1287/1 2574/1291/1 2575/1292/1
f 2589/1287/2 2594/1292/2 2593/1291/2
f 2576/1293/1 2577/1294/1 2580/1297/1
f 2595/1293/2 2599/1297/2 2596/1294/2
f 2576/1293/1 2580/1297/1 2581/1298/1
f 2595/1293/2 2600/1298/2 2599/1297/2
f 2584/1301/1 2585/1302/1 2570/1287/1
f 2603/1301/2 2589/1287/2 2604/1302/2
f 2575/1292/1 2576/1293/1 2581/1298/1
f 2594/1292/2 2600/1298/2 2595/1293/2
f 2575/1292/1 2581/1298/1 2582/1299/1
f 2594/1292/2 2601/1299/2 2600/1298/2
f 2583/1300/1 2584/1301/1 2570/1287/1
f 2602/1300/2 2589/1287/2 2603/1301/2
f 2570/1287/1 2575/1292/1 2582/1299/1
f 2589/1287/2 2601/1299/2 2594/1292/2
f 2570/1287/1 2582/1299/1 2583/1300/1
f 2589/1287/2 2602/1300/2 2601/1299/2
f 2694/1392/1 2705/1403/1 2706/1404/1
f 2850/1392/2 2862/1404/2 2861/1403/2
f 2731/1429/1 2732/1430/1 2733/1431/1
f 2887/1429/2 2889/1431/2 2888/1430/2
f 2731/1429/1 2733/1431/1 2734/1432/1
f 2887/1429/2 2890/1432/2 2889/1431/2
f 2731/1429/1 2734/1432/1 2735/1433/1
f 2887/1429/2 2891/1433/2 2890/1432/2
f 2731/1429/1 2735/1433/1 2736/1434/1
f 2887/1429/2 2892/1434/2 2891/1433/2
f 2750/1448/1 2751/1449/1 2752/1450/1
f 2906/1448/2 2908/1450/2 2907/1449/2
f 2750/1448/1 2752/1450/1 2753/1451/1
f 2906/1448/2 2909/1451/2 2908/1450/2
f 2750/1448/1 2753/1451/1 2754/1452/1
f 2906/1448/2 2910/1452/2 2909/1451/2
f 2750/1448/1 2754/1452/1 2755/1453/1
f 2906/1448/2 2911/1453/2 2910/1452/2
f 2704/1402/1 2705/1403/1 2694/1392/1
f 2860/1402/2 2850/1392/2 2861/1403/2
f 2704/1402/1 2694/1392/1 2695/1393/1
f 2860/1402/2 2851/1393/2 2850/1392/2
f 2704/1402/1 2695/1393/1 2696/1394/1
f 2860/1402/2 2852/1394/2 2851/1393/2
f 2704/1402/1 2696/1394/1 2697/1395/1
f 2860/1402/2 2853/1395/2 2852/1394/2
f 2704/1402/1 2697/1395/1 2698/1396/1
f 2860/1402/2 2854/1396/2 2853/1395/2
f 2704/1402/1 2698/1396/1 2699/1397/1
f 2860/1402/2 2855/1397/2 2854/1396/2
f 2704/1402/1 2699/1397/1 2700/1398/1
f 2860/1402/2 2856/1398/2 2855/1397/2
f 2700/1398/1 2701/1399/1 2605/1303/1
f 2856/1398/2 2761/1303/2 2857/1399/2
f 2700/1398/1 2605/1303/1 2606/1304/1
f 2856/1398/2 2762/1304/2 2761/1303/2
f 2700/1398/1 2606/1304/1 2607/1305/1
f 2856/1398/2 2763/1305/2 2762/1304/2
f 2700/1398/1 2607/1305/1 2608/1306/1
f 2856/1398/2 2764/1306/2 2763/1305/2
f 2700/1398/1 2608/1306/1 2609/1307/1
f 2856/1398/2 2765/1307/2 2764/1306/2
f 2700/1398/1 2609/1307/1 2610/1308/1
f 2856/1398/2 2766/1308/2 2765/1307/2
f 2610/1308/1 2611/1309/1 2612/1310/1
f 2766/1308/2 2768/1310/2 2767/1309/2
f 2613/1311/1 2614/1312/1 2615/1313/1
f 2769/1311/2 2771/1313/2 2770/1312/2
f 2613/1311/1 2615/1313/1 2616/1314/1
f 2769/1311/2 2772/1314/2 2771/1313/2
f 2613/1311/1 2616/1314/1 2617/1315/1
f 2769/1311/2 2773/1315/2 2772/1314/2
f 2613/1311/1 2617/1315/1 2618/1316/1
f 2769/1311/2 2774/1316/2 2773/1315/2
f 2613/1311/1 2618/1316/1 2619/1317/1
f 2769/1311/2 2775/1317/2 2774/1316/2
f 2619/1317/1 2620/1318/1 2621/1319/1
f 2775/1317/2 2777/1319/2 2776/1318/2
f 2619/1317/1 2621/1319/1 2622/1320/1
f 2775/1317/2 2778/1320/2 2777/1319/2
f 2619/1317/1 2622/1320/1 2623/1321/1
f 2775/1317/2 2779/1321/2 2778/1320/2
f 2619/1317/1 2623/1321/1 2624/1322/1
f 2775/1317/2 2780/1322/2 2779/1321/2
f 2619/1317/1 2624/1322/1 2625/1323/1
f 2775/1317/2 2781/1323/2 2780/1322/2
f 2619/1317/1 2625/1323/1 2626/1324/1
f 2775/1317/2 2782/1324/2 2781/1323/2
f 2619/1317/1 2626/1324/1 2627/1325/1
f 2775/1317/2 2783/1325/2 2782/1324/2
f 2627/1325/1 2628/1326/1 2629/1327/1
f 2783/1325/2 2785/1327/2 2784/1326/2
f 2627/1325/1 2629/1327/1 2630/1328/1
f 2783/1325/2 2786/1328/2 2785/1327/2
f 2627/1325/1 2630/1328/1 2631/1329/1
f 2783/1325/2 2787/1329/2 2786/1328/2
f 2627/1325/1 2631/1329/1 2632/1330/1
f 2783/1325/2 2788/1330/2 2787/1329/2
f 2627/1325/1 2632/1330/1 2633/1331/1
f 2783/1325/2 2789/1331/2 2788/1330/2
f 2627/1325/1 2633/1331/1 2634/1332/1
f 2783/1325/2 2790/1332/2 2789/1331/2
f 2627/1325/1 2634/1332/1 2635/1333/1
f 2783/1325/2 2791/1333/2 2790/1332/2
f 2627/1325/1 2635/1333/1 2636/1334/1
f 2783/1325/2 2792/1334/2 2791/1333/2
f 2627/1325/1 2636/1334/1 2637/1335/1
f 2783/1325/2 2793/1335/2 2792/1334/2
f 2627/1325/1 2637/1335/1 2638/1336/1
f 2783/1325/2 2794/1336/2 2793/1335/2
f 2627/1325/1 2638/1336/1 2639/1337/1
f 2783/1325/2 2795/1337/2 2794/1336/2
f 2627/1325/1 2639/1337/1 2640/1338/1
f 2783/1325/2 2796/1338/2 2795/1337/2
f 2627/1325/1 2640/1338/1 2641/1339/1
f 2783/1325/2 2797/1339/2 2796/1338/2
f 2627/1325/1 2641/1339/1 2642/1340/1
f 2783/1325/2 2798/1340/2 2797/1339/2
f 2642/1340/1 2643/1341/1 2644/1342/1
f 2798/1340/2 2800/1342/2 2799/1341/2
f 2644/1342/1 2645/1343/1 2646/1344/1
f 2800/1342/2 2802/1344/2 2801/1343/2
f 2644/1342/1 2646/1344/1 2647/1345/1
f 2800/1342/2 2803/1345/2 2802/1344/2
f 2644/1342/1 2647/1345/1 2648/1346/1
f 2800/1342/2 2804/1346/2 2803/1345/2
f 2644/1342/1 2648/1346/1 2649/1347/1
f 2800/1342/2 2805/1347/2 2804/1346/2
f 2644/1342/1 2649/1347/1 2650/1348/1
f 2800/1342/2 2806/1348/2 2805/1347/2
f 2644/1342/1 2650/1348/1 2651/1349/1
f 2800/1342/2 2807/1349/2 2806/1348/2
f 2644/1342/1 2651/1349/1 2652/1350/1
f 2800/1342/2 2808/1350/2 2807/1349/2
f 2644/1342/1 2652/1350/1 2653/1351/1
f 2800/1342/2 2809/1351/2 2808/1350/2
f 2644/1342/1 2653/1351/1 2654/1352/1
f 2800/1342/2 2810/1352/2 2809/1351/2
f 2644/1342/1 2654/1352/1 2655/1353/1
f 2800/1342/2 2811/1353/2 2810/1352/2
f 2644/1342/1 2655/1353/1 2656/1354/1
f 2800/1342/2 2812/1354/2 2811/1353/2
f 2644/1342/1 2656/1354/1 2657/1355/1
f 2800/1342/2 2813/1355/2 2812/1354/2
f 2644/1342/1 2657/1355/1 2658/1356/1
f 2800/1342/2 2814/1356/2 2813/1355/2
f 2644/1342/1 2658/1356/1 2659/1357/1
f 2800/1342/2 2815/1357/2 2814/1356/2
f 2644/1342/1 2659/1357/1 2660/1358/1
f 2800/1342/2 2816/1358/2 2815/1357/2
f 2644/1342/1 2660/1358/1 2661/1359/1
f 2800/1342/2 2817/1359/2 2816/1358/2
f 2644/1342/1 2661/1359/1 2662/1360/1
f 2800/1342/2 2818/1360/2 2817/1359/2
f 2644/1342/1 2662/1360/1 2663/1361/1
f 2800/1342/2 2819/1361/2 2818/1360/2
f 2644/1342/1 2663/1361/1 2664/1362/1
f 2800/1342/2 2820/1362/2 2819/1361/2
f 2644/1342/1 2664/1362/1 2665/1363/1
f 2800/1342/2 2821/1363/2 2820/1362/2
f 2644/1342/1 2665/1363/1 2666/1364/1
f 2800/1342/2 2822/1364/2 2821/1363/2
f 2644/1342/1 2666/1364/1 2667/1365/1
f 2800/1342/2 2823/1365/2 2822/1364/2
f 2644/1342/1 2667/1365/1 2668/1366/1
f 2800/1342/2 2824/1366/2 2823/1365/2
f 2668/1366/1 2669/1367/1 2670/1368/1
f 2824/1366/2 2826/1368/2 2825/1367/2
f 2668/1366/1 2670/1368/1 2671/1369/1
f 2824/1366/2 2827/1369/2 2826/1368/2
f 2668/1366/1 2671/1369/1 2672/1370/1
f 2824/1366/2 2828/1370/2 2827/1369/2
f 2668/1366/1 2672/1370/1 2673/1371/1
f 2824/1366/2 2829/1371/2 2828/1370/2
f 2668/1366/1 2673/1371/1 2674/1372/1
f 2824/1366/2 2830/1372/2 2829/1371/2
f 2668/1366/1 2674/1372/1 2675/1373/1
f 2824/1366/2 2831/1373/2 2830/1372/2
f 2668/1366/1 2675/1373/1 2676/1374/1
f 2824/1366/2 2832/1374/2 2831/1373/2
f 2668/1366/1 2676/1374/1 2677/1375/1
f 2824/1366/2 2833/1375/2 2832/1374/2
f 2668/1366/1 2677/1375/1 2678/1376/1
f 2824/1366/2 2834/1376/2 2833/1375/2
f 2668/1366/1 2678/1376/1 2679/1377/1
f 2824/1366/2 2835/1377/2 2834/1376/2
f 2668/1366/1 2679/1377/1 2680/1378/1
f 2824/1366/2 2836/1378/2 2835/1377/2
f 2668/1366/1 2680/1378/1 2681/1379/1
f 2824/1366/2 2837/1379/2 2836/1378/2
f 2668/1366/1 2681/1379/1 2682/1380/1
f 2824/1366/2 2838/1380/2 2837/1379/2
f 2668/1366/1 2682/1380/1 2683/1381/1
f 2824/1366/2 2839/1381/2 2838/1380/2
f 2668/1366/1 2683/1381/1 2684/1382/1
f 2824/1366/2 2840/1382/2 2839/1381/2
f 2668/1366/1 2684/1382/1 2685/1383/1
f 2824/1366/2 2841/1383/2 2840/1382/2
f 2668/1366/1 2685/1383/1 2686/1384/1
f 2824/1366/2 2842/1384/2 2841/1383/2
f 2668/1366/1 2686/1384/1 2687/1385/1
f 2824/1366/2 2843/1385/2 2842/1384/2
f 2687/1385/1 2688/1386/1 2689/1387/1
f 2843/1385/2 2845/1387/2 2844/1386/2
f 2687/1385/1 2689/1387/1 2690/1388/1
f 2843/1385/2 2846/1388/2 2845/1387/2
f 2687/1385/1 2690/1388/1 2691/1389/1
f 2843/1385/2 2847/1389/2 2846/1388/2
f 2687/1385/1 2691/1389/1 2692/1390/1
f 2843/1385/2 2848/1390/2 2847/1389/2
f 2687/1385/1 2692/1390/1 2693/1391/1
f 2843/1385/2 2849/1391/2 2848/1390/2
f 2687/1385/1 2693/1391/1 2694/1392/1
f 2843/1385/2 2850/1392/2 2849/1391/2
f 2687/1385/1 2694/1392/1 2706/1404/1
f 2843/1385/2 2862/1404/2 2850/1392/2
f 2687/1385/1 2706/1404/1 2707/1405/1
f 2843/1385/2 2863/1405/2 2862/1404/2
f 2687/1385/1 2707/1405/1 2708/1406/1
f 2843/1385/2 2864/1406/2 2863/1405/2
f 2687/1385/1 2708/1406/1 2709/1407/1
f 2843/1385/2 2865/1407/2 2864/1406/2
f 2687/1385/1 2709/1407/1 2710/1408/1
f 2843/1385/2 2866/1408/2 2865/1407/2
f 2687/1385/1 2710/1408/1 2711/1409/1
f 2843/1385/2 2867/1409/2 2866/1408/2
f 2687/1385/1 2711/1409/1 2712/1410/1
f 2843/1385/2 2868/1410/2 2867/1409/2
f 2730/1428/1 2731/1429/1 2736/1434/1
f 2886/1428/2 2892/1434/2 2887/1429/2
f 2730/1428/1 2736/1434/1 2737/1435/1
f 2886/1428/2 2893/1435/2 2892/1434/2
f 2703/1401/1 2704/1402/1 2700/1398/1
f 2859/1401/2 2856/1398/2 2860/1402/2
f 2668/1366/1 2687/1385/1 2712/1410/1
f 2824/1366/2 2868/1410/2 2843/1385/2
f 2668/1366/1 2712/1410/1 2713/1411/1
f 2824/1366/2 2869/1411/2 2868/1410/2
f 2668/1366/1 2713/1411/1 2714/1412/1
f 2824/1366/2 2870/1412/2 2869/1411/2
f 2668/1366/1 2714/1412/1 2715/1413/1
f 2824/1366/2 2871/1413/2 2870/1412/2
f 2668/1366/1 2715/1413/1 2716/1414/1
f 2824/1366/2 2872/1414/2 2871/1413/2
f 2668/1366/1 2716/1414/1 2717/1415/1
f 2824/1366/2 2873/1415/2 2872/1414/2
f 2668/1366/1 2717/1415/1 2718/1416/1
f 2824/1366/2 2874/1416/2 2873/1415/2
f 2668/1366/1 2718/1416/1 2719/1417/1
f 2824/1366/2 2875/1417/2 2874/1416/2
f 2668/1366/1 2719/1417/1 2720/1418/1
f 2824/1366/2 2876/1418/2 2875/1417/2
f 2668/1366/1 2720/1418/1 2721/1419/1
f 2824/1366/2 2877/1419/2 2876/1418/2
f 2668/1366/1 2721/1419/1 2722/1420/1
f 2824/1366/2 2878/1420/2 2877/1419/2
f 2668/1366/1 2722/1420/1 2723/1421/1
f 2824/1366/2 2879/1421/2 2878/1420/2
f 2729/1427/1 2730/1428/1 2737/1435/1
f 2885/1427/2 2893/1435/2 2886/1428/2
f 2729/1427/1 2737/1435/1 2738/1436/1
f 2885/1427/2 2894/1436/2 2893/1435/2
f 2702/1400/1 2703/1401/1 2700/1398/1
f 2858/1400/2 2856/1398/2 2859/1401/2
f 2644/1342/1 2668/1366/1 2723/1421/1
f 2800/1342/2 2879/1421/2 2824/1366/2
f 2644/1342/1 2723/1421/1 2724/1422/1
f 2800/1342/2 2880/1422/2 2879/1421/2
f 2644/1342/1 2724/1422/1 2725/1423/1
f 2800/1342/2 2881/1423/2 2880/1422/2
f 2644/1342/1 2725/1423/1 2726/1424/1
f 2800/1342/2 2882/1424/2 2881/1423/2
f 2644/1342/1 2726/1424/1 2727/1425/1
f 2800/1342/2 2883/1425/2 2882/1424/2
f 2644/1342/1 2727/1425/1 2728/1426/1
f 2800/1342/2 2884/1426/2 2883/1425/2
f 2644/1342/1 2728/1426/1 2729/1427/1
f 2800/1342/2 2885/1427/2 2884/1426/2
f 2644/1342/1 2729/1427/1 2738/1436/1
f 2800/1342/2 2894/1436/2 2885/1427/2
f 2644/1342/1 2738/1436/1 2739/1437/1
f 2800/1342/2 2895/1437/2 2894/1436/2
f 2644/1342/1 2739/1437/1 2740/1438/1
f 2800/1342/2 2896/1438/2 2895/1437/2
f 2760/1458/1 2702/1400/1 2700/1398/1
f 2916/1458/2 2856/1398/2 2858/1400/2
f 2642/1340/1 2644/1342/1 2740/1438/1
f 2798/1340/2 2896/1438/2 2800/1342/2
f 2642/1340/1 2740/1438/1 2741/1439/1
f 2798/1340/2 2897/1439/2 2896/1438/2
f 2759/1457/1 2760/1458/1 2700/1398/1
f 2915/1457/2 2856/1398/2 2916/1458/2
f 2759/1457/1 2700/1398/1 2610/1308/1
f 2915/1457/2 2766/1308/2 2856/1398/2
f 2627/1325/1 2642/1340/1 2741/1439/1
f 2783/1325/2 2897/1439/2 2798/1340/2
f 2627/1325/1 2741/1439/1 2742/1440/1
f 2783/1325/2 2898/1440/2 2897/1439/2
f 2627/1325/1 2742/1440/1 2743/1441/1
f 2783/1325/2 2899/1441/2 2898/1440/2
f 2627/1325/1 2743/1441/1 2744/1442/1
f 2783/1325/2 2900/1442/2 2899/1441/2
f 2627/1325/1 2744/1442/1 2745/1443/1
f 2783/1325/2 2901/1443/2 2900/1442/2
f 2627/1325/1 2745/1443/1 2746/1444/1
f 2783/1325/2 2902/1444/2 2901/1443/2
f 2758/1456/1 2759/1457/1 2610/1308/1
f 2914/1456/2 2766/1308/2 2915/1457/2
f 2758/1456/1 2610/1308/1 2612/1310/1
f 2914/1456/2 2768/1310/2 2766/1308/2
f 2619/1317/1 2627/1325/1 2746/1444/1
f 2775/1317/2 2902/1444/2 2783/1325/2
f 2619/1317/1 2746/1444/1 2747/1445/1
f 2775/1317/2 2903/1445/2 2902/1444/2
f 2619/1317/1 2747/1445/1 2748/1446/1
f 2775/1317/2 2904/1446/2 2903/1445/2
f 2619/1317/1 2748/1446/1 2749/1447/1
f 2775/1317/2 2905/1447/2 2904/1446/2
f 2619/1317/1 2749/1447/1 2750/1448/1
f 2775/1317/2 2906/1448/2 2905/1447/2
f 2619/1317/1 2750/1448/1 2755/1453/1
f 2775/1317/2 2911/1453/2 2906/1448/2
f 2757/1455/1 2758/1456/1 2612/1310/1
f 2913/1455/2 2768/1310/2 2914/1456/2
f 2613/1311/1 2619/1317/1 2755/1453/1
f 2769/1311/2 2911/1453/2 2775/1317/2
f 2613/1311/1 2755/1453/1 2756/1454/1
f 2769/1311/2 2912/1454/2 2911/1453/2
f 2756/1454/1 2757/1455/1 2612/1310/1
f 2912/1454/2 2768/1310/2 2913/1455/2
f 2756/1454/1 2612/1310/1 2613/1311/1
f 2912/1454/2 2769/1311/2 2768/1310/2
f 2918/1460/3 2920/1462/4 2919/1461/4
f 2918/1460/3 2919/1461/4 2917/1459/3
f 2922/1464/5 2924/1466/6 2923/1465/6
f 2922/1464/5 2923/1465/6 2921/1463/5
f 2926/1468/7 2928/1470/8 2927/1469/8
f 2926/1468/7 2927/1469/8 2925/1467/7
f 2930/1472/9 2932/1474/10 2931/1473/10
f 2930/1472/9 2931/1473/10 2929/1471/9
f 2934/1476/11 2936/1478/12 2935/1477/12
f 2934/1476/11 2935/1477/12 2933/1475/11
f 2938/1480/13 2940/1482/14 2939/1481/14
f 2938/1480/13 2939/1481/14 2937/1479/13
f 2942/1484/15 2944/1486/16 2943/1485/16
f 2942/1484/15 2943/1485/16 2941/1483/15
f 2946/1488/17 2948/1490/18 2947/1489/18
f 2946/1488/17 2947/1489/18 2945/1487/17
f 2950/1492/19 2952/1494/20 2951/1493/20
f 2950/1492/19 2951/1493/20 2949/1491/19
f 2954/1496/21 2956/1498/22 2955/1497/22
f 2954/1496/21 2955/1497/22 2953/1495/21
f 2958/1500/23 2960/1502/24 2959/1501/24
f 2958/1500/23 2959/1501/24 2957/1499/23
f 2962/1504/25 2964/1506/26 2963/1505/26
f 2962/1504/25 2963/1505/26 2961/1503/25
f 2966/1508/27 2968/1510/28 2967/1509/28
f 2966/1508/27 2967/1509/28 2965/1507/27
f 2970/1512/29 2972/1514/30 2971/1513/30
f 2970/1512/29 2971/1513/30 2969/1511/29
f 2974/1516/31 2976/1518/32 2975/1517/32
f 2974/1516/31 2975/1517/32 2973/1515/31
f 2978/1520/33 2980/1522/34 2979/1521/34
f 2978/1520/33 2979/1521/34 2977/1519/33
f 2982/1524/35 2984/1526/36 2983/1525/36
f 2982/1524/35 2983/1525/36 2981/1523/35
f 2986/1528/37 2988/1530/38 2987/1529/38
f 2986/1528/37 2987/1529/38 2985/1527/37
f 2990/1532/39 2992/1534/40 2991/1533/40
f 2990/1532/39 2991/1533/40 2989/1531/39
f 2994/1536/41 2996/1538/42 2995/1537/42
f 2994/1536/41 2995/1537/42 2993/1535/41
f 2998/1540/43 3000/1542/44 2999/1541/44
f 2998/1540/43 2999/1541/44 2997/1539/43
f 3002/1544/45 3004/1546/46 3003/1545/46
f 3002/1544/45 3003/1545/46 3001/1543/45
f 3006/1548/47 3008/1550/48 3007/1549/48
f 3006/1548/47 3007/1549/48 3005/1547/47
f 3010/1552/49 3012/1554/50 3011/1553/50
f 3010/1552/49 3011/1553/50 3009/1551/49
f 3014/1556/51 3016/1558/52 3015/1557/52
f 3014/1556/51 3015/1557/52 3013/1555/51
f 3018/1560/53 3020/1562/54 3019/1561/54
f 3018/1560/53 3019/1561/54 3017/1559/53
f 3022/1564/55 3024/1566/56 3023/1565/56
f 3022/1564/55 3023/1565/56 3021/1563/55
f 3026/1568/57 3028/1570/58 3027/1569/58
f 3026/1568/57 3027/1569/58 3025/1567/57
f 3030/1572/59 3032/1574/60 3031/1573/60
f 3030/1572/59 3031/1573/60 3029/1571/59
f 3034/1576/61 3036/1578/62 3035/1577/62
f 3034/1576/61 3035/1577/62 3033/1575/61
f 3038/1580/63 3040/1582/64 3039/1581/64
f 3038/1580/63 3039/1581/64 3037/1579/63
f 3042/1584/65 3044/1586/66 3043/1585/66
f 3042/1584/65 3043/1585/66 3041/1583/65
f 3046/1588/67 3048/1590/68 3047/1589/68
f 3046/1588/67 3047/1589/68 3045/1587/67
f 3050/1592/69 3052/1594/70 3051/1593/70
f 3050/1592/69 3051/1593/70 3049/1591/69
f 3054/1596/71 3056/1598/72 3055/1597/72
f 3054/1596/71 3055/1597/72 3053/1595/71
f 3058/1600/73 3060/1602/74 3059/1601/74
f 3058/1600/73 3059/1601/74 3057/1599/73
f 3062/1604/75 3064/1606/76 3063/1605/76
f 3062/1604/75 3063/1605/76 3061/1603/75
f 3066/1608/77 3068/1610/78 3067/1609/78
f 3066/1608/77 3067/1609/78 3065/1607/77
f 3070/1612/79 3072/1614/80 3071/1613/80
f 3070/1612/79 3071/1613/80 3069/1611/79
f 3074/1616/81 3076/1618/82 3075/1617/82
f 3074/1616/81 3075/1617/82 3073/1615/81
f 3078/1620/83 3080/1622/84 3079/1621/84
f 3078/1620/83 3079/1621/84 3077/1619/83
f 3082/1624/85 3084/1626/86 3083/1625/86
f 3082/1624/85 3083/1625/86 3081/1623/85
f 3086/1628/87 3088/1630/88 3087/1629/88
f 3086/1628/87 3087/1629/88 3085/1627/87
f 3090/1632/89 3092/1634/90 3091/1633/90
f 3090/1632/89 3091/1633/90 3089/1631/89
f 3094/1636/91 3096/1638/92 3095/1637/92
f 3094/1636/91 3095/1637/92 3093/1635/91
f 3098/1640/93 3100/1642/94 3099/1641/94
f 3098/1640/93 3099/1641/94 3097/1639/93
f 3102/1644/95 3104/1646/96 3103/1645/96
f 3102/1644/95 3103/1645/96 3101/1643/95
f 3106/1648/97 3108/1650/98 3107/1649/98
f 3106/1648/97 3107/1649/98 3105/1647/97
f 3110/1652/99 3112/1654/100 3111/1653/100
f 3110/1652/99 3111/1653/100 3109/1651/99
f 3114/1656/101 3116/1658/102 3115/1657/102
f 3114/1656/101 3115/1657/102 3113/1655/101
f 3118/1660/103 3120/1662/104 3119/1661/104
f 3118/1660/103 3119/1661/104 3117/1659/103
f 3122/1664/105 3124/1666/106 3123/1665/106
f 3122/1664/105 3123/1665/106 3121/1663/105
f 3126/1668/107 3128/1670/108 3127/1669/108
f 3126/1668/107 3127/1669/108 3125/1667/107
f 3130/1672/109 3132/1674/110 3131/1673/110
f 3130/1672/109 3131/1673/110 3129/1671/109
f 3134/1676/111 3136/1678/112 3135/1677/112
f 3134/1676/111 3135/1677/112 3133/1675/111
f 3138/1680/113 3140/1682/114 3139/1681/114
f 3138/1680/113 3139/1681/114 3137/1679/113
f 3142/1684/115 3144/1686/116 3143/1685/116
f 3142/1684/115 3143/1685/116 3141/1683/115
f 3146/1688/117 3148/1690/118 3147/1689/118
f 3146/1688/117 3147/1689/118 3145/1687/117
f 3150/1692/119 3152/1694/120 3151/1693/120
f 3150/1692/119 3151/1693/120 3149/1691/119
f 3154/1696/121 3156/1698/122 3155/1697/122
f 3154/1696/121 3155/1697/122 3153/1695/121
f 3158/1700/123 3160/1702/124 3159/1701/124
f 3158/1700/123 3159/1701/124 3157/1699/123
f 3162/1704/125 3164/1706/126 3163/1705/126
f 3162/1704/125 3163/1705/126 3161/1703/125
f 3166/1708/127 3168/1710/128 3167/1709/128
f 3166/1708/127 3167/1709/128 3165/1707/127
f 3170/1712/129 3172/1714/130 3171/1713/130
f 3170/1712/129 3171/1713/130 3169/1711/129
f 3174/1716/131 3176/1718/132 3175/1717/132
f 3174/1716/131 3175/1717/132 3173/1715/131
f 3178/1720/133 3180/1722/134 3179/1721/134
f 3178/1720/133 3179/1721/134 3177/1719/133
f 3182/1724/135 3184/1726/136 3183/1725/136
f 3182/1724/135 3183/1725/136 3181/1723/135
f 3186/1728/137 3188/1730/138 3187/1729/138
f 3186/1728/137 3187/1729/138 3185/1727/137
f 3190/1732/139 3192/1734/140 3191/1733/140
f 3190/1732/139 3191/1733/140 3189/1731/139
f 3194/1736/141 3196/1738/142 3195/1737/142
f 3194/1736/141 3195/1737/142 3193/1735/141
f 3198/1740/143 3200/1742/144 3199/1741/144
f 3198/1740/143 3199/1741/144 3197/1739/143
f 3202/1744/145 3204/1746/146 3203/1745/146
f 3202/1744/145 3203/1745/146 3201/1743/145
f 3206/1748/147 3208/1750/148 3207/1749/148
f 3206/1748/147 3207/1749/148 3205/1747/147
f 3210/1752/149 3212/1754/150 3211/1753/150
f 3210/1752/149 3211/1753/150 3209/1751/149
f 3214/1756/151 3216/1758/152 3215/1757/152
f 3214/1756/151 3215/1757/152 3213/1755/151
f 3218/1760/153 3220/1762/154 3219/1761/154
f 3218/1760/153 3219/1761/154 3217/1759/153
f 3222/1764/155 3224/1766/156 3223/1765/156
f 3222/1764/155 3223/1765/156 3221/1763/155
f 3226/1768/157 3228/1770/158 3227/1769/158
f 3226/1768/157 3227/1769/158 3225/1767/157
f 3230/1772/159 3232/1774/160 3231/1773/160
f 3230/1772/159 3231/1773/160 3229/1771/159
f 3234/1776/161 3236/1778/162 3235/1777/162
f 3234/1776/161 3235/1777/162 3233/1775/161
f 3238/1780/163 3240/1782/164 3239/1781/164
f 3238/1780/163 3239/1781/164 3237/1779/163
f 3242/1784/165 3244/1786/166 3243/1785/166
f 3242/1784/165 3243/1785/166 3241/1783/165
f 3246/1788/167 3248/1790/168 3247/1789/168
f 3246/1788/167 3247/1789/168 3245/1787/167
f 3250/1792/169 3252/1794/170 3251/1793/170
f 3250/1792/169 3251/1793/170 3249/1791/169
f 3254/1796/171 3256/1798/172 3255/1797/172
f 3254/1796/171 3255/1797/172 3253/1795/171
f 3258/1800/173 3260/1802/174 3259/1801/174
f 3258/1800/173 3259/1801/174 3257/1799/173
f 3262/1804/175 3264/1806/176 3263/1805/176
f 3262/1804/175 3263/1805/176 3261/1803/175
f 3266/1808/177 3268/1810/178 3267/1809/178
f 3266/1808/177 3267/1809/178 3265/1807/177
f 3270/1812/179 3272/1814/180 3271/1813/180
f 3270/1812/179 3271/1813/180 3269/1811/179
f 3274/1816/181 3276/1818/182 3275/1817/182
f 3274/1816/181 3275/1817/182 3273/1815/181
f 3278/1820/183 3280/1822/184 3279/1821/184
f 3278/1820/183 3279/1821/184 3277/1819/183
f 3282/1824/185 3284/1826/186 3283/1825/186
f 3282/1824/185 3283/1825/186 3281/1823/185
f 3286/1828/187 3288/1830/188 3287/1829/188
f 3286/1828/187 3287/1829/188 3285/1827/187
f 3290/1832/189 3292/1834/190 3291/1833/190
f 3290/1832/189 3291/1833/190 3289/1831/189
f 3294/1836/191 3296/1838/192 3295/1837/192
f 3294/1836/191 3295/1837/192 3293/1835/191
f 3298/1840/193 3300/1842/194 3299/1841/194
f 3298/1840/193 3299/1841/194 3297/1839/193
f 3302/1844/195 3304/1846/196 3303/1845/196
f 3302/1844/195 3303/1845/196 3301/1843/195
f 3306/1848/197 3308/1850/198 3307/1849/198
f 3306/1848/197 3307/1849/198 3305/1847/197
f 3310/1852/199 3312/1854/200 3311/1853/200
f 3310/1852/199 3311/1853/200 3309/1851/199
f 3314/1856/201 3316/1858/202 3315/1857/202
f 3314/1856/201 3315/1857/202 3313/1855/201
f 3318/1860/203 3320/1862/204 3319/1861/204
f 3318/1860/203 3319/1861/204 3317/1859/203
f 3322/1864/205 3324/1866/206 3323/1865/206
f 3322/1864/205 3323/1865/206 3321/1863/205
f 3326/1868/207 3328/1870/208 3327/1869/208
f 3326/1868/207 3327/1869/208 3325/1867/207
f 3330/1872/209 3332/1874/210 3331/1873/210
f 3330/1872/209 3331/1873/210 3329/1871/209
f 3334/1876/211 3336/1878/212 3335/1877/212
f 3334/1876/211 3335/1877/212 3333/1875/211
f 3338/1880/213 3340/1882/214 3339/1881/214
f 3338/1880/213 3339/1881/214 3337/1879/213
f 3342/1884/215 3344/1886/216 3343/1885/216
f 3342/1884/215 3343/1885/216 3341/1883/215
f 3346/1888/217 3348/1890/218 3347/1889/218
f 3346/1888/217 3347/1889/218 3345/1887/217
f 3350/1892/219 3352/1894/220 3351/1893/220
f 3350/1892/219 3351/1893/220 3349/1891/219
f 3354/1896/221 3356/1898/222 3355/1897/222
f 3354/1896/221 3355/1897/222 3353/1895/221
f 3358/1900/223 3360/1902/224 3359/1901/224
f 3358/1900/223 3359/1901/224 3357/1899/223
f 3362/1904/225 3364/1906/226 3363/1905/226
f 3362/1904/225 3363/1905/226 3361/1903/225
f 3366/1908/227 3368/1910/228 3367/1909/228
f 3366/1908/227 3367/1909/228 3365/1907/227
f 3370/1912/229 3372/1914/230 3371/1913/230
f 3370/1912/229 3371/1913/230 3369/1911/229
f 3374/1916/231 3376/1918/232 3375/1917/232
f 3374/1916/231 3375/1917/232 3373/1915/231
f 3378/1920/233 3380/1922/234 3379/1921/234
f 3378/1920/233 3379/1921/234 3377/1919/233
f 3382/1924/235 3384/1926/236 3383/1925/236
f 3382/1924/235 3383/1925/236 3381/1923/235
f 3386/1928/237 3388/1930/238 3387/1929/238
f 3386/1928/237 3387/1929/238 3385/1927/237
f 3390/1932/239 3392/1934/240 3391/1933/240
f 3390/1932/239 3391/1933/240 3389/1931/239
f 3394/1936/241 3396/1938/242 3395/1937/242
f 3394/1936/241 3395/1937/242 3393/1935/241
f 3398/1940/243 3400/1942/244 3399/1941/244
f 3398/1940/243 3399/1941/244 3397/1939/243
f 3402/1944/245 3404/1946/246 3403/1945/246
f 3402/1944/245 3403/1945/246 3401/1943/245
f 3406/1948/247 3408/1950/248 3407/1949/248
f 3406/1948/247 3407/1949/248 3405/1947/247
f 3410/1952/249 3412/1954/250 3411/1953/250
f 3410/1952/249 3411/1953/250 3409/1951/249
f 3414/1956/251 3416/1958/252 3415/1957/252
f 3414/1956/251 3415/1957/252 3413/1955/251
f 3418/1960/253 3420/1962/254 3419/1961/254
f 3418/1960/253 3419/1961/254 3417/1959/253
f 3422/1964/255 3424/1966/256 3423/1965/256
f 3422/1964/255 3423/1965/256 3421/1963/255
f 3426/1968/257 3428/1970/258 3427/1969/258
f 3426/1968/257 3427/1969/258 3425/1967/257
f 3430/1972/259 3432/1974/260 3431/1973/260
f 3430/1972/259 3431/1973/260 3429/1971/259
f 3434/1976/261 3436/1978/262 3435/1977/262
f 3434/1976/261 3435/1977/262 3433/1975/261
f 3438/1980/263 3440/1982/264 3439/1981/264
f 3438/1980/263 3439/1981/264 3437/1979/263
f 3442/1984/265 3444/1986/266 3443/1985/266
f 3442/1984/265 3443/1985/266 3441/1983/265
f 3446/1988/267 3448/1990/268 3447/1989/268
f 3446/1988/267 3447/1989/268 3445/1987/267
f 3450/1992/269 3452/1994/270 3451/1993/270
f 3450/1992/269 3451/1993/270 3449/1991/269
f 3454/1996/271 3456/1998/272 3455/1997/272
f 3454/1996/271 3455/1997/272 3453/1995/271
f 3458/2000/273 3460/2002/274 3459/2001/274
f 3458/2000/273 3459/2001/274 3457/1999/273
f 3462/2004/275 3464/2006/276 3463/2005/276
f 3462/2004/275 3463/2005/276 3461/2003/275
f 3466/2008/277 3468/2010/278 3467/2009/278
f 3466/2008/277 3467/2009/278 3465/2007/277
f 3470/2012/279 3472/2014/280 3471/2013/280
f 3470/2012/279 3471/2013/280 3469/2011/279
f 3474/2016/281 3476/2018/282 3475/2017/282
f 3474/2016/281 3475/2017/282 3473/2015/281
f 3478/2020/283 3480/2022/284 3479/2021/284
f 3478/2020/283 3479/2021/284 3477/2019/283
f 3482/2024/285 3484/2026/286 3483/2025/286
f 3482/2024/285 3483/2025/286 3481/2023/285
f 3486/2028/287 3488/2030/288 3487/2029/288
f 3486/2028/287 3487/2029/288 3485/2027/287
f 3490/2032/289 3492/2034/290 3491/2033/290
f 3490/2032/289 3491/2033/290 3489/2031/289
f 3494/2036/291 3496/2038/292 3495/2037/292
f 3494/2036/291 3495/2037/292 3493/2035/291
f 3498/2040/293 3500/2042/294 3499/2041/294
f 3498/2040/293 3499/2041/294 3497/2039/293
f 3502/2044/295 3504/2046/296 3503/2045/296
f 3502/2044/295 3503/2045/296 3501/2043/295
f 3506/2048/297 3508/2050/298 3507/2049/298
f 3506/2048/297 3507/2049/298 3505/2047/297
f 3510/2052/299 3512/2054/300 3511/2053/300
f 3510/2052/299 3511/2053/300 3509/2051/299
f 3514/2056/301 3516/2058/302 3515/2057/302
f 3514/2056/301 3515/2057/302 3513/2055/301
f 3518/2060/303 3520/2062/304 3519/2061/304
f 3518/2060/303 3519/2061/304 3517/2059/303
f 3522/2064/305 3524/2066/306 3523/2065/306
f 3522/2064/305 3523/2065/306 3521/2063/305
f 3526/2068/307 3528/2070/308 3527/2069/308
f 3526/2068/307 3527/2069/308 3525/2067/307
f 3530/2072/309 3532/2074/310 3531/2073/310
f 3530/2072/309 3531/2073/310 3529/2071/309
f 3534/2076/311 3536/2078/312 3535/2077/312
f 3534/2076/311 3535/2077/312 3533/2075/311
f 3538/2080/313 3540/2082/314 3539/2081/314
f 3538/2080/313 3539/2081/314 3537/2079/313
f 3542/2084/315 3544/2086/316 3543/2085/316
f 3542/2084/315 3543/2085/316 3541/2083/315
f 3546/2088/317 3548/2090/318 3547/2089/318
f 3546/2088/317 3547/2089/318 3545/2087/317
f 3550/2092/319 3552/2094/320 3551/2093/320
f 3550/2092/319 3551/2093/320 3549/2091/319
f 3554/2096/321 3556/2098/322 3555/2097/322
f 3554/2096/321 3555/2097/322 3553/2095/321
f 3558/2100/323 3560/2102/324 3559/2101/324
f 3558/2100/323 3559/2101/324 3557/2099/323
f 3562/2104/325 3564/2106/326 3563/2105/326
f 3562/2104/325 3563/2105/326 3561/2103/325
f 3566/2108/327 3568/2110/328 3567/2109/328
f 3566/2108/327 3567/2109/328 3565/2107/327
f 3570/2112/329 3572/2114/330 3571/2113/330
f 3570/2112/329 3571/2113/330 3569/2111/329
f 3574/2116/331 3576/2118/332 3575/2117/332
f 3574/2116/331 3575/2117/332 3573/2115/331
f 3578/2120/333 3580/2122/334 3579/2121/334
f 3578/2120/333 3579/2121/334 3577/2119/333
f 3582/2124/335 3584/2126/336 3583/2125/336
f 3582/2124/335 3583/2125/336 3581/2123/335
f 3586/2128/337 3588/2130/338 3587/2129/338
f 3586/2128/337 3587/2129/338 3585/2127/337
f 3590/2132/339 3592/2134/340 3591/2133/340
f 3590/2132/339 3591/2133/340 3589/2131/339
f 3594/2136/341 3596/2138/342 3595/2137/342
f 3594/2136/341 3595/2137/342 3593/2135/341
f 3598/2140/343 3600/2142/344 3599/2141/344
f 3598/2140/343 3599/2141/344 3597/2139/343
f 3602/2144/345 3604/2146/346 3603/2145/346
f 3602/2144/345 3603/2145/346 3601/2143/345
f 3606/2148/347 3608/2150/348 3607/2149/348
f 3606/2148/347 3607/2149/348 3605/2147/347
f 3610/2152/349 3612/2154/350 3611/2153/350
f 3610/2152/349 3611/2153/350 3609/2151/349
f 3614/2156/351 3616/2158/352 3615/2157/352
f 3614/2156/351 3615/2157/352 3613/2155/351
f 3618/2160/353 3620/2162/354 3619/2161/354
f 3618/2160/353 3619/2161/354 3617/2159/353
f 3622/2164/355 3624/2166/356 3623/2165/356
f 3622/2164/355 3623/2165/356 3621/2163/355
f 3626/2168/357 3628/2170/358 3627/2169/358
f 3626/2168/357 3627/2169/358 3625/2167/357
f 3630/2172/359 3632/2174/360 3631/2173/360
f 3630/2172/359 3631/2173/360 3629/2171/359
f 3634/2176/361 3636/2178/362 3635/2177/362
f 3634/2176/361 3635/2177/362 3633/2175/361
f 3638/2180/363 3640/2182/364 3639/2181/364
f 3638/2180/363 3639/2181/364 3637/2179/363
f 3642/2184/365 3644/2186/366 3643/2185/366
f 3642/2184/365 3643/2185/366 3641/2183/365
f 3646/2188/367 3648/2190/368 3647/2189/368
f 3646/2188/367 3647/2189/368 3645/2187/367
f 3650/2192/369 3652/2194/370 3651/2193/370
f 3650/2192/369 3651/2193/370 3649/2191/369
f 3654/2196/371 3656/2198/372 3655/2197/372
f 3654/2196/371 3655/2197/372 3653/2195/371
f 3658/2200/373 3660/2202/374 3659/2201/374
f 3658/2200/373 3659/2201/374 3657/2199/373
f 3662/2204/375 3664/2206/376 3663/2205/376
f 3662/2204/375 3663/2205/376 3661/2203/375
f 3666/2208/377 3668/2210/378 3667/2209/378
f 3666/2208/377 3667/2209/378 3665/2207/377
f 3670/2212/379 3672/2214/380 3671/2213/380
f 3670/2212/379 3671/2213/380 3669/2211/379
f 3674/2216/381 3676/2218/382 3675/2217/382
f 3674/2216/381 3675/2217/382 3673/2215/381
f 3678/2220/383 3680/2222/384 3679/2221/384
f 3678/2220/383 3679/2221/384 3677/2219/383
f 3682/2224/385 3684/2226/386 3683/2225/386
f 3682/2224/385 3683/2225/386 3681/2223/385
f 3686/2228/387 3688/2230/388 3687/2229/388
f 3686/2228/387 3687/2229/388 3685/2227/387
f 3690/2232/389 3692/2234/390 3691/2233/390
f 3690/2232/389 3691/2233/390 3689/2231/389
f 3694/2236/391 3696/2238/392 3695/2237/392
f 3694/2236/391 3695/2237/392 3693/2235/391
f 3698/2240/393 3700/2242/394 3699/2241/394
f 3698/2240/393 3699/2241/394 3697/2239/393
f 3702/2244/395 3704/2246/396 3703/2245/396
f 3702/2244/395 3703/2245/396 3701/2243/395
f 3706/2248/397 3708/2250/398 3707/2249/398
f 3706/2248/397 3707/2249/398 3705/2247/397
f 3710/2252/399 3712/2254/400 3711/2253/400
f 3710/2252/399 3711/2253/400 3709/2251/399
f 3714/2256/401 3716/2258/402 3715/2257/402
f 3714/2256/401 3715/2257/402 3713/2255/401
f 3718/2260/403 3720/2262/404 3719/2261/404
f 3718/2260/403 3719/2261/404 3717/2259/403
f 3722/2264/405 3724/2266/406 3723/2265/406
f 3722/2264/405 3723/2265/406 3721/2263/405
f 3726/2268/407 3728/2270/408 3727/2269/408
f 3726/2268/407 3727/2269/408 3725/2267/407
f 3730/2272/409 3732/2274/410 3731/2273/410
f 3730/2272/409 3731/2273/410 3729/2271/409
f 3734/2276/411 3736/2278/412 3735/2277/412
f 3734/2276/411 3735/2277/412 3733/2275/411
f 3738/2280/413 3740/2282/414 3739/2281/414
f 3738/2280/413 3739/2281/414 3737/2279/413
f 3742/2284/415 3744/2286/416 3743/2285/416
f 3742/2284/415 3743/2285/416 3741/2283/415
f 3746/2288/417 3748/2290/418 3747/2289/418
f 3746/2288/417 3747/2289/418 3745/2287/417
f 3750/2292/419 3752/2294/420 3751/2293/420
f 3750/2292/419 3751/2293/420 3749/2291/419
f 3754/2296/421 3756/2298/422 3755/2297/422
f 3754/2296/421 3755/2297/422 3753/2295/421
f 3758/2300/423 3760/2302/424 3759/2301/424
f 3758/2300/423 3759/2301/424 3757/2299/423
f 3762/2304/425 3764/2306/426 3763/2305/426
f 3762/2304/425 3763/2305/426 3761/2303/425
f 3766/2308/427 3768/2310/428 3767/2309/428
f 3766/2308/427 3767/2309/428 3765/2307/427
f 3770/2312/429 3772/2314/430 3771/2313/430
f 3770/2312/429 3771/2313/430 3769/2311/429
f 3774/2316/431 3776/2318/432 3775/2317/432
f 3774/2316/431 3775/2317/432 3773/2315/431
f 3778/2320/433 3780/2322/434 3779/2321/434
f 3778/2320/433 3779/2321/434 3777/2319/433
f 3782/2324/435 3784/2326/436 3783/2325/436
f 3782/2324/435 3783/2325/436 3781/2323/435
f 3786/2328/437 3788/2330/438 3787/2329/438
f 3786/2328/437 3787/2329/438 3785/2327/437
f 3790/2332/439 3792/2334/440 3791/2333/440
f 3790/2332/439 3791/2333/440 3789/2331/439
f 3794/2336/441 3796/2338/442 3795/2337/442
f 3794/2336/441 3795/2337/442 3793/2335/441
f 3798/2340/443 3800/2342/444 3799/2341/444
f 3798/2340/443 3799/2341/444 3797/2339/443
f 3802/2344/445 3804/2346/446 3803/2345/446
f 3802/2344/445 3803/2345/446 3801/2343/445
f 3806/2348/447 3808/2350/448 3807/2349/448
f 3806/2348/447 3807/2349/448 3805/2347/447
f 3810/2352/449 3812/2354/450 3811/2353/450
f 3810/2352/449 3811/2353/450 3809/2351/449
f 3814/2356/451 3816/2358/452 3815/2357/452
f 3814/2356/451 3815/2357/452 3813/2355/451
f 3818/2360/453 3820/2362/454 3819/2361/454
f 3818/2360/453 3819/2361/454 3817/2359/453
f 3822/2364/455 3824/2366/456 3823/2365/456
f 3822/2364/455 3823/2365/456 3821/2363/455
f 3826/2368/457 3828/2370/458 3827/2369/458
f 3826/2368/457 3827/2369/458 3825/2367/457
f 3830/2372/459 3832/2374/460 3831/2373/460
f 3830/2372/459 3831/2373/460 3829/2371/459
f 3834/2376/461 3836/2378/462 3835/2377/462
f 3834/2376/461 3835/2377/462 3833/2375/461
f 3838/2380/463 3840/2382/464 3839/2381/464
f 3838/2380/463 3839/2381/464 3837/2379/463
f 3842/2384/465 3844/2386/466 3843/2385/466
f 3842/2384/465 3843/2385/466 3841/2383/465
f 3846/2388/467 3848/2390/468 3847/2389/468
f 3846/2388/467 3847/2389/468 3845/2387/467
f 3850/2392/469 3852/2394/470 3851/2393/470
f 3850/2392/469 3851/2393/470 3849/2391/469
f 3854/2396/471 3856/2398/472 3855/2397/472
f 3854/2396/471 3855/2397/472 3853/2395/471
f 3858/2400/473 3860/2402/474 3859/2401/474
f 3858/2400/473 3859/2401/474 3857/2399/473
f 3862/2404/475 3864/2406/476 3863/2405/476
f 3862/2404/475 3863/2405/476 3861/2403/475
f 3866/2408/477 3868/2410/478 3867/2409/478
f 3866/2408/477 3867/2409/478 3865/2407/477
f 3870/2412/479 3872/2414/480 3871/2413/480
f 3870/2412/479 3871/2413/480 3869/2411/479
f 3874/2416/481 3876/2418/482 3875/2417/482
f 3874/2416/481 3875/2417/482 3873/2415/481
f 3878/2420/483 3880/2422/484 3879/2421/484
f 3878/2420/483 3879/2421/484 3877/2419/483
f 3882/2424/485 3884/2426/486 3883/2425/486
f 3882/2424/485 3883/2425/486 3881/2423/485
f 3886/2428/487 3888/2430/488 3887/2429/488
f 3886/2428/487 3887/2429/488 3885/2427/487
f 3890/2432/489 3892/2434/490 3891/2433/490
f 3890/2432/489 3891/2433/490 3889/2431/489
f 3894/2436/491 3896/2438/492 3895/2437/492
f 3894/2436/491 3895/2437/492 3893/2435/491
f 3898/2440/493 3900/2442/494 3899/2441/494
f 3898/2440/493 3899/2441/494 3897/2439/493
f 3902/2444/495 3904/2446/496 3903/2445/496
f 3902/2444/495 3903/2445/496 3901/2443/495
f 3906/2448/497 3908/2450/498 3907/2449/498
f 3906/2448/497 3907/2449/498 3905/2447/497
f 3910/2452/499 3912/2454/500 3911/2453/500
f 3910/2452/499 3911/2453/500 3909/2451/499
f 3914/2456/501 3916/2458/502 3915/2457/502
f 3914/2456/501 3915/2457/502 3913/2455/501
f 3918/2460/503 3920/2462/504 3919/2461/504
f 3918/2460/503 3919/2461/504 3917/2459/503
f 3922/2464/505 3924/2466/506 3923/2465/506
f 3922/2464/505 3923/2465/506 3921/2463/505
f 3926/2468/507 3928/2470/508 3927/2469/508
f 3926/2468/507 3927/2469/508 3925/2467/507
f 3930/2472/509 3932/2474/510 3931/2473/510
f 3930/2472/509 3931/2473/510 3929/2471/509
f 3934/2476/511 3936/2478/512 3935/2477/512
f 3934/2476/511 3935/2477/512 3933/2475/511
f 3938/2480/513 3940/2482/514 3939/2481/514
f 3938/2480/513 3939/2481/514 3937/2479/513
f 3942/2484/515 3944/2486/516 3943/2485/516
f 3942/2484/515 3943/2485/516 3941/2483/515
f 3946/2488/517 3948/2490/518 3947/2489/518
f 3946/2488/517 3947/2489/518 3945/2487/517
f 3950/2492/519 3952/2494/520 3951/2493/520
f 3950/2492/519 3951/2493/520 3949/2491/519
f 3954/2496/521 3956/2498/522 3955/2497/522
f 3954/2496/521 3955/2497/522 3953/2495/521
f 3958/2500/523 3960/2502/524 3959/2501/524
f 3958/2500/523 3959/2501/524 3957/2499/523
f 3962/2504/525 3964/2506/526 3963/2505/526
f 3962/2504/525 3963/2505/526 3961/2503/525
f 3966/2508/527 3968/2510/528 3967/2509/528
f 3966/2508/527 3967/2509/528 3965/2507/527
f 3970/2512/529 3972/2514/530 3971/2513/530
f 3970/2512/529 3971/2513/530 3969/2511/529
f 3974/2516/531 3976/2518/532 3975/2517/532
f 3974/2516/531 3975/2517/532 3973/2515/531
f 3978/2520/533 3980/2522/534 3979/2521/534
f 3978/2520/533 3979/2521/534 3977/2519/533
f 3982/2524/535 3984/2526/536 3983/2525/536
f 3982/2524/535 3983/2525/536 3981/2523/535
f 3986/2528/537 3988/2530/538 3987/2529/538
f 3986/2528/537 3987/2529/538 3985/2527/537
f 3990/2532/539 3992/2534/540 3991/2533/540
f 3990/2532/539 3991/2533/540 3989/2531/539
f 3994/2536/541 3996/2538/542 3995/2537/542
f 3994/2536/541 3995/2537/542 3993/2535/541
f 3998/2540/543 4000/2542/544 3999/2541/544
f 3998/2540/543 3999/2541/544 3997/2539/543
f 4002/2544/545 4004/2546/546 4003/2545/546
f 4002/2544/545 4003/2545/546 4001/2543/545
f 4006/2548/547 4008/2550/548 4007/2549/548
f 4006/2548/547 4007/2549/548 4005/2547/547
f 4010/2552/549 4012/2554/550 4011/2553/550
f 4010/2552/549 4011/2553/550 4009/2551/549
f 4014/2556/551 4016/2558/552 4015/2557/552
f 4014/2556/551 4015/2557/552 4013/2555/551
f 4018/2560/553 4020/2562/554 4019/2561/554
f 4018/2560/553 4019/2561/554 4017/2559/553
f 4022/2564/555 4024/2566/556 4023/2565/556
f 4022/2564/555 4023/2565/556 4021/2563/555
f 4026/2568/557 4028/2570/558 4027/2569/558
f 4026/2568/557 4027/2569/558 4025/2567/557
f 4030/2572/559 4032/2574/560 4031/2573/560
f 4030/2572/559 4031/2573/560 4029/2571/559
f 4034/2576/561 4036/2578/562 4035/2577/562
f 4034/2576/561 4035/2577/562 4033/2575/561
f 4038/2580/563 4040/2582/564 4039/2581/564
f 4038/2580/563 4039/2581/564 4037/2579/563
f 4042/2584/565 4044/2586/566 4043/2585/566
f 4042/2584/565 4043/2585/566 4041/2583/565
f 4046/2588/567 4048/2590/568 4047/2589/568
f 4046/2588/567 4047/2589/568 4045/2587/567
f 4050/2592/569 4052/2594/570 4051/2593/570
f 4050/2592/569 4051/2593/570 4049/2591/569
f 4054/2596/571 4056/2598/572 4055/2597/572
f 4054/2596/571 4055/2597/572 4053/2595/571
f 4058/2600/573 4060/2602/574 4059/2601/574
f 4058/2600/573 4059/2601/574 4057/2599/573
f 4062/2604/575 4064/2606/576 4063/2605/576
f 4062/2604/575 4063/2605/576 4061/2603/575
f 4066/2608/577 4068/2610/578 4067/2609/578
f 4066/2608/577 4067/2609/578 4065/2607/577
f 4070/2612/579 4072/2614/580 4071/2613/580
f 4070/2612/579 4071/2613/580 4069/2611/579
f 4074/2616/581 4076/2618/582 4075/2617/582
f 4074/2616/581 4075/2617/582 4073/2615/581
f 4078/2620/583 4080/2622/584 4079/2621/584
f 4078/2620/583 4079/2621/584 4077/2619/583
f 4082/2624/585 4084/2626/586 4083/2625/586
f 4082/2624/585 4083/2625/586 4081/2623/585
f 4086/2628/587 4088/2630/588 4087/2629/588
f 4086/2628/587 4087/2629/588 4085/2627/587
f 4090/2632/589 4092/2634/590 4091/2633/590
f 4090/2632/589 4091/2633/590 4089/2631/589
f 4094/2636/591 4096/2638/592 4095/2637/592
f 4094/2636/591 4095/2637/592 4093/2635/591
f 4098/2640/593 4100/2642/594 4099/2641/594
f 4098/2640/593 4099/2641/594 4097/2639/593
f 4102/2644/595 4104/2646/596 4103/2645/596
f 4102/2644/595 4103/2645/596 4101/2643/595
f 4106/2648/597 4108/2650/598 4107/2649/598
f 4106/2648/597 4107/2649/598 4105/2647/597
f 4110/2652/599 4112/2654/600 4111/2653/600
f 4110/2652/599 4111/2653/600 4109/2651/599
f 4114/2656/601 4116/2658/602 4115/2657/602
f 4114/2656/601 4115/2657/602 4113/2655/601
f 4118/2660/603 4120/2662/604 4119/2661/604
f 4118/2660/603 4119/2661/604 4117/2659/603
f 4122/2664/605 4124/2666/606 4123/2665/606
f 4122/2664/605 4123/2665/606 4121/2663/605
f 4126/2668/607 4128/2670/608 4127/2669/608
f 4126/2668/607 4127/2669/608 4125/2667/607
f 4130/2672/609 4132/2674/610 4131/2673/610
f 4130/2672/609 4131/2673/610 4129/2671/609
f 4134/2676/611 4136/2678/612 4135/2677/612
f 4134/2676/611 4135/2677/612 4133/2675/611
f 4138/2680/613 4140/2682/614 4139/2681/614
f 4138/2680/613 4139/2681/614 4137/2679/613
f 4142/2684/615 4144/2686/616 4143/2685/616
f 4142/2684/615 4143/2685/616 4141/2683/615
f 4146/2688/617 4148/2690/618 4147/2689/618
f 4146/2688/617 4147/2689/618 4145/2687/617
f 4150/2692/619 4152/2694/620 4151/2693/620
f 4150/2692/619 4151/2693/620 4149/2691/619
f 4154/2696/621 4156/2698/622 4155/2697/622
f 4154/2696/621 4155/2697/622 4153/2695/621
f 4158/2700/623 4160/2702/624 4159/2701/624
f 4158/2700/623 4159/2701/624 4157/2699/623
f 4162/2704/625 4164/2706/626 4163/2705/626
f 4162/2704/625 4163/2705/626 4161/2703/625
f 4166/2708/627 4168/2710/628 4167/2709/628
f 4166/2708/627 4167/2709/628 4165/2707/627
f 4170/2712/629 4172/2714/630 4171/2713/630
f 4170/2712/629 4171/2713/630 4169/2711/629
f 4174/2716/631 4176/2718/632 4175/2717/632
f 4174/2716/631 4175/2717/632 4173/2715/631
f 4178/2720/633 4180/2722/634 4179/2721/634
f 4178/2720/633 4179/2721/634 4177/2719/633
f 4182/2724/635 4184/2726/636 4183/2725/636
f 4182/2724/635 4183/2725/636 4181/2723/635
f 4186/2728/637 4188/2730/638 4187/2729/638
f 4186/2728/637 4187/2729/638 4185/2727/637
f 4190/2732/639 4192/2734/640 4191/2733/640
f 4190/2732/639 4191/2733/640 4189/2731/639
f 4194/2736/641 4196/2738/642 4195/2737/642
f 4194/2736/641 4195/2737/642 4193/2735/641
f 4198/2740/643 4200/2742/644 4199/2741/644
f 4198/2740/643 4199/2741/644 4197/2739/643
f 4202/2744/645 4204/2746/646 4203/2745/646
f 4202/2744/645 4203/2745/646 4201/2743/645
f 4206/2748/647 4208/2750/648 4207/2749/648
f 4206/2748/647 4207/2749/648 4205/2747/647
f 4210/2752/649 4212/2754/650 4211/2753/650
f 4210/2752/649 4211/2753/650 4209/2751/649
f 4214/2756/651 4216/2758/652 4215/2757/652
f 4214/2756/651 4215/2757/652 4213/2755/651
f 4218/2760/653 4220/2762/654 4219/2761/654
f 4218/2760/653 4219/2761/654 4217/2759/653
f 4222/2764/655 4224/2766/656 4223/2765/656
f 4222/2764/655 4223/2765/656 4221/2763/655
f 4226/2768/657 4228/2770/658 4227/2769/658
f 4226/2768/657 4227/2769/658 4225/2767/657
f 4230/2772/659 4232/2774/660 4231/2773/660
f 4230/2772/659 4231/2773/660 4229/2771/659
f 4234/2776/661 4236/2778/662 4235/2777/662
f 4234/2776/661 4235/2777/662 4233/2775/661
f 4238/2780/663 4240/2782/664 4239/2781/664
f 4238/2780/663 4239/2781/664 4237/2779/663
f 4242/2784/665 4244/2786/666 4243/2785/666
f 4242/2784/665 4243/2785/666 4241/2783/665
f 4246/2788/667 4248/2790/668 4247/2789/668
f 4246/2788/667 4247/2789/668 4245/2787/667
f 4250/2792/669 4252/2794/670 4251/2793/670
f 4250/2792/669 4251/2793/670 4249/2791/669
f 4254/2796/671 4256/2798/672 4255/2797/672
f 4254/2796/671 4255/2797/672 4253/2795/671
f 4258/2800/673 4260/2802/674 4259/2801/674
f 4258/2800/673 4259/2801/674 4257/2799/673
f 4262/2804/675 4264/2806/676 4263/2805/676
f 4262/2804/675 4263/2805/676 4261/2803/675
f 4266/2808/677 4268/2810/678 4267/2809/678
f 4266/2808/677 4267/2809/678 4265/2807/677
f 4270/2812/679 4272/2814/680 4271/2813/680
f 4270/2812/679 4271/2813/680 4269/2811/679
f 4274/2816/681 4276/2818/682 4275/2817/682
f 4274/2816/681 4275/2817/682 4273/2815/681
f 4278/2820/683 4280/2822/684 4279/2821/684
f 4278/2820/683 4279/2821/684 4277/2819/683
f 4282/2824/685 4284/2826/686 4283/2825/686
f 4282/2824/685 4283/2825/686 4281/2823/685
f 4286/2828/687 4288/2830/688 4287/2829/688
f 4286/2828/687 4287/2829/688 4285/2827/687
f 4290/2832/689 4292/2834/690 4291/2833/690
f 4290/2832/689 4291/2833/690 4289/2831/689
f 4294/2836/691 4296/2838/692 4295/2837/692
f 4294/2836/691 4295/2837/692 4293/2835/691
f 4298/2840/693 4300/2842/694 4299/2841/694
f 4298/2840/693 4299/2841/694 4297/2839/693
f 4302/2844/695 4304/2846/696 4303/2845/696
f 4302/2844/695 4303/2845/696 4301/2843/695
f 4306/2848/697 4308/2850/698 4307/2849/698
f 4306/2848/697 4307/2849/698 4305/2847/697
f 4310/2852/699 4312/2854/700 4311/2853/700
f 4310/2852/699 4311/2853/700 4309/2851/699
f 4314/2856/701 4316/2858/702 4315/2857/702
f 4314/2856/701 4315/2857/702 4313/2855/701
f 4318/2860/703 4320/2862/704 4319/2861/704
f 4318/2860/703 4319/2861/704 4317/2859/703
f 4322/2864/705 4324/2866/706 4323/2865/706
f 4322/2864/705 4323/2865/706 4321/2863/705
f 4326/2868/707 4328/2870/708 4327/2869/708
f 4326/2868/707 4327/2869/708 4325/2867/707
f 4330/2872/709 4332/2874/710 4331/2873/710
f 4330/2872/709 4331/2873/710 4329/2871/709
f 4334/2876/711 4336/2878/712 4335/2877/712
f 4334/2876/711 4335/2877/712 4333/2875/711
f 4338/2880/713 4340/2882/714 4339/2881/714
f 4338/2880/713 4339/2881/714 4337/2879/713
f 4342/2884/715 4344/2886/716 4343/2885/716
f 4342/2884/715 4343/2885/716 4341/2883/715
f 4346/2888/717 4348/2890/718 4347/2889/718
f 4346/2888/717 4347/2889/718 4345/2887/717
f 4350/2892/719 4352/2894/720 4351/2893/720
f 4350/2892/719 4351/2893/720 4349/2891/719
f 4354/2896/721 4356/2898/722 4355/2897/722
f 4354/2896/721 4355/2897/722 4353/2895/721
f 4358/2900/723 4360/2902/724 4359/2901/724
f 4358/2900/723 4359/2901/724 4357/2899/723
f 4362/2904/725 4364/2906/726 4363/2905/726
f 4362/2904/725 4363/2905/726 4361/2903/725
f 4366/2908/727 4368/2910/728 4367/2909/728
f 4366/2908/727 4367/2909/728 4365/2907/727
f 4370/2912/729 4372/2914/730 4371/2913/730
f 4370/2912/729 4371/2913/730 4369/2911/729
f 4374/2916/731 4376/2918/732 4375/2917/732
f 4374/2916/731 4375/2917/732 4373/2915/731
f 4378/2920/733 4380/2922/734 4379/2921/734
f 4378/2920/733 4379/2921/734 4377/2919/733
f 4382/2924/735 4384/2926/736 4383/2925/736
f 4382/2924/735 4383/2925/736 4381/2923/735
f 4386/2928/737 4388/2930/738 4387/2929/738
f 4386/2928/737 4387/2929/738 4385/2927/737
f 4390/2932/739 4392/2934/740 4391/2933/740
f 4390/2932/739 4391/2933/740 4389/2931/739
f 4394/2936/741 4396/2938/742 4395/2937/742
f 4394/2936/741 4395/2937/742 4393/2935/741
f 4398/2940/743 4400/2942/744 4399/2941/744
f 4398/2940/743 4399/2941/744 4397/2939/743
f 4402/2944/745 4404/2946/746 4403/2945/746
f 4402/2944/745 4403/2945/746 4401/2943/745
f 4406/2948/747 4408/2950/748 4407/2949/748
f 4406/2948/747 4407/2949/748 4405/2947/747
f 4410/2952/749 4412/2954/750 4411/2953/750
f 4410/2952/749 4411/2953/750 4409/2951/749
f 4414/2956/751 4416/2958/752 4415/2957/752
f 4414/2956/751 4415/2957/752 4413/2955/751
f 4418/2960/753 4420/2962/754 4419/2961/754
f 4418/2960/753 4419/2961/754 4417/2959/753
f 4422/2964/755 4424/2966/756 4423/2965/756
f 4422/2964/755 4423/2965/756 4421/2963/755
f 4426/2968/757 4428/2970/758 4427/2969/758
f 4426/2968/757 4427/2969/758 4425/2967/757
f 4430/2972/759 4432/2974/760 4431/2973/760
f 4430/2972/759 4431/2973/760 4429/2971/759
f 4434/2976/761 4436/2978/762 4435/2977/762
f 4434/2976/761 4435/2977/762 4433/2975/761
f 4438/2980/763 4440/2982/764 4439/2981/764
f 4438/2980/763 4439/2981/764 4437/2979/763
f 4442/2984/765 4444/2986/766 4443/2985/766
f 4442/2984/765 4443/2985/766 4441/2983/765
f 4446/2988/767 4448/2990/768 4447/2989/768
f 4446/2988/767 4447/2989/768 4445/2987/767
f 4450/2992/769 4452/2994/770 4451/2993/770
f 4450/2992/769 4451/2993/770 4449/2991/769
f 4454/2996/771 4456/2998/772 4455/2997/772
f 4454/2996/771 4455/2997/772 4453/2995/771
f 4458/3000/773 4460/3002/774 4459/3001/774
f 4458/3000/773 4459/3001/774 4457/2999/773
f 4462/3004/775 4464/3006/776 4463/3005/776
f 4462/3004/775 4463/3005/776 4461/3003/775
f 4466/3008/777 4468/3010/778 4467/3009/778
f 4466/3008/777 4467/3009/778 4465/3007/777
f 4470/3012/779 4472/3014/780 4471/3013/780
f 4470/3012/779 4471/3013/780 4469/3011/779
f 4474/3016/781 4476/3018/782 4475/3017/782
f 4474/3016/781 4475/3017/782 4473/3015/781
f 4478/3020/783 4480/3022/784 4479/3021/784
f 4478/3020/783 4479/3021/784 4477/3019/783
f 4482/3024/785 4484/3026/786 4483/3025/786
f 4482/3024/785 4483/3025/786 4481/3023/785
f 4486/3028/787 4488/3030/788 4487/3029/788
f 4486/3028/787 4487/3029/788 4485/3027/787
f 4490/3032/789 4492/3034/790 4491/3033/790
f 4490/3032/789 4491/3033/790 4489/3031/789
f 4494/3036/791 4496/3038/792 4495/3037/792
f 4494/3036/791 4495/3037/792 4493/3035/791
f 4498/3040/793 4500/3042/794 4499/3041/794
f 4498/3040/793 4499/3041/794 4497/3039/793
f 4502/3044/795 4504/3046/796 4503/3045/796
f 4502/3044/795 4503/3045/796 4501/3043/795
f 4506/3048/797 4508/3050/798 4507/3049/798
f 4506/3048/797 4507/3049/798 4505/3047/797
f 4510/3052/799 4512/3054/800 4511/3053/800
f 4510/3052/799 4511/3053/800 4509/3051/799
f 4514/3056/801 4516/3058/802 4515/3057/802
f 4514/3056/801 4515/3057/802 4513/3055/801
f 4518/3060/803 4520/3062/804 4519/3061/804
f 4518/3060/803 4519/3061/804 4517/3059/803
f 4522/3064/805 4524/3066/806 4523/3065/806
f 4522/3064/805 4523/3065/806 4521/3063/805
f 4526/3068/807 4528/3070/808 4527/3069/808
f 4526/3068/807 4527/3069/808 4525/3067/807
f 4530/3072/809 4532/3074/810 4531/3073/810
f 4530/3072/809 4531/3073/810 4529/3071/809
f 4534/3076/811 4536/3078/812 4535/3077/812
f 4534/3076/811 4535/3077/812 4533/3075/811
f 4538/3080/813 4540/3082/814 4539/3081/814
f 4538/3080/813 4539/3081/814 4537/3079/813
f 4542/3084/815 4544/3086/816 4543/3085/816
f 4542/3084/815 4543/3085/816 4541/3083/815
f 4546/3088/817 4548/3090/818 4547/3089/818
f 4546/3088/817 4547/3089/818 4545/3087/817
f 4550/3092/819 4552/3094/820 4551/3093/820
f 4550/3092/819 4551/3093/820 4549/3091/819
f 4554/3096/821 4556/3098/822 4555/3097/822
f 4554/3096/821 4555/3097/822 4553/3095/821
f 4558/3100/823 4560/3102/824 4559/3101/824
f 4558/3100/823 4559/3101/824 4557/3099/823
f 4562/3104/825 4564/3106/826 4563/3105/826
f 4562/3104/825 4563/3105/826 4561/3103/825
f 4566/3108/827 4568/3110/828 4567/3109/828
f 4566/3108/827 4567/3109/828 4565/3107/827
f 4570/3112/829 4572/3114/830 4571/3113/830
f 4570/3112/829 4571/3113/830 4569/3111/829
f 4574/3116/831 4576/3118/832 4575/3117/832
f 4574/3116/831 4575/3117/832 4573/3115/831
f 4578/3120/833 4580/3122/834 4579/3121/834
f 4578/3120/833 4579/3121/834 4577/3119/833
f 4582/3124/835 4584/3126/836 4583/3125/836
f 4582/3124/835 4583/3125/836 4581/3123/835
f 4586/3128/837 4588/3130/838 4587/3129/838
f 4586/3128/837 4587/3129/838 4585/3127/837
f 4590/3132/839 4592/3134/840 4591/3133/840
f 4590/3132/839 4591/3133/840 4589/3131/839
f 4594/3136/841 4596/3138/842 4595/3137/842
f 4594/3136/841 4595/3137/842 4593/3135/841
f 4598/3140/843 4600/3142/844 4599/3141/844
f 4598/3140/843 4599/3141/844 4597/3139/843
f 4602/3144/845 4604/3146/846 4603/3145/846
f 4602/3144/845 4603/3145/846 4601/3143/845
f 4606/3148/847 4608/3150/848 4607/3149/848
f 4606/3148/847 4607/3149/848 4605/3147/847
f 4610/3152/849 4612/3154/850 4611/3153/850
f 4610/3152/849 4611/3153/850 4609/3151/849
f 4614/3156/851 4616/3158/852 4615/3157/852
f 4614/3156/851 4615/3157/852 4613/3155/851
f 4618/3160/853 4620/3162/854 4619/3161/854
f 4618/3160/853 4619/3161/854 4617/3159/853
f 4622/3164/855 4624/3166/856 4623/3165/856
f 4622/3164/855 4623/3165/856 4621/3163/855
f 4626/3168/857 4628/3170/858 4627/3169/858
f 4626/3168/857 4627/3169/858 4625/3167/857
f 4630/3172/859 4632/3174/860 4631/3173/860
f 4630/3172/859 4631/3173/860 4629/3171/859
f 4634/3176/861 4636/3178/862 4635/3177/862
f 4634/3176/861 4635/3177/862 4633/3175/861
f 4638/3180/863 4640/3182/864 4639/3181/864
f 4638/3180/863 4639/3181/864 4637/3179/863
f 4642/3184/865 4644/3186/866 4643/3185/866
f 4642/3184/865 4643/3185/866 4641/3183/865
f 4646/3188/867 4648/3190/868 4647/3189/868
f 4646/3188/867 4647/3189/868 4645/3187/867
f 4650/3192/869 4652/3194/870 4651/3193/870
f 4650/3192/869 4651/3193/870 4649/3191/869
f 4654/3196/871 4656/3198/872 4655/3197/872
f 4654/3196/871 4655/3197/872 4653/3195/871
f 4658/3200/873 4660/3202/874 4659/3201/874
f 4658/3200/873 4659/3201/874 4657/3199/873
f 4662/3204/875 4664/3206/876 4663/3205/876
f 4662/3204/875 4663/3205/876 4661/3203/875
f 4666/3208/877 4668/3210/878 4667/3209/878
f 4666/3208/877 4667/3209/878 4665/3207/877
f 4670/3212/879 4672/3214/880 4671/3213/880
f 4670/3212/879 4671/3213/880 4669/3211/879
f 4674/3216/881 4676/3218/882 4675/3217/882
f 4674/3216/881 4675/3217/882 4673/3215/881
f 4678/3220/883 4680/3222/884 4679/3221/884
f 4678/3220/883 4679/3221/884 4677/3219/883
f 4682/3224/885 4684/3226/886 4683/3225/886
f 4682/3224/885 4683/3225/886 4681/3223/885
f 4686/3228/887 4688/3230/888 4687/3229/888
f 4686/3228/887 4687/3229/888 4685/3227/887
f 4690/3232/889 4692/3234/890 4691/3233/890
f 4690/3232/889 4691/3233/890 4689/3231/889
f 4694/3236/891 4696/3238/892 4695/3237/892
f 4694/3236/891 4695/3237/892 4693/3235/891
f 4698/3240/893 4700/3242/894 4699/3241/894
f 4698/3240/893 4699/3241/894 4697/3239/893
f 4702/3244/895 4704/3246/896 4703/3245/896
f 4702/3244/895 4703/3245/896 4701/3243/895
f 4706/3248/897 4708/3250/898 4707/3249/898
f 4706/3248/897 4707/3249/898 4705/3247/897
f 4710/3252/899 4712/3254/900 4711/3253/900
f 4710/3252/899 4711/3253/900 4709/3251/899
f 4714/3256/901 4716/3258/902 4715/3257/902
f 4714/3256/901 4715/3257/902 4713/3255/901
f 4718/3260/903 4720/3262/904 4719/3261/904
f 4718/3260/903 4719/3261/904 4717/3259/903
f 4722/3264/905 4724/3266/906 4723/3265/906
f 4722/3264/905 4723/3265/906 4721/3263/905
f 4726/3268/907 4728/3270/908 4727/3269/908
f 4726/3268/907 4727/3269/908 4725/3267/907
f 4730/3272/909 4732/3274/910 4731/3273/910
f 4730/3272/909 4731/3273/910 4729/3271/909
f 4734/3276/911 4736/3278/912 4735/3277/912
f 4734/3276/911 4735/3277/912 4733/3275/911
f 4738/3280/913 4740/3282/914 4739/3281/914
f 4738/3280/913 4739/3281/914 4737/3279/913
f 4742/3284/915 4744/3286/916 4743/3285/916
f 4742/3284/915 4743/3285/916 4741/3283/915
f 4746/3288/917 4748/3290/918 4747/3289/918
f 4746/3288/917 4747/3289/918 4745/3287/917
f 4750/3292/919 4752/3294/920 4751/3293/920
f 4750/3292/919 4751/3293/920 4749/3291/919
f 4754/3296/921 4756/3298/922 4755/3297/922
f 4754/3296/921 4755/3297/922 4753/3295/921
f 4758/3300/923 4760/3302/924 4759/3301/924
f 4758/3300/923 4759/3301/924 4757/3299/923
f 4762/3304/925 4764/3306/926 4763/3305/926
f 4762/3304/925 4763/3305/926 4761/3303/925
f 4766/3308/927 4768/3310/928 4767/3309/928
f 4766/3308/927 4767/3309/928 4765/3307/927
f 4770/3312/929 4772/3314/930 4771/3313/930
f 4770/3312/929 4771/3313/930 4769/3311/929
f 4774/3316/931 4776/3318/932 4775/3317/932
f 4774/3316/931 4775/3317/932 4773/3315/931
f 4778/3320/933 4780/3322/934 4779/3321/934
f 4778/3320/933 4779/3321/934 4777/3319/933
f 4782/3324/935 4784/3326/936 4783/3325/936
f 4782/3324/935 4783/3325/936 4781/3323/935
f 4786/3328/937 4788/3330/938 4787/3329/938
f 4786/3328/937 4787/3329/938 4785/3327/937
f 4790/3332/939 4792/3334/940 4791/3333/940
f 4790/3332/939 4791/3333/940 4789/3331/939
f 4794/3336/941 4796/3338/942 4795/3337/942
f 4794/3336/941 4795/3337/942 4793/3335/941
f 4798/3340/943 4800/3342/944 4799/3341/944
f 4798/3340/943 4799/3341/944 4797/3339/943
f 4802/3344/945 4804/3346/946 4803/3345/946
f 4802/3344/945 4803/3345/946 4801/3343/945
f 4806/3348/947 4808/3350/948 4807/3349/948
f 4806/3348/947 4807/3349/948 4805/3347/947
f 4810/3352/949 4812/3354/950 4811/3353/950
f 4810/3352/949 4811/3353/950 4809/3351/949
f 4814/3356/951 4816/3358/952 4815/3357/952
f 4814/3356/951 4815/3357/952 4813/3355/951
f 4818/3360/953 4820/3362/954 4819/3361/954
f 4818/3360/953 4819/3361/954 4817/3359/953
f 4822/3364/955 4824/3366/956 4823/3365/956
f 4822/3364/955 4823/3365/956 4821/3363/955
f 4826/3368/957 4828/3370/958 4827/3369/958
f 4826/3368/957 4827/3369/958 4825/3367/957
f 4830/3372/959 4832/3374/960 4831/3373/960
f 4830/3372/959 4831/3373/960 4829/3371/959
f 4834/3376/961 4836/3378/962 4835/3377/962
f 4834/3376/961 4835/3377/962 4833/3375/961
f 4838/3380/963 4840/3382/964 4839/3381/964
f 4838/3380/963 4839/3381/964 4837/3379/963
f 4842/3384/965 4844/3386/966 4843/3385/966
f 4842/3384/965 4843/3385/966 4841/3383/965
f 4846/3388/967 4848/3390/968 4847/3389/968
f 4846/3388/967 4847/3389/968 4845/3387/967
f 4850/3392/969 4852/3394/970 4851/3393/970
f 4850/3392/969 4851/3393/970 4849/3391/969
f 4854/3396/971 4856/3398/972 4855/3397/972
f 4854/3396/971 4855/3397/972 4853/3395/971
f 4858/3400/973 4860/3402/974 4859/3401/974
f 4858/3400/973 4859/3401/974 4857/3399/973
f 4862/3404/975 4864/3406/976 4863/3405/976
f 4862/3404/975 4863/3405/976 4861/3403/975
f 4866/3408/977 4868/3410/978 4867/3409/978
f 4866/3408/977 4867/3409/978 4865/3407/977
f 4870/3412/979 4872/3414/980 4871/3413/980
f 4870/3412/979 4871/3413/980 4869/3411/979
f 4874/3416/981 4876/3418/982 4875/3417/982
f 4874/3416/981 4875/3417/982 4873/3415/981
f 4878/3420/983 4880/3422/984 4879/3421/984
f 4878/3420/983 4879/3421/984 4877/3419/983
f 4882/3424/985 4884/3426/986 4883/3425/986
f 4882/3424/985 4883/3425/986 4881/3423/985
f 4886/3428/987 4888/3430/988 4887/3429/988
f 4886/3428/987 4887/3429/988 4885/3427/987
f 4890/3432/989 4892/3434/990 4891/3433/990
f 4890/3432/989 4891/3433/990 4889/3431/989
f 4894/3436/991 4896/3438/992 4895/3437/992
f 4894/3436/991 4895/3437/992 4893/3435/991
f 4898/3440/993 4900/3442/994 4899/3441/994
f 4898/3440/993 4899/3441/994 4897/3439/993
f 4902/3444/995 4904/3446/996 4903/3445/996
f 4902/3444/995 4903/3445/996 4901/3443/995
f 4906/3448/997 4908/3450/998 4907/3449/998
f 4906/3448/997 4907/3449/998 4905/3447/997
f 4910/3452/999 4912/3454/1000 4911/3453/1000
f 4910/3452/999 4911/3453/1000 4909/3451/999
f 4914/3456/1001 4916/3458/1002 4915/3457/1002
f 4914/3456/1001 4915/3457/1002 4913/3455/1001
f 4918/3460/1003 4920/3462/1004 4919/3461/1004
f 4918/3460/1003 4919/3461/1004 4917/3459/1003
f 4922/3464/1005 4924/3466/1006 4923/3465/1006
f 4922/3464/1005 4923/3465/1006 4921/3463/1005
f 4926/3468/1007 4928/3470/1008 4927/3469/1008
f 4926/3468/1007 4927/3469/1008 4925/3467/1007
f 4930/3472/1009 4932/3474/1010 4931/3473/1010
f 4930/3472/1009 4931/3473/1010 4929/3471/1009
f 4934/3476/1011 4936/3478/1012 4935/3477/1012
f 4934/3476/1011 4935/3477/1012 4933/3475/1011
f 4938/3480/1013 4940/3482/1014 4939/3481/1014
f 4938/3480/1013 4939/3481/1014 4937/3479/1013
f 4942/3484/1015 4944/3486/1016 4943/3485/1016
f 4942/3484/1015 4943/3485/1016 4941/3483/1015
f 4946/3488/1017 4948/3490/1018 4947/3489/1018
f 4946/3488/1017 4947/3489/1018 4945/3487/1017
f 4950/3492/1019 4952/3494/1020 4951/3493/1020
f 4950/3492/1019 4951/3493/1020 4949/3491/1019
f 4954/3496/1021 4956/3498/1022 4955/3497/1022
f 4954/3496/1021 4955/3497/1022 4953/3495/1021
f 4958/3500/1023 4960/3502/1024 4959/3501/1024
f 4958/3500/1023 4959/3501/1024 4957/3499/1023
f 4962/3504/1025 4964/3506/1026 4963/3505/1026
f 4962/3504/1025 4963/3505/1026 4961/3503/1025
f 4966/3508/1027 4968/3510/1028 4967/3509/1028
f 4966/3508/1027 4967/3509/1028 4965/3507/1027
f 4970/3512/1029 4972/3514/1030 4971/3513/1030
f 4970/3512/1029 4971/3513/1030 4969/3511/1029
f 4974/3516/1031 4976/3518/1032 4975/3517/1032
f 4974/3516/1031 4975/3517/1032 4973/3515/1031
f 4978/3520/1033 4980/3522/1034 4979/3521/1034
f 4978/3520/1033 4979/3521/1034 4977/3519/1033
f 4982/3524/1035 4984/3526/1036 4983/3525/1036
f 4982/3524/1035 4983/3525/1036 4981/3523/1035
f 4986/3528/1037 4988/3530/1038 4987/3529/1038
f 4986/3528/1037 4987/3529/1038 4985/3527/1037
f 4990/3532/1039 4992/3534/1040 4991/3533/1040
f 4990/3532/1039 4991/3533/1040 4989/3531/1039
f 4994/3536/1041 4996/3538/1042 4995/3537/1042
f 4994/3536/1041 4995/3537/1042 4993/3535/1041
f 4998/3540/1043 5000/3542/1044 4999/3541/1044
f 4998/3540/1043 4999/3541/1044 4997/3539/1043
f 5002/3544/1045 5004/3546/1046 5003/3545/1046
f 5002/3544/1045 5003/3545/1046 5001/3543/1045
f 5006/3548/1047 5008/3550/1048 5007/3549/1048
f 5006/3548/1047 5007/3549/1048 5005/3547/1047
f 5010/3552/1049 5012/3554/1050 5011/3553/1050
f 5010/3552/1049 5011/3553/1050 5009/3551/1049
f 5014/3556/1051 5016/3558/1052 5015/3557/1052
f 5014/3556/1051 5015/3557/1052 5013/3555/1051
f 5018/3560/1053 5020/3562/1054 5019/3561/1054
f 5018/3560/1053 5019/3561/1054 5017/3559/1053
f 5022/3564/1055 5024/3566/1056 5023/3565/1056
f 5022/3564/1055 5023/3565/1056 5021/3563/1055
f 5026/3568/1057 5028/3570/1058 5027/3569/1058
f 5026/3568/1057 5027/3569/1058 5025/3567/1057
f 5030/3572/1059 5032/3574/1060 5031/3573/1060
f 5030/3572/1059 5031/3573/1060 5029/3571/1059
f 5034/3576/1061 5036/3578/1062 5035/3577/1062
f 5034/3576/1061 5035/3577/1062 5033/3575/1061
f 5038/3580/1063 5040/3582/1064 5039/3581/1064
f 5038/3580/1063 5039/3581/1064 5037/3579/1063
f 5042/3584/1065 5044/3586/1066 5043/3585/1066
f 5042/3584/1065 5043/3585/1066 5041/3583/1065
f 5046/3588/1067 5048/3590/1068 5047/3589/1068
f 5046/3588/1067 5047/3589/1068 5045/3587/1067
f 5050/3592/1069 5052/3594/1070 5051/3593/1070
f 5050/3592/1069 5051/3593/1070 5049/3591/1069
f 5054/3596/1071 5056/3598/1072 5055/3597/1072
f 5054/3596/1071 5055/3597/1072 5053/3595/1071
f 5058/3600/1073 5060/3602/1074 5059/3601/1074
f 5058/3600/1073 5059/3601/1074 5057/3599/1073
f 5062/3604/1075 5064/3606/1076 5063/3605/1076
f 5062/3604/1075 5063/3605/1076 5061/3603/1075
f 5066/3608/1077 5068/3610/1078 5067/3609/1078
f 5066/3608/1077 5067/3609/1078 5065/3607/1077
f 5070/3612/1079 5072/3614/1080 5071/3613/1080
f 5070/3612/1079 5071/3613/1080 5069/3611/1079
f 5074/3616/1081 5076/3618/1082 5075/3617/1082
f 5074/3616/1081 5075/3617/1082 5073/3615/1081
f 5078/3620/1083 5080/3622/1084 5079/3621/1084
f 5078/3620/1083 5079/3621/1084 5077/3619/1083
f 5082/3624/1085 5084/3626/1086 5083/3625/1086
f 5082/3624/1085 5083/3625/1086 5081/3623/1085
f 5086/3628/1087 5088/3630/1088 5087/3629/1088
f 5086/3628/1087 5087/3629/1088 5085/3627/1087
f 5090/3632/1089 5092/3634/1090 5091/3633/1090
f 5090/3632/1089 5091/3633/1090 5089/3631/1089
f 5094/3636/1091 5096/3638/1092 5095/3637/1092
f 5094/3636/1091 5095/3637/1092 5093/3635/1091
f 5098/3640/1093 5100/3642/1094 5099/3641/1094
f 5098/3640/1093 5099/3641/1094 5097/3639/1093
f 5102/3644/1095 5104/3646/1096 5103/3645/1096
f 5102/3644/1095 5103/3645/1096 5101/3643/1095
f 5106/3648/1097 5108/3650/1098 5107/3649/1098
f 5106/3648/1097 5107/3649/1098 5105/3647/1097
f 5110/3652/1099 5112/3654/1100 5111/3653/1100
f 5110/3652/1099 5111/3653/1100 5109/3651/1099
f 5114/3656/1101 5116/3658/1102 5115/3657/1102
f 5114/3656/1101 5115/3657/1102 5113/3655/1101
f 5118/3660/1103 5120/3662/1104 5119/3661/1104
f 5118/3660/1103 5119/3661/1104 5117/3659/1103
f 5122/3664/1105 5124/3666/1106 5123/3665/1106
f 5122/3664/1105 5123/3665/1106 5121/3663/1105
f 5126/3668/1107 5128/3670/1108 5127/3669/1108
f 5126/3668/1107 5127/3669/1108 5125/3667/1107
f 5130/3672/1109 5132/3674/1110 5131/3673/1110
f 5130/3672/1109 5131/3673/1110 5129/3671/1109
f 5134/3676/1111 5136/3678/1112 5135/3677/1112
f 5134/3676/1111 5135/3677/1112 5133/3675/1111
f 5138/3680/1113 5140/3682/1114 5139/3681/1114
f 5138/3680/1113 5139/3681/1114 5137/3679/1113
f 5142/3684/1115 5144/3686/1116 5143/3685/1116
f 5142/3684/1115 5143/3685/1116 5141/3683/1115
f 5146/3688/1117 5148/3690/1118 5147/3689/1118
f 5146/3688/1117 5147/3689/1118 5145/3687/1117
f 5150/3692/1119 5152/3694/1120 5151/3693/1120
f 5150/3692/1119 5151/3693/1120 5149/3691/1119
f 5154/3696/1121 5156/3698/1122 5155/3697/1122
f 5154/3696/1121 5155/3697/1122 5153/3695/1121
f 5158/3700/1123 5160/3702/1124 5159/3701/1124
f 5158/3700/1123 5159/3701/1124 5157/3699/1123
f 5162/3704/1125 5164/3706/1126 5163/3705/1126
f 5162/3704/1125 5163/3705/1126 5161/3703/1125
f 5166/3708/1127 5168/3710/1128 5167/3709/1128
f 5166/3708/1127 5167/3709/1128 5165/3707/1127
f 5170/3712/1129 5172/3714/1130 5171/3713/1130
f 5170/3712/1129 5171/3713/1130 5169/3711/1129
f 5174/3716/1131 5176/3718/1132 5175/3717/1132
f 5174/3716/1131 5175/3717/1132 5173/3715/1131
f 5178/3720/1133 5180/3722/1134 5179/3721/1134
f 5178/3720/1133 5179/3721/1134 5177/3719/1133
f 5182/3724/1135 5184/3726/1136 5183/3725/1136
f 5182/3724/1135 5183/3725/1136 5181/3723/1135
f 5186/3728/1137 5188/3730/1138 5187/3729/1138
f 5186/3728/1137 5187/3729/1138 5185/3727/1137
f 5190/3732/1139 5192/3734/1140 5191/3733/1140
f 5190/3732/1139 5191/3733/1140 5189/3731/1139
f 5194/3736/1141 5196/3738/1142 5195/3737/1142
f 5194/3736/1141 5195/3737/1142 5193/3735/1141
f 5198/3740/1143 5200/3742/1144 5199/3741/1144
f 5198/3740/1143 5199/3741/1144 5197/3739/1143
f 5202/3744/1145 5204/3746/1146 5203/3745/1146
f 5202/3744/1145 5203/3745/1146 5201/3743/1145
f 5206/3748/1147 5208/3750/1148 5207/3749/1148
f 5206/3748/1147 5207/3749/1148 5205/3747/1147
f 5210/3752/1149 5212/3754/1150 5211/3753/1150
f 5210/3752/1149 5211/3753/1150 5209/3751/1149
f 5214/3756/1151 5216/3758/1152 5215/3757/1152
f 5214/3756/1151 5215/3757/1152 5213/3755/1151
f 5218/3760/1153 5220/3762/1154 5219/3761/1154
f 5218/3760/1153 5219/3761/1154 5217/3759/1153
f 5222/3764/1155 5224/3766/1156 5223/3765/1156
f 5222/3764/1155 5223/3765/1156 5221/3763/1155
f 5226/3768/1157 5228/3770/1158 5227/3769/1158
f 5226/3768/1157 5227/3769/1158 5225/3767/1157
f 5230/3772/1159 5232/3774/1160 5231/3773/1160
f 5230/3772/1159 5231/3773/1160 5229/3771/1159
f 5234/3776/1161 5236/3778/1162 5235/3777/1162
f 5234/3776/1161 5235/3777/1162 5233/3775/1161
f 5238/3780/1163 5240/3782/1164 5239/3781/1164
f 5238/3780/1163 5239/3781/1164 5237/3779/1163
f 5242/3784/1165 5244/3786/1166 5243/3785/1166
f 5242/3784/1165 5243/3785/1166 5241/3783/1165
f 5246/3788/1167 5248/3790/1168 5247/3789/1168
f 5246/3788/1167 5247/3789/1168 5245/3787/1167
f 5250/3792/1169 5252/3794/1170 5251/3793/1170
f 5250/3792/1169 5251/3793/1170 5249/3791/1169
f 5254/3796/1171 5256/3798/1172 5255/3797/1172
f 5254/3796/1171 5255/3797/1172 5253/3795/1171
f 5258/3800/1173 5260/3802/1174 5259/3801/1174
f 5258/3800/1173 5259/3801/1174 5257/3799/1173
f 5262/3804/1175 5264/3806/1176 5263/3805/1176
f 5262/3804/1175 5263/3805/1176 5261/3803/1175
f 5266/3808/1177 5268/3810/1178 5267/3809/1178
f 5266/3808/1177 5267/3809/1178 5265/3807/1177
f 5270/3812/1179 5272/3814/1180 5271/3813/1180
f 5270/3812/1179 5271/3813/1180 5269/3811/1179
f 5274/3816/1181 5276/3818/1182 5275/3817/1182
f 5274/3816/1181 5275/3817/1182 5273/3815/1181
f 5278/3820/1183 5280/3822/1184 5279/3821/1184
f 5278/3820/1183 5279/3821/1184 5277/3819/1183
f 5282/3824/1185 5284/3826/1186 5283/3825/1186
f 5282/3824/1185 5283/3825/1186 5281/3823/1185
f 5286/3828/1187 5288/3830/1188 5287/3829/1188
f 5286/3828/1187 5287/3829/1188 5285/3827/1187
f 5290/3832/1189 5292/3834/1190 5291/3833/1190
f 5290/3832/1189 5291/3833/1190 5289/3831/1189
f 5294/3836/1191 5296/3838/1192 5295/3837/1192
f 5294/3836/1191 5295/3837/1192 5293/3835/1191
f 5298/3840/1193 5300/3842/1194 5299/3841/1194
f 5298/3840/1193 5299/3841/1194 5297/3839/1193
f 5302/3844/1195 5304/3846/1196 5303/3845/1196
f 5302/3844/1195 5303/3845/1196 5301/3843/1195
f 5306/3848/1197 5308/3850/1198 5307/3849/1198
f 5306/3848/1197 5307/3849/1198 5305/3847/1197
f 5310/3852/1199 5312/3854/1200 5311/3853/1200
f 5310/3852/1199 5311/3853/1200 5309/3851/1199
f 5314/3856/1201 5316/3858/1202 5315/3857/1202
f 5314/3856/1201 5315/3857/1202 5313/3855/1201
f 5318/3860/1203 5320/3862/1204 5319/3861/1204
f 5318/3860/1203 5319/3861/1204 5317/3859/1203
f 5322/3864/1205 5324/3866/1206 5323/3865/1206
f 5322/3864/1205 5323/3865/1206 5321/3863/1205
f 5326/3868/1207 5328/3870/1208 5327/3869/1208
f 5326/3868/1207 5327/3869/1208 5325/3867/1207
f 5330/3872/1209 5332/3874/1210 5331/3873/1210
f 5330/3872/1209 5331/3873/1210 5329/3871/1209
f 5334/3876/1211 5336/3878/1212 5335/3877/1212
f 5334/3876/1211 5335/3877/1212 5333/3875/1211
f 5338/3880/1213 5340/3882/1214 5339/3881/1214
f 5338/3880/1213 5339/3881/1214 5337/3879/1213
f 5342/3884/1215 5344/3886/1216 5343/3885/1216
f 5342/3884/1215 5343/3885/1216 5341/3883/1215
f 5346/3888/1217 5348/3890/1218 5347/3889/1218
f 5346/3888/1217 5347/3889/1218 5345/3887/1217
f 5350/3892/1219 5352/3894/1220 5351/3893/1220
f 5350/3892/1219 5351/3893/1220 5349/3891/1219
f 5354/3896/1221 5356/3898/1222 5355/3897/1222
f 5354/3896/1221 5355/3897/1222 5353/3895/1221
f 5358/3900/1223 5360/3902/1224 5359/3901/1224
f 5358/3900/1223 5359/3901/1224 5357/3899/1223
f 5362/3904/1225 5364/3906/1226 5363/3905/1226
f 5362/3904/1225 5363/3905/1226 5361/3903/1225
f 5366/3908/1227 5368/3910/1228 5367/3909/1228
f 5366/3908/1227 5367/3909/1228 5365/3907/1227
f 5370/3912/1229 5372/3914/1230 5371/3913/1230
f 5370/3912/1229 5371/3913/1230 5369/3911/1229
f 5374/3916/1231 5376/3918/1232 5375/3917/1232
f 5374/3916/1231 5375/3917/1232 5373/3915/1231
f 5378/3920/1233 5380/3922/1234 5379/3921/1234
f 5378/3920/1233 5379/3921/1234 5377/3919/1233
f 5382/3924/1235 5384/3926/1236 5383/3925/1236
f 5382/3924/1235 5383/3925/1236 5381/3923/1235
f 5386/3928/1237 5388/3930/1238 5387/3929/1238
f 5386/3928/1237 5387/3929/1238 5385/3927/1237
f 5390/3932/1239 5392/3934/1240 5391/3933/1240
f 5390/3932/1239 5391/3933/1240 5389/3931/1239
f 5394/3936/1241 5396/3938/1242 5395/3937/1242
f 5394/3936/1241 5395/3937/1242 5393/3935/1241
f 5398/3940/1243 5400/3942/1244 5399/3941/1244
f 5398/3940/1243 5399/3941/1244 5397/3939/1243
f 5402/3944/1245 5404/3946/1246 5403/3945/1246
f 5402/3944/1245 5403/3945/1246 5401/3943/1245
f 5406/3948/1247 5408/3950/1248 5407/3949/1248
f 5406/3948/1247 5407/3949/1248 5405/3947/1247
f 5410/3952/1249 5412/3954/1250 5411/3953/1250
f 5410/3952/1249 5411/3953/1250 5409/3951/1249
f 5414/3956/1251 5416/3958/1252 5415/3957/1252
f 5414/3956/1251 5415/3957/1252 5413/3955/1251
f 5418/3960/1253 5420/3962/1254 5419/3961/1254
f 5418/3960/1253 5419/3961/1254 5417/3959/1253
f 5422/3964/1255 5424/3966/1256 5423/3965/1256
f 5422/3964/1255 5423/3965/1256 5421/3963/1255
f 5426/3968/1257 5428/3970/1258 5427/3969/1258
f 5426/3968/1257 5427/3969/1258 5425/3967/1257
f 5430/3972/1259 5432/3974/1260 5431/3973/1260
f 5430/3972/1259 5431/3973/1260 5429/3971/1259
f 5434/3976/1261 5436/3978/1262 5435/3977/1262
f 5434/3976/1261 5435/3977/1262 5433/3975/1261
f 5438/3980/1263 5440/3982/1264 5439/3981/1264
f 5438/3980/1263 5439/3981/1264 5437/3979/1263
f 5442/3984/1265 5444/3986/1266 5443/3985/1266
f 5442/3984/1265 5443/3985/1266 5441/3983/1265
f 5446/3988/1267 5448/3990/1268 5447/3989/1268
f 5446/3988/1267 5447/3989/1268 5445/3987/1267
f 5450/3992/1269 5452/3994/1270 5451/3993/1270
f 5450/3992/1269 5451/3993/1270 5449/3991/1269
f 5454/3996/1271 5456/3998/1272 5455/3997/1272
f 5454/3996/1271 5455/3997/1272 5453/3995/1271
f 5458/4000/1273 5460/4002/1274 5459/4001/1274
f 5458/4000/1273 5459/4001/1274 5457/3999/1273
f 5462/4004/1275 5464/4006/1276 5463/4005/1276
f 5462/4004/1275 5463/4005/1276 5461/4003/1275
f 5466/4008/1277 5468/4010/1278 5467/4009/1278
f 5466/4008/1277 5467/4009/1278 5465/4007/1277
f 5470/4012/1279 5472/4014/1280 5471/4013/1280
f 5470/4012/1279 5471/4013/1280 5469/4011/1279
f 5474/4016/1281 5476/4018/1282 5475/4017/1282
f 5474/4016/1281 5475/4017/1282 5473/4015/1281
f 5478/4020/1283 5480/4022/1284 5479/4021/1284
f 5478/4020/1283 5479/4021/1284 5477/4019/1283
f 5482/4024/1285 5484/4026/1286 5483/4025/1286
f 5482/4024/1285 5483/4025/1286 5481/4023/1285
f 5486/4028/1287 5488/4030/1288 5487/4029/1288
f 5486/4028/1287 5487/4029/1288 5485/4027/1287
f 5490/4032/1289 5492/4034/1290 5491/4033/1290
f 5490/4032/1289 5491/4033/1290 5489/4031/1289
f 5494/4036/1291 5496/4038/1292 5495/4037/1292
f 5494/4036/1291 5495/4037/1292 5493/4035/1291
f 5498/4040/1293 5500/4042/1294 5499/4041/1294
f 5498/4040/1293 5499/4041/1294 5497/4039/1293
f 5502/4044/1295 5504/4046/1296 5503/4045/1296
f 5502/4044/1295 5503/4045/1296 5501/4043/1295
f 5506/4048/1297 5508/4050/1298 5507/4049/1298
f 5506/4048/1297 5507/4049/1298 5505/4047/1297
f 5510/4052/1299 5512/4054/1300 5511/4053/1300
f 5510/4052/1299 5511/4053/1300 5509/4051/1299
f 5514/4056/1301 5516/4058/1302 5515/4057/1302
f 5514/4056/1301 5515/4057/1302 5513/4055/1301
f 5518/4060/1303 5520/4062/1304 5519/4061/1304
f 5518/4060/1303 5519/4061/1304 5517/4059/1303
f 5522/4064/1305 5524/4066/1306 5523/4065/1306
f 5522/4064/1305 5523/4065/1306 5521/4063/1305
f 5526/4068/1307 5528/4070/1308 5527/4069/1308
f 5526/4068/1307 5527/4069/1308 5525/4067/1307
f 5530/4072/1309 5532/4074/1310 5531/4073/1310
f 5530/4072/1309 5531/4073/1310 5529/4071/1309
f 5534/4076/1311 5536/4078/1312 5535/4077/1312
f 5534/4076/1311 5535/4077/1312 5533/4075/1311
f 5538/4080/1313 5540/4082/1314 5539/4081/1314
f 5538/4080/1313 5539/4081/1314 5537/4079/1313
f 5542/4084/1315 5544/4086/1316 5543/4085/1316
f 5542/4084/1315 5543/4085/1316 5541/4083/1315
f 5546/4088/1317 5548/4090/1318 5547/4089/1318
f 5546/4088/1317 5547/4089/1318 5545/4087/1317
f 5550/4092/1319 5552/4094/1320 5551/4093/1320
f 5550/4092/1319 5551/4093/1320 5549/4091/1319
f 5554/4096/1321 5556/4098/1322 5555/4097/1322
f 5554/4096/1321 5555/4097/1322 5553/4095/1321
f 5558/4100/1323 5560/4102/1324 5559/4101/1324
f 5558/4100/1323 5559/4101/1324 5557/4099/1323
f 5562/4104/1325 5564/4106/1326 5563/4105/1326
f 5562/4104/1325 5563/4105/1326 5561/4103/1325
f 5566/4108/1327 5568/4110/1328 5567/4109/1328
f 5566/4108/1327 5567/4109/1328 5565/4107/1327
f 5570/4112/1329 5572/4114/1330 5571/4113/1330
f 5570/4112/1329 5571/4113/1330 5569/4111/1329
f 5574/4116/1331 5576/4118/1332 5575/4117/1332
f 5574/4116/1331 5575/4117/1332 5573/4115/1331
f 5578/4120/1333 5580/4122/1334 5579/4121/1334
f 5578/4120/1333 5579/4121/1334 5577/4119/1333
f 5582/4124/1335 5584/4126/1336 5583/4125/1336
f 5582/4124/1335 5583/4125/1336 5581/4123/1335
f 5586/4128/1337 5588/4130/1338 5587/4129/1338
f 5586/4128/1337 5587/4129/1338 5585/4127/1337
f 5590/4132/1339 5592/4134/1340 5591/4133/1340
f 5590/4132/1339 5591/4133/1340 5589/4131/1339
f 5594/4136/1341 5596/4138/1342 5595/4137/1342
f 5594/4136/1341 5595/4137/1342 5593/4135/1341
f 5598/4140/1343 5600/4142/1344 5599/4141/1344
f 5598/4140/1343 5599/4141/1344 5597/4139/1343
f 5602/4144/1345 5604/4146/1346 5603/4145/1346
f 5602/4144/1345 5603/4145/1346 5601/4143/1345
f 5606/4148/1347 5608/4150/1348 5607/4149/1348
f 5606/4148/1347 5607/4149/1348 5605/4147/1347
f 5610/4152/1349 5612/4154/1350 5611/4153/1350
f 5610/4152/1349 5611/4153/1350 5609/4151/1349
f 5614/4156/1351 5616/4158/1352 5615/4157/1352
f 5614/4156/1351 5615/4157/1352 5613/4155/1351
f 5618/4160/1353 5620/4162/1354 5619/4161/1354
f 5618/4160/1353 5619/4161/1354 5617/4159/1353
f 5622/4164/1355 5624/4166/1356 5623/4165/1356
f 5622/4164/1355 5623/4165/1356 5621/4163/1355
f 5626/4168/1357 5628/4170/1358 5627/4169/1358
f 5626/4168/1357 5627/4169/1358 5625/4167/1357
f 5630/4172/1359 5632/4174/1360 5631/4173/1360
f 5630/4172/1359 5631/4173/1360 5629/4171/1359
f 5634/4176/1361 5636/4178/1362 5635/4177/1362
f 5634/4176/1361 5635/4177/1362 5633/4175/1361
f 5638/4180/1363 5640/4182/1364 5639/4181/1364
f 5638/4180/1363 5639/4181/1364 5637/4179/1363
f 5642/4184/1365 5644/4186/1366 5643/4185/1366
f 5642/4184/1365 5643/4185/1366 5641/4183/1365
f 5646/4188/1367 5648/4190/1368 5647/4189/1368
f 5646/4188/1367 5647/4189/1368 5645/4187/1367
f 5650/4192/1369 5652/4194/1370 5651/4193/1370
f 5650/4192/1369 5651/4193/1370 5649/4191/1369
f 5654/4196/1371 5656/4198/1372 5655/4197/1372
f 5654/4196/1371 5655/4197/1372 5653/4195/1371
f 5658/4200/1373 5660/4202/1374 5659/4201/1374
f 5658/4200/1373 5659/4201/1374 5657/4199/1373
f 5662/4204/1375 5664/4206/1376 5663/4205/1376
f 5662/4204/1375 5663/4205/1376 5661/4203/1375
f 5666/4208/1377 5668/4210/1378 5667/4209/1378
f 5666/4208/1377 5667/4209/1378 5665/4207/1377
f 5670/4212/1379 5672/4214/1380 5671/4213/1380
f 5670/4212/1379 5671/4213/1380 5669/4211/1379
f 5674/4216/1381 5676/4218/1382 5675/4217/1382
f 5674/4216/1381 5675/4217/1382 5673/4215/1381
f 5678/4220/1383 5680/4222/1384 5679/4221/1384
f 5678/4220/1383 5679/4221/1384 5677/4219/1383
f 5682/4224/1385 5684/4226/1386 5683/4225/1386
f 5682/4224/1385 5683/4225/1386 5681/4223/1385
f 5686/4228/1387 5688/4230/1388 5687/4229/1388
f 5686/4228/1387 5687/4229/1388 5685/4227/1387
f 5690/4232/1389 5692/4234/1390 5691/4233/1390
f 5690/4232/1389 5691/4233/1390 5689/4231/1389
f 5694/4236/1391 5696/4238/1392 5695/4237/1392
f 5694/4236/1391 5695/4237/1392 5693/4235/1391
f 5698/4240/1393 5700/4242/1394 5699/4241/1394
f 5698/4240/1393 5699/4241/1394 5697/4239/1393
f 5702/4244/1395 5704/4246/1396 5703/4245/1396
f 5702/4244/1395 5703/4245/1396 5701/4243/1395
f 5706/4248/1397 5708/4250/1398 5707/4249/1398
f 5706/4248/1397 5707/4249/1398 5705/4247/1397
f 5710/4252/1399 5712/4254/1400 5711/4253/1400
f 5710/4252/1399 5711/4253/1400 5709/4251/1399
f 5714/4256/1401 5716/4258/1402 5715/4257/1402
f 5714/4256/1401 5715/4257/1402 5713/4255/1401
f 5718/4260/1403 5720/4262/1404 5719/4261/1404
f 5718/4260/1403 5719/4261/1404 5717/4259/1403
f 5722/4264/1405 5724/4266/1406 5723/4265/1406
f 5722/4264/1405 5723/4265/1406 5721/4263/1405
f 5726/4268/1407 5728/4270/1408 5727/4269/1408
f 5726/4268/1407 5727/4269/1408 5725/4267/1407
f 5730/4272/1409 5732/4274/1410 5731/4273/1410
f 5730/4272/1409 5731/4273/1410 5729/4271/1409
f 5734/4276/1411 5736/4278/1412 5735/4277/1412
f 5734/4276/1411 5735/4277/1412 5733/4275/1411
f 5738/4280/1413 5740/4282/1414 5739/4281/1414
f 5738/4280/1413 5739/4281/1414 5737/4279/1413
f 5742/4284/1415 5744/4286/1416 5743/4285/1416
f 5742/4284/1415 5743/4285/1416 5741/4283/1415
f 5746/4288/1417 5748/4290/1418 5747/4289/1418
f 5746/4288/1417 5747/4289/1418 5745/4287/1417
f 5750/4292/1419 5752/4294/1420 5751/4293/1420
f 5750/4292/1419 5751/4293/1420 5749/4291/1419
f 5754/4296/1421 5756/4298/1422 5755/4297/1422
f 5754/4296/1421 5755/4297/1422 5753/4295/1421
f 5758/4300/1423 5760/4302/1424 5759/4301/1424
f 5758/4300/1423 5759/4301/1424 5757/4299/1423
f 5762/4304/1425 5764/4306/1426 5763/4305/1426
f 5762/4304/1425 5763/4305/1426 5761/4303/1425
f 5766/4308/1427 5768/4310/1428 5767/4309/1428
f 5766/4308/1427 5767/4309/1428 5765/4307/1427
f 5770/4312/1429 5772/4314/1430 5771/4313/1430
f 5770/4312/1429 5771/4313/1430 5769/4311/1429
f 5774/4316/1431 5776/4318/1432 5775/4317/1432
f 5774/4316/1431 5775/4317/1432 5773/4315/1431
f 5778/4320/1433 5780/4322/1434 5779/4321/1434
f 5778/4320/1433 5779/4321/1434 5777/4319/1433
f 5782/4324/1435 5784/4326/1436 5783/4325/1436
f 5782/4324/1435 5783/4325/1436 5781/4323/1435
f 5786/4328/1437 5788/4330/1438 5787/4329/1438
f 5786/4328/1437 5787/4329/1438 5785/4327/1437
f 5790/4332/1439 5792/4334/1440 5791/4333/1440
f 5790/4332/1439 5791/4333/1440 5789/4331/1439
f 5794/4336/1441 5796/4338/1442 5795/4337/1442
f 5794/4336/1441 5795/4337/1442 5793/4335/1441
f 5798/4340/1443 5800/4342/1444 5799/4341/1444
f 5798/4340/1443 5799/4341/1444 5797/4339/1443
f 5802/4344/1445 5804/4346/1446 5803/4345/1446
f 5802/4344/1445 5803/4345/1446 5801/4343/1445
f 5806/4348/1447 5808/4350/1448 5807/4349/1448
f 5806/4348/1447 5807/4349/1448 5805/4347/1447
f 5810/4352/1449 5812/4354/1450 5811/4353/1450
f 5810/4352/1449 5811/4353/1450 5809/4351/1449
f 5814/4356/1451 5816/4358/1452 5815/4357/1452
f 5814/4356/1451 5815/4357/1452 5813/4355/1451
f 5818/4360/1453 5820/4362/1454 5819/4361/1454
f 5818/4360/1453 5819/4361/1454 5817/4359/1453
f 5822/4364/1455 5824/4366/1456 5823/4365/1456
f 5822/4364/1455 5823/4365/1456 5821/4363/1455
f 5826/4368/1457 5828/4370/1458 5827/4369/1458
f 5826/4368/1457 5827/4369/1458 5825/4367/1457
f 5830/4372/1459 5832/4374/1460 5831/4373/1460
f 5830/4372/1459 5831/4373/1460 5829/4371/1459
f 5834/4376/1461 5836/4378/1462 5835/4377/1462
f 5834/4376/1461 5835/4377/1462 5833/4375/1461
f 5838/4380/1463 5840/4382/1464 5839/4381/1464
f 5838/4380/1463 5839/4381/1464 5837/4379/1463
f 5842/4384/1465 5844/4386/1466 5843/4385/1466
f 5842/4384/1465 5843/4385/1466 5841/4383/1465
f 5846/4388/1467 5848/4390/1468 5847/4389/1468
f 5846/4388/1467 5847/4389/1468 5845/4387/1467
f 5850/4392/1469 5852/4394/1470 5851/4393/1470
f 5850/4392/1469 5851/4393/1470 5849/4391/1469
f 5854/4396/1471 5856/4398/1472 5855/4397/1472
f 5854/4396/1471 5855/4397/1472 5853/4395/1471
f 5858/4400/1473 5860/4402/1474 5859/4401/1474
f 5858/4400/1473 5859/4401/1474 5857/4399/1473
f 5862/4404/1475 5864/4406/1476 5863/4405/1476
f 5862/4404/1475 5863/4405/1476 5861/4403/1475
f 5866/4408/1477 5868/4410/1478 5867/4409/1478
f 5866/4408/1477 5867/4409/1478 5865/4407/1477
f 5870/4412/1479 5872/4414/1480 5871/4413/1480
f 5870/4412/1479 5871/4413/1480 5869/4411/1479
f 5874/4416/1481 5876/4418/1482 5875/4417/1482
f 5874/4416/1481 5875/4417/1482 5873/4415/1481
f 5878/4420/1483 5880/4422/1484 5879/4421/1484
f 5878/4420/1483 5879/4421/1484 5877/4419/1483
f 5882/4424/1485 5884/4426/1486 5883/4425/1486
f 5882/4424/1485 5883/4425/1486 5881/4423/1485
f 5886/4428/1487 5888/4430/1488 5887/4429/1488
f 5886/4428/1487 5887/4429/1488 5885/4427/1487
f 5890/4432/1489 5892/4434/1490 5891/4433/1490
f 5890/4432/1489 5891/4433/1490 5889/4431/1489
f 5894/4436/1491 5896/4438/1492 5895/4437/1492
f 5894/4436/1491 5895/4437/1492 5893/4435/1491
f 5898/4440/1493 5900/4442/1494 5899/4441/1494
f 5898/4440/1493 5899/4441/1494 5897/4439/1493
f 5902/4444/1495 5904/4446/1496 5903/4445/1496
f 5902/4444/1495 5903/4445/1496 5901/4443/1495
f 5906/4448/1497 5908/4450/1498 5907/4449/1498
f 5906/4448/1497 5907/4449/1498 5905/4447/1497
f 5910/4452/1499 5912/4454/1500 5911/4453/1500
f 5910/4452/1499 5911/4453/1500 5909/4451/1499
f 5914/4456/1501 5916/4458/1502 5915/4457/1502
f 5914/4456/1501 5915/4457/1502 5913/4455/1501
f 5918/4460/1503 5920/4462/1504 5919/4461/1504
f 5918/4460/1503 5919/4461/1504 5917/4459/1503
f 5922/4464/1505 5924/4466/1506 5923/4465/1506
f 5922/4464/1505 5923/4465/1506 5921/4463/1505
f 5926/4468/1507 5928/4470/1508 5927/4469/1508
f 5926/4468/1507 5927/4469/1508 5925/4467/1507
f 5930/4472/1509 5932/4474/1510 5931/4473/1510
f 5930/4472/1509 5931/4473/1510 5929/4471/1509
f 5934/4476/1511 5936/4478/1512 5935/4477/1512
f 5934/4476/1511 5935/4477/1512 5933/4475/1511
f 5938/4480/1513 5940/4482/1514 5939/4481/1514
f 5938/4480/1513 5939/4481/1514 5937/4479/1513
f 5942/4484/1515 5944/4486/1516 5943/4485/1516
f 5942/4484/1515 5943/4485/1516 5941/4483/1515
f 5946/4488/1517 5948/4490/1518 5947/4489/1518
f 5946/4488/1517 5947/4489/1518 5945/4487/1517
f 5950/4492/1519 5952/4494/1520 5951/4493/1520
f 5950/4492/1519 5951/4493/1520 5949/4491/1519
f 5954/4496/1521 5956/4498/1522 5955/4497/1522
f 5954/4496/1521 5955/4497/1522 5953/4495/1521
f 5958/4500/1523 5960/4502/1524 5959/4501/1524
f 5958/4500/1523 5959/4501/1524 5957/4499/1523
f 5962/4504/1525 5964/4506/1526 5963/4505/1526
f 5962/4504/1525 5963/4505/1526 5961/4503/1525
f 5966/4508/1527 5968/4510/1528 5967/4509/1528
f 5966/4508/1527 5967/4509/1528 5965/4507/1527
f 5970/4512/1529 5972/4514/1530 5971/4513/1530
f 5970/4512/1529 5971/4513/1530 5969/4511/1529
f 5974/4516/1531 5976/4518/1532 5975/4517/1532
f 5974/4516/1531 5975/4517/1532 5973/4515/1531
f 5978/4520/1533 5980/4522/1534 5979/4521/1534
f 5978/4520/1533 5979/4521/1534 5977/4519/1533
f 5982/4524/1535 5984/4526/1536 5983/4525/1536
f 5982/4524/1535 5983/4525/1536 5981/4523/1535
f 5986/4528/1537 5988/4530/1538 5987/4529/1538
f 5986/4528/1537 5987/4529/1538 5985/4527/1537
f 5990/4532/1539 5992/4534/1540 5991/4533/1540
f 5990/4532/1539 5991/4533/1540 5989/4531/1539
f 5994/4536/1541 5996/4538/1542 5995/4537/1542
f 5994/4536/1541 5995/4537/1542 5993/4535/1541
f 5998/4540/1543 6000/4542/1544 5999/4541/1544
f 5998/4540/1543 5999/4541/1544 5997/4539/1543
f 6002/4544/1545 6004/4546/1546 6003/4545/1546
f 6002/4544/1545 6003/4545/1546 6001/4543/1545
f 6006/4548/1547 6008/4550/1548 6007/4549/1548
f 6006/4548/1547 6007/4549/1548 6005/4547/1547
f 6010/4552/1549 6012/4554/1550 6011/4553/1550
f 6010/4552/1549 6011/4553/1550 6009/4551/1549
f 6014/4556/1551 6016/4558/1552 6015/4557/1552
f 6014/4556/1551 6015/4557/1552 6013/4555/1551
f 6018/4560/1553 6020/4562/1554 6019/4561/1554
f 6018/4560/1553 6019/4561/1554 6017/4559/1553
f 6022/4564/1555 6024/4566/1556 6023/4565/1556
f 6022/4564/1555 6023/4565/1556 6021/4563/1555
f 6026/4568/1557 6028/4570/1558 6027/4569/1558
f 6026/4568/1557 6027/4569/1558 6025/4567/1557
f 6030/4572/1559 6032/4574/1560 6031/4573/1560
f 6030/4572/1559 6031/4573/1560 6029/4571/1559
f 6034/4576/1561 6036/4578/1562 6035/4577/1562
f 6034/4576/1561 6035/4577/1562 6033/4575/1561
f 6038/4580/1563 6040/4582/1564 6039/4581/1564
f 6038/4580/1563 6039/4581/1564 6037/4579/1563
f 6042/4584/1565 6044/4586/1566 6043/4585/1566
f 6042/4584/1565 6043/4585/1566 6041/4583/1565
f 6046/4588/1567 6048/4590/1568 6047/4589/1568
f 6046/4588/1567 6047/4589/1568 6045/4587/1567
f 6050/4592/1569 6052/4594/1570 6051/4593/1570
f 6050/4592/1569 6051/4593/1570 6049/4591/1569
f 6054/4596/1571 6056/4598/1572 6055/4597/1572
f 6054/4596/1571 6055/4597/1572 6053/4595/1571
f 6058/4600/1573 6060/4602/1574 6059/4601/1574
f 6058/4600/1573 6059/4601/1574 6057/4599/1573
f 6062/4604/1575 6064/4606/1576 6063/4605/1576
f 6062/4604/1575 6063/4605/1576 6061/4603/1575
f 6066/4608/1577 6068/4610/1578 6067/4609/1578
f 6066/4608/1577 6067/4609/1578 6065/4607/1577
f 6070/4612/1579 6072/4614/1580 6071/4613/1580
f 6070/4612/1579 6071/4613/1580 6069/4611/1579
f 6074/4616/1581 6076/4618/1582 6075/4617/1582
f 6074/4616/1581 6075/4617/1582 6073/4615/1581
f 6078/4620/1583 6080/4622/1584 6079/4621/1584
f 6078/4620/1583 6079/4621/1584 6077/4619/1583
f 6082/4624/1585 6084/4626/1586 6083/4625/1586
f 6082/4624/1585 6083/4625/1586 6081/4623/1585
f 6086/4628/1587 6088/4630/1588 6087/4629/1588
f 6086/4628/1587 6087/4629/1588 6085/4627/1587
f 6090/4632/1589 6092/4634/1590 6091/4633/1590
f 6090/4632/1589 6091/4633/1590 6089/4631/1589
f 6094/4636/1591 6096/4638/1592 6095/4637/1592
f 6094/4636/1591 6095/4637/1592 6093/4635/1591
f 6098/4640/1593 6100/4642/1594 6099/4641/1594
f 6098/4640/1593 6099/4641/1594 6097/4639/1593
f 6102/4644/1595 6104/4646/1596 6103/4645/1596
f 6102/4644/1595 6103/4645/1596 6101/4643/1595
f 6106/4648/1597 6108/4650/1598 6107/4649/1598
f 6106/4648/1597 6107/4649/1598 6105/4647/1597
f 6110/4652/1599 6112/4654/1600 6111/4653/1600
f 6110/4652/1599 6111/4653/1600 6109/4651/1599
f 6114/4656/1601 6116/4658/1602 6115/4657/1602
f 6114/4656/1601 6115/4657/1602 6113/4655/1601
f 6118/4660/1603 6120/4662/1604 6119/4661/1604
f 6118/4660/1603 6119/4661/1604 6117/4659/1603
f 6122/4664/1605 6124/4666/1606 6123/4665/1606
f 6122/4664/1605 6123/4665/1606 6121/4663/1605
f 6126/4668/1607 6128/4670/1608 6127/4669/1608
f 6126/4668/1607 6127/4669/1608 6125/4667/1607
f 6130/4672/1609 6132/4674/1610 6131/4673/1610
f 6130/4672/1609 6131/4673/1610 6129/4671/1609
f 6134/4676/1611 6136/4678/1612 6135/4677/1612
f 6134/4676/1611 6135/4677/1612 6133/4675/1611
f 6138/4680/1613 6140/4682/1614 6139/4681/1614
f 6138/4680/1613 6139/4681/1614 6137/4679/1613
f 6142/4684/1615 6144/4686/1616 6143/4685/1616
f 6142/4684/1615 6143/4685/1616 6141/4683/1615
f 6146/4688/1617 6148/4690/1618 6147/4689/1618
f 6146/4688/1617 6147/4689/1618 6145/4687/1617
f 6150/4692/1619 6152/4694/1620 6151/4693/1620
f 6150/4692/1619 6151/4693/1620 6149/4691/1619
f 6154/4696/1621 6156/4698/1622 6155/4697/1622
f 6154/4696/1621 6155/4697/1622 6153/4695/1621
f 6158/4700/1623 6160/4702/1624 6159/4701/1624
f 6158/4700/1623 6159/4701/1624 6157/4699/1623
f 6162/4704/1625 6164/4706/1626 6163/4705/1626
f 6162/4704/1625 6163/4705/1626 6161/4703/1625
f 6166/4708/1627 6168/4710/1628 6167/4709/1628
f 6166/4708/1627 6167/4709/1628 6165/4707/1627
f 6170/4712/1629 6172/4714/1630 6171/4713/1630
f 6170/4712/1629 6171/4713/1630 6169/4711/1629
f 6174/4716/1631 6176/4718/1632 6175/4717/1632
f 6174/4716/1631 6175/4717/1632 6173/4715/1631
f 6178/4720/1633 6180/4722/1634 6179/4721/1634
f 6178/4720/1633 6179/4721/1634 6177/4719/1633
f 6182/4724/1635 6184/4726/1636 6183/4725/1636
f 6182/4724/1635 6183/4725/1636 6181/4723/1635
f 6186/4728/1637 6188/4730/1638 6187/4729/1638
f 6186/4728/1637 6187/4729/1638 6185/4727/1637
f 6190/4732/1639 6192/4734/1640 6191/4733/1640
f 6190/4732/1639 6191/4733/1640 6189/4731/1639
f 6194/4736/1641 6196/4738/1642 6195/4737/1642
f 6194/4736/1641 6195/4737/1642 6193/4735/1641
f 6198/4740/1643 6200/4742/1644 6199/4741/1644
f 6198/4740/1643 6199/4741/1644 6197/4739/1643
f 6202/4744/1645 6204/4746/1646 6203/4745/1646
f 6202/4744/1645 6203/4745/1646 6201/4743/1645
f 6206/4748/1647 6208/4750/1648 6207/4749/1648
f 6206/4748/1647 6207/4749/1648 6205/4747/1647
f 6210/4752/1649 6212/4754/1650 6211/4753/1650
f 6210/4752/1649 6211/4753/1650 6209/4751/1649
f 6214/4756/1651 6216/4758/1652 6215/4757/1652
f 6214/4756/1651 6215/4757/1652 6213/4755/1651
f 6218/4760/1653 6220/4762/1654 6219/4761/1654
f 6218/4760/1653 6219/4761/1654 6217/4759/1653
f 6222/4764/1655 6224/4766/1656 6223/4765/1656
f 6222/4764/1655 6223/4765/1656 6221/4763/1655
f 6226/4768/1657 6228/4770/1658 6227/4769/1658
f 6226/4768/1657 6227/4769/1658 6225/4767/1657
f 6230/4772/1659 6232/4774/1660 6231/4773/1660
f 6230/4772/1659 6231/4773/1660 6229/4771/1659
f 6234/4776/1661 6236/4778/1662 6235/4777/1662
f 6234/4776/1661 6235/4777/1662 6233/4775/1661
f 6238/4780/1663 6240/4782/1664 6239/4781/1664
f 6238/4780/1663 6239/4781/1664 6237/4779/1663
f 6242/4784/1665 6244/4786/1666 6243/4785/1666
f 6242/4784/1665 6243/4785/1666 6241/4783/1665
f 6246/4788/1667 6248/4790/1668 6247/4789/1668
f 6246/4788/1667 6247/4789/1668 6245/4787/1667
f 6250/4792/1669 6252/4794/1670 6251/4793/1670
f 6250/4792/1669 6251/4793/1670 6249/4791/1669
f 6254/4796/1671 6256/4798/1672 6255/4797/1672
f 6254/4796/1671 6255/4797/1672 6253/4795/1671
f 6258/4800/1673 6260/4802/1674 6259/4801/1674
f 6258/4800/1673 6259/4801/1674 6257/4799/1673
f 6262/4804/1675 6264/4806/1676 6263/4805/1676
f 6262/4804/1675 6263/4805/1676 6261/4803/1675
f 6266/4808/1677 6268/4810/1678 6267/4809/1678
f 6266/4808/1677 6267/4809/1678 6265/4807/1677
f 6270/4812/1679 6272/4814/1680 6271/4813/1680
f 6270/4812/1679 6271/4813/1680 6269/4811/1679
f 6274/4816/1681 6276/4818/1682 6275/4817/1682
f 6274/4816/1681 6275/4817/1682 6273/4815/1681
f 6278/4820/1683 6280/4822/1684 6279/4821/1684
f 6278/4820/1683 6279/4821/1684 6277/4819/1683
f 6282/4824/1685 6284/4826/1686 6283/4825/1686
f 6282/4824/1685 6283/4825/1686 6281/4823/1685
f 6286/4828/1687 6288/4830/1688 6287/4829/1688
f 6286/4828/1687 6287/4829/1688 6285/4827/1687
f 6290/4832/1689 6292/4834/1690 6291/4833/1690
f 6290/4832/1689 6291/4833/1690 6289/4831/1689
f 6294/4836/1691 6296/4838/1692 6295/4837/1692
f 6294/4836/1691 6295/4837/1692 6293/4835/1691
f 6298/4840/1693 6300/4842/1694 6299/4841/1694
f 6298/4840/1693 6299/4841/1694 6297/4839/1693
f 6302/4844/1695 6304/4846/1696 6303/4845/1696
f 6302/4844/1695 6303/4845/1696 6301/4843/1695
f 6306/4848/1697 6308/4850/1698 6307/4849/1698
f 6306/4848/1697 6307/4849/1698 6305/4847/1697
f 6310/4852/1699 6312/4854/1700 6311/4853/1700
f 6310/4852/1699 6311/4853/1700 6309/4851/1699
f 6314/4856/1701 6316/4858/1702 6315/4857/1702
f 6314/4856/1701 6315/4857/1702 6313/4855/1701
f 6318/4860/1703 6320/4862/1704 6319/4861/1704
f 6318/4860/1703 6319/4861/1704 6317/4859/1703
f 6322/4864/1705 6324/4866/1706 6323/4865/1706
f 6322/4864/1705 6323/4865/1706 6321/4863/1705
f 6326/4868/1707 6328/4870/1708 6327/4869/1708
f 6326/4868/1707 6327/4869/1708 6325/4867/1707
f 6330/4872/1709 6332/4874/1710 6331/4873/1710
f 6330/4872/1709 6331/4873/1710 6329/4871/1709
f 6334/4876/1711 6336/4878/1712 6335/4877/1712
f 6334/4876/1711 6335/4877/1712 6333/4875/1711
f 6338/4880/1713 6340/4882/1714 6339/4881/1714
f 6338/4880/1713 6339/4881/1714 6337/4879/1713
f 6342/4884/1715 6344/4886/1716 6343/4885/1716
f 6342/4884/1715 6343/4885/1716 6341/4883/1715
f 6346/4888/1717 6348/4890/1718 6347/4889/1718
f 6346/4888/1717 6347/4889/1718 6345/4887/1717
f 6350/4892/1719 6352/4894/1720 6351/4893/1720
f 6350/4892/1719 6351/4893/1720 6349/4891/1719
f 6354/4896/1721 6356/4898/1722 6355/4897/1722
f 6354/4896/1721 6355/4897/1722 6353/4895/1721
f 6358/4900/1723 6360/4902/1724 6359/4901/1724
f 6358/4900/1723 6359/4901/1724 6357/4899/1723
f 6362/4904/1725 6364/4906/1726 6363/4905/1726
f 6362/4904/1725 6363/4905/1726 6361/4903/1725
f 6366/4908/1727 6368/4910/1728 6367/4909/1728
f 6366/4908/1727 6367/4909/1728 6365/4907/1727
f 6370/4912/1729 6372/4914/1730 6371/4913/1730
f 6370/4912/1729 6371/4913/1730 6369/4911/1729
f 6374/4916/1731 6376/4918/1732 6375/4917/1732
f 6374/4916/1731 6375/4917/1732 6373/4915/1731
f 6378/4920/1733 6380/4922/1734 6379/4921/1734
f 6378/4920/1733 6379/4921/1734 6377/4919/1733
f 6382/4924/1735 6384/4926/1736 6383/4925/1736
f 6382/4924/1735 6383/4925/1736 6381/4923/1735
f 6386/4928/1737 6388/4930/1738 6387/4929/1738
f 6386/4928/1737 6387/4929/1738 6385/4927/1737
f 6390/4932/1739 6392/4934/1740 6391/4933/1740
f 6390/4932/1739 6391/4933/1740 6389/4931/1739
f 6394/4936/1741 6396/4938/1742 6395/4937/1742
f 6394/4936/1741 6395/4937/1742 6393/4935/1741
f 6398/4940/1743 6400/4942/1744 6399/4941/1744
f 6398/4940/1743 6399/4941/1744 6397/4939/1743
f 6402/4944/1745 6404/4946/1746 6403/4945/1746
f 6402/4944/1745 6403/4945/1746 6401/4943/1745
f 6406/4948/1747 6408/4950/1748 6407/4949/1748
f 6406/4948/1747 6407/4949/1748 6405/4947/1747
f 6410/4952/1749 6412/4954/1750 6411/4953/1750
f 6410/4952/1749 6411/4953/1750 6409/4951/1749
f 6414/4956/1751 6416/4958/1752 6415/4957/1752
f 6414/4956/1751 6415/4957/1752 6413/4955/1751
f 6418/4960/1753 6420/4962/1754 6419/4961/1754
f 6418/4960/1753 6419/4961/1754 6417/4959/1753
f 6422/4964/1755 6424/4966/1756 6423/4965/1756
f 6422/4964/1755 6423/4965/1756 6421/4963/1755
f 6426/4968/1757 6428/4970/1758 6427/4969/1758
f 6426/4968/1757 6427/4969/1758 6425/4967/1757
f 6430/4972/1759 6432/4974/1760 6431/4973/1760
f 6430/4972/1759 6431/4973/1760 6429/4971/1759
f 6434/4976/1761 6436/4978/1762 6435/4977/1762
f 6434/4976/1761 6435/4977/1762 6433/4975/1761
f 6438/4980/1763 6440/4982/1764 6439/4981/1764
f 6438/4980/1763 6439/4981/1764 6437/4979/1763
f 6442/4984/1765 6444/4986/1766 6443/4985/1766
f 6442/4984/1765 6443/4985/1766 6441/4983/1765
f 6446/4988/1767 6448/4990/1768 6447/4989/1768
f 6446/4988/1767 6447/4989/1768 6445/4987/1767
f 6450/4992/1769 6452/4994/1770 6451/4993/1770
f 6450/4992/1769 6451/4993/1770 6449/4991/1769
f 6454/4996/1771 6456/4998/1772 6455/4997/1772
f 6454/4996/1771 6455/4997/1772 6453/4995/1771
f 6458/5000/1773 6460/5002/1774 6459/5001/1774
f 6458/5000/1773 6459/5001/1774 6457/4999/1773
f 6462/5004/1775 6464/5006/1776 6463/5005/1776
f 6462/5004/1775 6463/5005/1776 6461/5003/1775
f 6466/5008/1777 6468/5010/1778 6467/5009/1778
f 6466/5008/1777 6467/5009/1778 6465/5007/1777
f 6470/5012/1779 6472/5014/1780 6471/5013/1780
f 6470/5012/1779 6471/5013/1780 6469/5011/1779
f 6474/5016/1781 6476/5018/1782 6475/5017/1782
f 6474/5016/1781 6475/5017/1782 6473/5015/1781
f 6478/5020/1783 6480/5022/1784 6479/5021/1784
f 6478/5020/1783 6479/5021/1784 6477/5019/1783
f 6482/5024/1785 6484/5026/1786 6483/5025/1786
f 6482/5024/1785 6483/5025/1786 6481/5023/1785
f 6486/5028/1787 6488/5030/1788 6487/5029/1788
f 6486/5028/1787 6487/5029/1788 6485/5027/1787
f 6490/5032/1789 6492/5034/1790 6491/5033/1790
f 6490/5032/1789 6491/5033/1790 6489/5031/1789
f 6494/5036/1791 6496/5038/1792 6495/5037/1792
f 6494/5036/1791 6495/5037/1792 6493/5035/1791
f 6498/5040/1793 6500/5042/1794 6499/5041/1794
f 6498/5040/1793 6499/5041/1794 6497/5039/1793
f 6502/5044/1795 6504/5046/1796 6503/5045/1796
f 6502/5044/1795 6503/5045/1796 6501/5043/1795
f 6506/5048/1797 6508/5050/1798 6507/5049/1798
f 6506/5048/1797 6507/5049/1798 6505/5047/1797
f 6510/5052/1799 6512/5054/1800 6511/5053/1800
f 6510/5052/1799 6511/5053/1800 6509/5051/1799
f 6514/5056/1801 6516/5058/1802 6515/5057/1802
f 6514/5056/1801 6515/5057/1802 6513/5055/1801
f 6518/5060/1803 6520/5062/1804 6519/5061/1804
f 6518/5060/1803 6519/5061/1804 6517/5059/1803
f 6522/5064/1805 6524/5066/1806 6523/5065/1806
f 6522/5064/1805 6523/5065/1806 6521/5063/1805
f 6526/5068/1807 6528/5070/1808 6527/5069/1808
f 6526/5068/1807 6527/5069/1808 6525/5067/1807
f 6530/5072/1809 6532/5074/1810 6531/5073/1810
f 6530/5072/1809 6531/5073/1810 6529/5071/1809
f 6534/5076/1811 6536/5078/1812 6535/5077/1812
f 6534/5076/1811 6535/5077/1812 6533/5075/1811
f 6538/5080/1813 6540/5082/1814 6539/5081/1814
f 6538/5080/1813 6539/5081/1814 6537/5079/1813
f 6542/5084/1815 6544/5086/1816 6543/5085/1816
f 6542/5084/1815 6543/5085/1816 6541/5083/1815
f 6546/5088/1817 6548/5090/1818 6547/5089/1818
f 6546/5088/1817 6547/5089/1818 6545/5087/1817
f 6550/5092/1819 6552/5094/1820 6551/5093/1820
f 6550/5092/1819 6551/5093/1820 6549/5091/1819
f 6554/5096/1821 6556/5098/1822 6555/5097/1822
f 6554/5096/1821 6555/5097/1822 6553/5095/1821
f 6558/5100/1823 6560/5102/1824 6559/5101/1824
f 6558/5100/1823 6559/5101/1824 6557/5099/1823
f 6562/5104/1825 6564/5106/1826 6563/5105/1826
f 6562/5104/1825 6563/5105/1826 6561/5103/1825
f 6566/5108/1827 6568/5110/1828 6567/5109/1828
f 6566/5108/1827 6567/5109/1828 6565/5107/1827
f 6570/5112/1829 6572/5114/1830 6571/5113/1830
f 6570/5112/1829 6571/5113/1830 6569/5111/1829
f 6574/5116/1831 6576/5118/1832 6575/5117/1832
f 6574/5116/1831 6575/5117/1832 6573/5115/1831
f 6578/5120/1833 6580/5122/1834 6579/5121/1834
f 6578/5120/1833 6579/5121/1834 6577/5119/1833
f 6582/5124/1835 6584/5126/1836 6583/5125/1836
f 6582/5124/1835 6583/5125/1836 6581/5123/1835
f 6586/5128/1837 6588/5130/1838 6587/5129/1838
f 6586/5128/1837 6587/5129/1838 6585/5127/1837
f 6590/5132/1839 6592/5134/1840 6591/5133/1840
f 6590/5132/1839 6591/5133/1840 6589/5131/1839
f 6594/5136/1841 6596/5138/1842 6595/5137/1842
f 6594/5136/1841 6595/5137/1842 6593/5135/1841
f 6598/5140/1843 6600/5142/1844 6599/5141/1844
f 6598/5140/1843 6599/5141/1844 6597/5139/1843
f 6602/5144/1845 6604/5146/1846 6603/5145/1846
f 6602/5144/1845 6603/5145/1846 6601/5143/1845
f 6606/5148/1847 6608/5150/1848 6607/5149/1848
f 6606/5148/1847 6607/5149/1848 6605/5147/1847
f 6610/5152/1849 6612/5154/1850 6611/5153/1850
f 6610/5152/1849 6611/5153/1850 6609/5151/1849
f 6614/5156/1851 6616/5158/1852 6615/5157/1852
f 6614/5156/1851 6615/5157/1852 6613/5155/1851
f 6618/5160/1853 6620/5162/1854 6619/5161/1854
f 6618/5160/1853 6619/5161/1854 6617/5159/1853
f 6622/5164/1855 6624/5166/1856 6623/5165/1856
f 6622/5164/1855 6623/5165/1856 6621/5163/1855
f 6626/5168/1857 6628/5170/1858 6627/5169/1858
f 6626/5168/1857 6627/5169/1858 6625/5167/1857
f 6630/5172/1859 6632/5174/1860 6631/5173/1860
f 6630/5172/1859 6631/5173/1860 6629/5171/1859
f 6634/5176/1861 6636/5178/1862 6635/5177/1862
f 6634/5176/1861 6635/5177/1862 6633/5175/1861
f 6638/5180/1863 6640/5182/1864 6639/5181/1864
f 6638/5180/1863 6639/5181/1864 6637/5179/1863
f 6642/5184/1865 6644/5186/1866 6643/5185/1866
f 6642/5184/1865 6643/5185/1866 6641/5183/1865
f 6646/5188/1867 6648/5190/1868 6647/5189/1868
f 6646/5188/1867 6647/5189/1868 6645/5187/1867
f 6650/5192/1869 6652/5194/1870 6651/5193/1870
f 6650/5192/1869 6651/5193/1870 6649/5191/1869
f 6654/5196/1871 6656/5198/1872 6655/5197/1872
f 6654/5196/1871 6655/5197/1872 6653/5195/1871
f 6658/5200/1873 6660/5202/1874 6659/5201/1874
f 6658/5200/1873 6659/5201/1874 6657/5199/1873
f 6662/5204/1875 6664/5206/1876 6663/5205/1876
f 6662/5204/1875 6663/5205/1876 6661/5203/1875
f 6666/5208/1877 6668/5210/1878 6667/5209/1878
f 6666/5208/1877 6667/5209/1878 6665/5207/1877
f 6670/5212/1879 6672/5214/1880 6671/5213/1880
f 6670/5212/1879 6671/5213/1880 6669/5211/1879
f 6674/5216/1881 6676/5218/1882 6675/5217/1882
f 6674/5216/1881 6675/5217/1882 6673/5215/1881
f 6678/5220/1883 6680/5222/1884 6679/5221/1884
f 6678/5220/1883 6679/5221/1884 6677/5219/1883
f 6682/5224/1885 6684/5226/1886 6683/5225/1886
f 6682/5224/1885 6683/5225/1886 6681/5223/1885
f 6686/5228/1887 6688/5230/1888 6687/5229/1888
f 6686/5228/1887 6687/5229/1888 6685/5227/1887
f 6690/5232/1889 6692/5234/1890 6691/5233/1890
f 6690/5232/1889 6691/5233/1890 6689/5231/1889
f 6694/5236/1891 6696/5238/1892 6695/5237/1892
f 6694/5236/1891 6695/5237/1892 6693/5235/1891
f 6698/5240/1893 6700/5242/1894 6699/5241/1894
f 6698/5240/1893 6699/5241/1894 6697/5239/1893
f 6702/5244/1895 6704/5246/1896 6703/5245/1896
f 6702/5244/1895 6703/5245/1896 6701/5243/1895
f 6706/5248/1897 6708/5250/1898 6707/5249/1898
f 6706/5248/1897 6707/5249/1898 6705/5247/1897
f 6710/5252/1899 6712/5254/1900 6711/5253/1900
f 6710/5252/1899 6711/5253/1900 6709/5251/1899
f 6714/5256/1901 6716/5258/1902 6715/5257/1902
f 6714/5256/1901 6715/5257/1902 6713/5255/1901
f 6718/5260/1903 6720/5262/1904 6719/5261/1904
f 6718/5260/1903 6719/5261/1904 6717/5259/1903
f 6722/5264/1905 6724/5266/1906 6723/5265/1906
f 6722/5264/1905 6723/5265/1906 6721/5263/1905
f 6726/5268/1907 6728/5270/1908 6727/5269/1908
f 6726/5268/1907 6727/5269/1908 6725/5267/1907
f 6730/5272/1909 6732/5274/1910 6731/5273/1910
f 6730/5272/1909 6731/5273/1910 6729/5271/1909
f 6734/5276/1911 6736/5278/1912 6735/5277/1912
f 6734/5276/1911 6735/5277/1912 6733/5275/1911
f 6738/5280/1913 6740/5282/1914 6739/5281/1914
f 6738/5280/1913 6739/5281/1914 6737/5279/1913
f 6742/5284/1915 6744/5286/1916 6743/5285/1916
f 6742/5284/1915 6743/5285/1916 6741/5283/1915
f 6746/5288/1917 6748/5290/1918 6747/5289/1918
f 6746/5288/1917 6747/5289/1918 6745/5287/1917
f 6750/5292/1919 6752/5294/1920 6751/5293/1920
f 6750/5292/1919 6751/5293/1920 6749/5291/1919
f 6754/5296/1921 6756/5298/1922 6755/5297/1922
f 6754/5296/1921 6755/5297/1922 6753/5295/1921
f 6758/5300/1923 6760/5302/1924 6759/5301/1924
f 6758/5300/1923 6759/5301/1924 6757/5299/1923
f 6762/5304/1925 6764/5306/1926 6763/5305/1926
f 6762/5304/1925 6763/5305/1926 6761/5303/1925
f 6766/5308/1927 6768/5310/1928 6767/5309/1928
f 6766/5308/1927 6767/5309/1928 6765/5307/1927
f 6770/5312/1929 6772/5314/1930 6771/5313/1930
f 6770/5312/1929 6771/5313/1930 6769/5311/1929
f 6774/5316/1931 6776/5318/1932 6775/5317/1932
f 6774/5316/1931 6775/5317/1932 6773/5315/1931
f 6778/5320/1933 6780/5322/1934 6779/5321/1934
f 6778/5320/1933 6779/5321/1934 6777/5319/1933
f 6782/5324/1935 6784/5326/1936 6783/5325/1936
f 6782/5324/1935 6783/5325/1936 6781/5323/1935
f 6786/5328/1937 6788/5330/1938 6787/5329/1938
f 6786/5328/1937 6787/5329/1938 6785/5327/1937
f 6790/5332/1939 6792/5334/1940 6791/5333/1940
f 6790/5332/1939 6791/5333/1940 6789/5331/1939
f 6794/5336/1941 6796/5338/1942 6795/5337/1942
f 6794/5336/1941 6795/5337/1942 6793/5335/1941
f 6798/5340/1943 6800/5342/1944 6799/5341/1944
f 6798/5340/1943 6799/5341/1944 6797/5339/1943
f 6802/5344/1945 6804/5346/1946 6803/5345/1946
f 6802/5344/1945 6803/5345/1946 6801/5343/1945
f 6806/5348/1947 6808/5350/1948 6807/5349/1948
f 6806/5348/1947 6807/5349/1948 6805/5347/1947
f 6810/5352/1949 6812/5354/1950 6811/5353/1950
f 6810/5352/1949 6811/5353/1950 6809/5351/1949
f 6814/5356/1951 6816/5358/1952 6815/5357/1952
f 6814/5356/1951 6815/5357/1952 6813/5355/1951
f 6818/5360/1953 6820/5362/1954 6819/5361/1954
f 6818/5360/1953 6819/5361/1954 6817/5359/1953
f 6822/5364/1955 6824/5366/1956 6823/5365/1956
f 6822/5364/1955 6823/5365/1956 6821/5363/1955
f 6826/5368/1957 6828/5370/1958 6827/5369/1958
f 6826/5368/1957 6827/5369/1958 6825/5367/1957
f 6830/5372/1959 6832/5374/1960 6831/5373/1960
f 6830/5372/1959 6831/5373/1960 6829/5371/1959
f 6834/5376/1961 6836/5378/1962 6835/5377/1962
f 6834/5376/1961 6835/5377/1962 6833/5375/1961
f 6838/5380/1963 6840/5382/1964 6839/5381/1964
f 6838/5380/1963 6839/5381/1964 6837/5379/1963
f 6842/5384/1965 6844/5386/1966 6843/5385/1966
f 6842/5384/1965 6843/5385/1966 6841/5383/1965
f 6846/5388/1967 6848/5390/1968 6847/5389/1968
f 6846/5388/1967 6847/5389/1968 6845/5387/1967
f 6850/5392/1969 6852/5394/1970 6851/5393/1970
f 6850/5392/1969 6851/5393/1970 6849/5391/1969
f 6854/5396/1971 6856/5398/1972 6855/5397/1972
f 6854/5396/1971 6855/5397/1972 6853/5395/1971
f 6858/5400/1973 6860/5402/1974 6859/5401/1974
f 6858/5400/1973 6859/5401/1974 6857/5399/1973
f 6862/5404/1975 6864/5406/1976 6863/5405/1976
f 6862/5404/1975 6863/5405/1976 6861/5403/1975
f 6866/5408/1977 6868/5410/1978 6867/5409/1978
f 6866/5408/1977 6867/5409/1978 6865/5407/1977
f 6870/5412/1979 6872/5414/1980 6871/5413/1980
f 6870/5412/1979 6871/5413/1980 6869/5411/1979
f 6874/5416/1981 6876/5418/1982 6875/5417/1982
f 6874/5416/1981 6875/5417/1982 6873/5415/1981
f 6878/5420/1983 6880/5422/1984 6879/5421/1984
f 6878/5420/1983 6879/5421/1984 6877/5419/1983
f 6882/5424/1985 6884/5426/1986 6883/5425/1986
f 6882/5424/1985 6883/5425/1986 6881/5423/1985
f 6886/5428/1987 6888/5430/1988 6887/5429/1988
f 6886/5428/1987 6887/5429/1988 6885/5427/1987
f 6890/5432/1989 6892/5434/1990 6891/5433/1990
f 6890/5432/1989 6891/5433/1990 6889/5431/1989
f 6894/5436/1991 6896/5438/1992 6895/5437/1992
f 6894/5436/1991 6895/5437/1992 6893/5435/1991
f 6898/5440/1993 6900/5442/1994 6899/5441/1994
f 6898/5440/1993 6899/5441/1994 6897/5439/1993
f 6902/5444/1995 6904/5446/1996 6903/5445/1996
f 6902/5444/1995 6903/5445/1996 6901/5443/1995
f 6906/5448/1997 6908/5450/1998 6907/5449/1998
f 6906/5448/1997 6907/5449/1998 6905/5447/1997
f 6910/5452/1999 6912/5454/2000 6911/5453/2000
f 6910/5452/1999 6911/5453/2000 6909/5451/1999
f 6914/5456/2001 6916/5458/2002 6915/5457/2002
f 6914/5456/2001 6915/5457/2002 6913/5455/2001
f 6918/5460/2003 6920/5462/2004 6919/5461/2004
f 6918/5460/2003 6919/5461/2004 6917/5459/2003
f 6922/5464/2005 6924/5466/2006 6923/5465/2006
f 6922/5464/2005 6923/5465/2006 6921/5463/2005
f 6926/5468/2007 6928/5470/2008 6927/5469/2008
f 6926/5468/2007 6927/5469/2008 6925/5467/2007
f 6930/5472/2009 6932/5474/2010 6931/5473/2010
f 6930/5472/2009 6931/5473/2010 6929/5471/2009
f 6934/5476/2011 6936/5478/2012 6935/5477/2012
f 6934/5476/2011 6935/5477/2012 6933/5475/2011
f 6938/5480/2013 6940/5482/2014 6939/5481/2014
f 6938/5480/2013 6939/5481/2014 6937/5479/2013
f 6942/5484/2015 6944/5486/2016 6943/5485/2016
f 6942/5484/2015 6943/5485/2016 6941/5483/2015
f 6946/5488/2017 6948/5490/2018 6947/5489/2018
f 6946/5488/2017 6947/5489/2018 6945/5487/2017
f 6950/5492/2019 6952/5494/2020 6951/5493/2020
f 6950/5492/2019 6951/5493/2020 6949/5491/2019
f 6954/5496/2021 6956/5498/2022 6955/5497/2022
f 6954/5496/2021 6955/5497/2022 6953/5495/2021
f 6958/5500/2023 6960/5502/2024 6959/5501/2024
f 6958/5500/2023 6959/5501/2024 6957/5499/2023
f 6962/5504/2025 6964/5506/2026 6963/5505/2026
f 6962/5504/2025 6963/5505/2026 6961/5503/2025
f 6966/5508/2027 6968/5510/2028 6967/5509/2028
f 6966/5508/2027 6967/5509/2028 6965/5507/2027
f 6970/5512/2029 6972/5514/2030 6971/5513/2030
f 6970/5512/2029 6971/5513/2030 6969/5511/2029
f 6974/5516/2031 6976/5518/2032 6975/5517/2032
f 6974/5516/2031 6975/5517/2032 6973/5515/2031
f 6978/5520/2033 6980/5522/2034 6979/5521/2034
f 6978/5520/2033 6979/5521/2034 6977/5519/2033
f 6982/5524/2035 6984/5526/2036 6983/5525/2036
f 6982/5524/2035 6983/5525/2036 6981/5523/2035
f 6986/5528/2037 6988/5530/2038 6987/5529/2038
f 6986/5528/2037 6987/5529/2038 6985/5527/2037
f 6990/5532/2039 6992/5534/2040 6991/5533/2040
f 6990/5532/2039 6991/5533/2040 6989/5531/2039
f 6994/5536/2041 6996/5538/2042 6995/5537/2042
f 6994/5536/2041 6995/5537/2042 6993/5535/2041
f 6998/5540/2043 7000/5542/2044 6999/5541/2044
f 6998/5540/2043 6999/5541/2044 6997/5539/2043
f 7002/5544/2045 7004/5546/2046 7003/5545/2046
f 7002/5544/2045 7003/5545/2046 7001/5543/2045
f 7006/5548/2047 7008/5550/2048 7007/5549/2048
f 7006/5548/2047 7007/5549/2048 7005/5547/2047
f 7010/5552/2049 7012/5554/2050 7011/5553/2050
f 7010/5552/2049 7011/5553/2050 7009/5551/2049
f 7014/5556/2051 7016/5558/2052 7015/5557/2052
f 7014/5556/2051 7015/5557/2052 7013/5555/2051
f 7018/5560/2053 7020/5562/2054 7019/5561/2054
f 7018/5560/2053 7019/5561/2054 7017/5559/2053
f 7022/5564/2055 7024/5566/2056 7023/5565/2056
f 7022/5564/2055 7023/5565/2056 7021/5563/2055
f 7026/5568/2057 7028/5570/2058 7027/5569/2058
f 7026/5568/2057 7027/5569/2058 7025/5567/2057
f 7030/5572/2059 7032/5574/2060 7031/5573/2060
f 7030/5572/2059 7031/5573/2060 7029/5571/2059
f 7034/5576/2061 7036/5578/2062 7035/5577/2062
f 7034/5576/2061 7035/5577/2062 7033/5575/2061
f 7038/5580/2063 7040/5582/2064 7039/5581/2064
f 7038/5580/2063 7039/5581/2064 7037/5579/2063
f 7042/5584/2065 7044/5586/2066 7043/5585/2066
f 7042/5584/2065 7043/5585/2066 7041/5583/2065
f 7046/5588/2067 7048/5590/2068 7047/5589/2068
f 7046/5588/2067 7047/5589/2068 7045/5587/2067
f 7050/5592/2069 7052/5594/2070 7051/5593/2070
f 7050/5592/2069 7051/5593/2070 7049/5591/2069
f 7054/5596/2071 7056/5598/2072 7055/5597/2072
f 7054/5596/2071 7055/5597/2072 7053/5595/2071
f 7058/5600/2073 7060/5602/2074 7059/5601/2074
f 7058/5600/2073 7059/5601/2074 7057/5599/2073
f 7062/5604/2075 7064/5606/2076 7063/5605/2076
f 7062/5604/2075 7063/5605/2076 7061/5603/2075
f 7066/5608/2077 7068/5610/2078 7067/5609/2078
f 7066/5608/2077 7067/5609/2078 7065/5607/2077
f 7070/5612/2079 7072/5614/2080 7071/5613/2080
f 7070/5612/2079 7071/5613/2080 7069/5611/2079
f 7074/5616/2081 7076/5618/2082 7075/5617/2082
f 7074/5616/2081 7075/5617/2082 7073/5615/2081
f 7078/5620/2083 7080/5622/2084 7079/5621/2084
f 7078/5620/2083 7079/5621/2084 7077/5619/2083
f 7082/5624/2085 7084/5626/2086 7083/5625/2086
f 7082/5624/2085 7083/5625/2086 7081/5623/2085
f 7086/5628/2087 7088/5630/2088 7087/5629/2088
f 7086/5628/2087 7087/5629/2088 7085/5627/2087
f 7090/5632/2089 7092/5634/2090 7091/5633/2090
f 7090/5632/2089 7091/5633/2090 7089/5631/2089
f 7094/5636/2091 7096/5638/2092 7095/5637/2092
f 7094/5636/2091 7095/5637/2092 7093/5635/2091
f 7098/5640/2093 7100/5642/2094 7099/5641/2094
f 7098/5640/2093 7099/5641/2094 7097/5639/2093
f 7102/5644/2095 7104/5646/2096 7103/5645/2096
f 7102/5644/2095 7103/5645/2096 7101/5643/2095
f 7106/5648/2097 7108/5650/2098 7107/5649/2098
f 7106/5648/2097 7107/5649/2098 7105/5647/2097
f 7110/5652/2099 7112/5654/2100 7111/5653/2100
f 7110/5652/2099 7111/5653/2100 7109/5651/2099
f 7114/5656/2101 7116/5658/2102 7115/5657/2102
f 7114/5656/2101 7115/5657/2102 7113/5655/2101
f 7118/5660/2103 7120/5662/2104 7119/5661/2104
f 7118/5660/2103 7119/5661/2104 7117/5659/2103
f 7122/5664/2105 7124/5666/2106 7123/5665/2106
f 7122/5664/2105 7123/5665/2106 7121/5663/2105
f 7126/5668/2107 7128/5670/2108 7127/5669/2108
f 7126/5668/2107 7127/5669/2108 7125/5667/2107
f 7130/5672/2109 7132/5674/2110 7131/5673/2110
f 7130/5672/2109 7131/5673/2110 7129/5671/2109
f 7134/5676/2111 7136/5678/2112 7135/5677/2112
f 7134/5676/2111 7135/5677/2112 7133/5675/2111
f 7138/5680/2113 7140/5682/2114 7139/5681/2114
f 7138/5680/2113 7139/5681/2114 7137/5679/2113
f 7142/5684/2115 7144/5686/2116 7143/5685/2116
f 7142/5684/2115 7143/5685/2116 7141/5683/2115
f 7146/5688/2117 7148/5690/2118 7147/5689/2118
f 7146/5688/2117 7147/5689/2118 7145/5687/2117
f 7150/5692/2119 7152/5694/2120 7151/5693/2120
f 7150/5692/2119 7151/5693/2120 7149/5691/2119
f 7154/5696/2121 7156/5698/2122 7155/5697/2122
f 7154/5696/2121 7155/5697/2122 7153/5695/2121
f 7158/5700/2123 7160/5702/2124 7159/5701/2124
f 7158/5700/2123 7159/5701/2124 7157/5699/2123
f 7162/5704/2125 7164/5706/2126 7163/5705/2126
f 7162/5704/2125 7163/5705/2126 7161/5703/2125
f 7166/5708/2127 7168/5710/2128 7167/5709/2128
f 7166/5708/2127 7167/5709/2128 7165/5707/2127
f 7170/5712/2129 7172/5714/2130 7171/5713/2130
f 7170/5712/2129 7171/5713/2130 7169/5711/2129
f 7174/5716/2131 7176/5718/2132 7175/5717/2132
f 7174/5716/2131 7175/5717/2132 7173/5715/2131
f 7178/5720/2133 7180/5722/2134 7179/5721/2134
f 7178/5720/2133 7179/5721/2134 7177/5719/2133
f 7182/5724/2135 7184/5726/2136 7183/5725/2136
f 7182/5724/2135 7183/5725/2136 7181/5723/2135
f 7186/5728/2137 7188/5730/2138 7187/5729/2138
f 7186/5728/2137 7187/5729/2138 7185/5727/2137
f 7190/5732/2139 7192/5734/2140 7191/5733/2140
f 7190/5732/2139 7191/5733/2140 7189/5731/2139
f 7194/5736/2141 7196/5738/2142 7195/5737/2142
f 7194/5736/2141 7195/5737/2142 7193/5735/2141
f 7198/5740/2143 7200/5742/2144 7199/5741/2144
f 7198/5740/2143 7199/5741/2144 7197/5739/2143
f 7202/5744/2145 7204/5746/2146 7203/5745/2146
f 7202/5744/2145 7203/5745/2146 7201/5743/2145
f 7206/5748/2147 7208/5750/2148 7207/5749/2148
f 7206/5748/2147 7207/5749/2148 7205/5747/2147
f 7210/5752/2149 7212/5754/2150 7211/5753/2150
f 7210/5752/2149 7211/5753/2150 7209/5751/2149
f 7214/5756/2151 7216/5758/2152 7215/5757/2152
f 7214/5756/2151 7215/5757/2152 7213/5755/2151
f 7218/5760/2153 7220/5762/2154 7219/5761/2154
f 7218/5760/2153 7219/5761/2154 7217/5759/2153
f 7222/5764/2155 7224/5766/2156 7223/5765/2156
f 7222/5764/2155 7223/5765/2156 7221/5763/2155
f 7226/5768/2157 7228/5770/2158 7227/5769/2158
f 7226/5768/2157 7227/5769/2158 7225/5767/2157
f 7230/5772/2159 7232/5774/2160 7231/5773/2160
f 7230/5772/2159 7231/5773/2160 7229/5771/2159
f 7234/5776/2161 7236/5778/2162 7235/5777/2162
f 7234/5776/2161 7235/5777/2162 7233/5775/2161
f 7238/5780/2163 7240/5782/2164 7239/5781/2164
f 7238/5780/2163 7239/5781/2164 7237/5779/2163
f 7242/5784/2165 7244/5786/2166 7243/5785/2166
f 7242/5784/2165 7243/5785/2166 7241/5783/2165
f 7246/5788/2167 7248/5790/2168 7247/5789/2168
f 7246/5788/2167 7247/5789/2168 7245/5787/2167
f 7250/5792/2169 7252/5794/2170 7251/5793/2170
f 7250/5792/2169 7251/5793/2170 7249/5791/2169
f 7254/5796/2171 7256/5798/2172 7255/5797/2172
f 7254/5796/2171 7255/5797/2172 7253/5795/2171
f 7258/5800/2173 7260/5802/2174 7259/5801/2174
f 7258/5800/2173 7259/5801/2174 7257/5799/2173
f 7262/5804/2175 7264/5806/2176 7263/5805/2176
f 7262/5804/2175 7263/5805/2176 7261/5803/2175
f 7266/5808/2177 7268/5810/2178 7267/5809/2178
f 7266/5808/2177 7267/5809/2178 7265/5807/2177
f 7270/5812/2179 7272/5814/2180 7271/5813/2180
f 7270/5812/2179 7271/5813/2180 7269/5811/2179
f 7274/5816/2181 7276/5818/2182 7275/5817/2182
f 7274/5816/2181 7275/5817/2182 7273/5815/2181
f 7278/5820/2183 7280/5822/2184 7279/5821/2184
f 7278/5820/2183 7279/5821/2184 7277/5819/2183
f 7282/5824/2185 7284/5826/2186 7283/5825/2186
f 7282/5824/2185 7283/5825/2186 7281/5823/2185
f 7286/5828/2187 7288/5830/2188 7287/5829/2188
f 7286/5828/2187 7287/5829/2188 7285/5827/2187
f 7290/5832/2189 7292/5834/2190 7291/5833/2190
f 7290/5832/2189 7291/5833/2190 7289/5831/2189
f 7294/5836/2191 7296/5838/2192 7295/5837/2192
f 7294/5836/2191 7295/5837/2192 7293/5835/2191
f 7298/5840/2193 7300/5842/2194 7299/5841/2194
f 7298/5840/2193 7299/5841/2194 7297/5839/2193
f 7302/5844/2195 7304/5846/2196 7303/5845/2196
f 7302/5844/2195 7303/5845/2196 7301/5843/2195
f 7306/5848/2197 7308/5850/2198 7307/5849/2198
f 7306/5848/2197 7307/5849/2198 7305/5847/2197
f 7310/5852/2199 7312/5854/2200 7311/5853/2200
f 7310/5852/2199 7311/5853/2200 7309/5851/2199
f 7314/5856/2201 7316/5858/2202 7315/5857/2202
f 7314/5856/2201 7315/5857/2202 7313/5855/2201
f 7318/5860/2203 7320/5862/2204 7319/5861/2204
f 7318/5860/2203 7319/5861/2204 7317/5859/2203
f 7322/5864/2205 7324/5866/2206 7323/5865/2206
f 7322/5864/2205 7323/5865/2206 7321/5863/2205
f 7326/5868/2207 7328/5870/2208 7327/5869/2208
f 7326/5868/2207 7327/5869/2208 7325/5867/2207
f 7330/5872/2209 7332/5874/2210 7331/5873/2210
f 7330/5872/2209 7331/5873/2210 7329/5871/2209
f 7334/5876/2211 7336/5878/2212 7335/5877/2212
f 7334/5876/2211 7335/5877/2212 7333/5875/2211
f 7338/5880/2213 7340/5882/2214 7339/5881/2214
f 7338/5880/2213 7339/5881/2214 7337/5879/2213
f 7342/5884/2215 7344/5886/2216 7343/5885/2216
f 7342/5884/2215 7343/5885/2216 7341/5883/2215
f 7346/5888/2217 7348/5890/2218 7347/5889/2218
f 7346/5888/2217 7347/5889/2218 7345/5887/2217
f 7350/5892/2219 7352/5894/2220 7351/5893/2220
f 7350/5892/2219 7351/5893/2220 7349/5891/2219
f 7354/5896/2221 7356/5898/2222 7355/5897/2222
f 7354/5896/2221 7355/5897/2222 7353/5895/2221
f 7358/5900/2223 7360/5902/2224 7359/5901/2224
f 7358/5900/2223 7359/5901/2224 7357/5899/2223
f 7362/5904/2225 7364/5906/2226 7363/5905/2226
f 7362/5904/2225 7363/5905/2226 7361/5903/2225
f 7366/5908/2227 7368/5910/2228 7367/5909/2228
f 7366/5908/2227 7367/5909/2228 7365/5907/2227
f 7370/5912/2229 7372/5914/2230 7371/5913/2230
f 7370/5912/2229 7371/5913/2230 7369/5911/2229
f 7374/5916/2231 7376/5918/2232 7375/5917/2232
f 7374/5916/2231 7375/5917/2232 7373/5915/2231
f 7378/5920/2233 7380/5922/2234 7379/5921/2234
f 7378/5920/2233 7379/5921/2234 7377/5919/2233
f 7382/5924/2235 7384/5926/2236 7383/5925/2236
f 7382/5924/2235 7383/5925/2236 7381/5923/2235
f 7386/5928/2237 7388/5930/2238 7387/5929/2238
f 7386/5928/2237 7387/5929/2238 7385/5927/2237
f 7390/5932/2239 7392/5934/2240 7391/5933/2240
f 7390/5932/2239 7391/5933/2240 7389/5931/2239
f 7394/5936/2241 7396/5938/2242 7395/5937/2242
f 7394/5936/2241 7395/5937/2242 7393/5935/2241
f 7398/5940/2243 7400/5942/2244 7399/5941/2244
f 7398/5940/2243 7399/5941/2244 7397/5939/2243
f 7402/5944/2245 7404/5946/2246 7403/5945/2246
f 7402/5944/2245 7403/5945/2246 7401/5943/2245
f 7406/5948/2247 7408/5950/2248 7407/5949/2248
f 7406/5948/2247 7407/5949/2248 7405/5947/2247
f 7410/5952/2249 7412/5954/2250 7411/5953/2250
f 7410/5952/2249 7411/5953/2250 7409/5951/2249
f 7414/5956/2251 7416/5958/2252 7415/5957/2252
f 7414/5956/2251 7415/5957/2252 7413/5955/2251
f 7418/5960/2253 7420/5962/2254 7419/5961/2254
f 7418/5960/2253 7419/5961/2254 7417/5959/2253
f 7422/5964/2255 7424/5966/2256 7423/5965/2256
f 7422/5964/2255 7423/5965/2256 7421/5963/2255
f 7426/5968/2257 7428/5970/2258 7427/5969/2258
f 7426/5968/2257 7427/5969/2258 7425/5967/2257
f 7430/5972/2259 7432/5974/2260 7431/5973/2260
f 7430/5972/2259 7431/5973/2260 7429/5971/2259
f 7434/5976/2261 7436/5978/2262 7435/5977/2262
f 7434/5976/2261 7435/5977/2262 7433/5975/2261
f 7438/5980/2263 7440/5982/2264 7439/5981/2264
f 7438/5980/2263 7439/5981/2264 7437/5979/2263
f 7442/5984/2265 7444/5986/2266 7443/5985/2266
f 7442/5984/2265 7443/5985/2266 7441/5983/2265
f 7446/5988/2267 7448/5990/2268 7447/5989/2268
f 7446/5988/2267 7447/5989/2268 7445/5987/2267
f 7450/5992/2269 7452/5994/2270 7451/5993/2270
f 7450/5992/2269 7451/5993/2270 7449/5991/2269
f 7454/5996/2271 7456/5998/2272 7455/5997/2272
f 7454/5996/2271 7455/5997/2272 7453/5995/2271
f 7458/6000/2273 7460/6002/2274 7459/6001/2274
f 7458/6000/2273 7459/6001/2274 7457/5999/2273
f 7462/6004/2275 7464/6006/2276 7463/6005/2276
f 7462/6004/2275 7463/6005/2276 7461/6003/2275
f 7466/6008/2277 7468/6010/2278 7467/6009/2278
f 7466/6008/2277 7467/6009/2278 7465/6007/2277
f 7470/6012/2279 7472/6014/2280 7471/6013/2280
f 7470/6012/2279 7471/6013/2280 7469/6011/2279
f 7474/6016/2281 7476/6018/2282 7475/6017/2282
f 7474/6016/2281 7475/6017/2282 7473/6015/2281
f 7478/6020/2283 7480/6022/2284 7479/6021/2284
f 7478/6020/2283 7479/6021/2284 7477/6019/2283
f 7482/6024/2285 7484/6026/2286 7483/6025/2286
f 7482/6024/2285 7483/6025/2286 7481/6023/2285
f 7486/6028/2287 7488/6030/2288 7487/6029/2288
f 7486/6028/2287 7487/6029/2288 7485/6027/2287
f 7490/6032/2289 7492/6034/2290 7491/6033/2290
f 7490/6032/2289 7491/6033/2290 7489/6031/2289
f 7494/6036/2291 7496/6038/2292 7495/6037/2292
f 7494/6036/2291 7495/6037/2292 7493/6035/2291
f 7498/6040/2293 7500/6042/2294 7499/6041/2294
f 7498/6040/2293 7499/6041/2294 7497/6039/2293
f 7502/6044/2295 7504/6046/2296 7503/6045/2296
f 7502/6044/2295 7503/6045/2296 7501/6043/2295
f 7506/6048/2297 7508/6050/2298 7507/6049/2298
f 7506/6048/2297 7507/6049/2298 7505/6047/2297
f 7510/6052/2299 7512/6054/2300 7511/6053/2300
f 7510/6052/2299 7511/6053/2300 7509/6051/2299
f 7514/6056/2301 7516/6058/2302 7515/6057/2302
f 7514/6056/2301 7515/6057/2302 7513/6055/2301
f 7518/6060/2303 7520/6062/2304 7519/6061/2304
f 7518/6060/2303 7519/6061/2304 7517/6059/2303
f 7522/6064/2305 7524/6066/2306 7523/6065/2306
f 7522/6064/2305 7523/6065/2306 7521/6063/2305
f 7526/6068/2307 7528/6070/2308 7527/6069/2308
f 7526/6068/2307 7527/6069/2308 7525/6067/2307
f 7530/6072/2309 7532/6074/2310 7531/6073/2310
f 7530/6072/2309 7531/6073/2310 7529/6071/2309
f 7534/6076/2311 7536/6078/2312 7535/6077/2312
f 7534/6076/2311 7535/6077/2312 7533/6075/2311
f 7538/6080/2313 7540/6082/2314 7539/6081/2314
f 7538/6080/2313 7539/6081/2314 7537/6079/2313
f 7542/6084/2315 7544/6086/2316 7543/6085/2316
f 7542/6084/2315 7543/6085/2316 7541/6083/2315
f 7546/6088/2317 7548/6090/2318 7547/6089/2318
f 7546/6088/2317 7547/6089/2318 7545/6087/2317
f 7550/6092/2319 7552/6094/2320 7551/6093/2320
f 7550/6092/2319 7551/6093/2320 7549/6091/2319
f 7554/6096/2321 7556/6098/2322 7555/6097/2322
f 7554/6096/2321 7555/6097/2322 7553/6095/2321
f 7558/6100/2323 7560/6102/2324 7559/6101/2324
f 7558/6100/2323 7559/6101/2324 7557/6099/2323
f 7562/6104/2325 7564/6106/2326 7563/6105/2326
f 7562/6104/2325 7563/6105/2326 7561/6103/2325
f 7566/6108/2327 7568/6110/2328 7567/6109/2328
f 7566/6108/2327 7567/6109/2328 7565/6107/2327
f 7570/6112/2329 7572/6114/2330 7571/6113/2330
f 7570/6112/2329 7571/6113/2330 7569/6111/2329
f 7574/6116/2331 7576/6118/2332 7575/6117/2332
f 7574/6116/2331 7575/6117/2332 7573/6115/2331
f 7578/6120/2333 7580/6122/2334 7579/6121/2334
f 7578/6120/2333 7579/6121/2334 7577/6119/2333
f 7582/6124/2335 7584/6126/2336 7583/6125/2336
f 7582/6124/2335 7583/6125/2336 7581/6123/2335
f 7586/6128/2337 7588/6130/2338 7587/6129/2338
f 7586/6128/2337 7587/6129/2338 7585/6127/2337
f 7590/6132/2339 7592/6134/2340 7591/6133/2340
f 7590/6132/2339 7591/6133/2340 7589/6131/2339
f 7594/6136/2341 7596/6138/2342 7595/6137/2342
f 7594/6136/2341 7595/6137/2342 7593/6135/2341
f 7598/6140/2343 7600/6142/2344 7599/6141/2344
f 7598/6140/2343 7599/6141/2344 7597/6139/2343
f 7602/6144/2345 7604/6146/2346 7603/6145/2346
f 7602/6144/2345 7603/6145/2346 7601/6143/2345
f 7606/6148/2347 7608/6150/2348 7607/6149/2348
f 7606/6148/2347 7607/6149/2348 7605/6147/2347
f 7610/6152/2349 7612/6154/2350 7611/6153/2350
f 7610/6152/2349 7611/6153/2350 7609/6151/2349
f 7614/6156/2351 7616/6158/2352 7615/6157/2352
f 7614/6156/2351 7615/6157/2352 7613/6155/2351
f 7618/6160/2353 7620/6162/2354 7619/6161/2354
f 7618/6160/2353 7619/6161/2354 7617/6159/2353
f 7622/6164/2355 7624/6166/2356 7623/6165/2356
f 7622/6164/2355 7623/6165/2356 7621/6163/2355
f 7626/6168/2357 7628/6170/2358 7627/6169/2358
f 7626/6168/2357 7627/6169/2358 7625/6167/2357
f 7630/6172/2359 7632/6174/2360 7631/6173/2360
f 7630/6172/2359 7631/6173/2360 7629/6171/2359
f 7634/6176/2361 7636/6178/2362 7635/6177/2362
f 7634/6176/2361 7635/6177/2362 7633/6175/2361
f 7638/6180/2363 7640/6182/2364 7639/6181/2364
f 7638/6180/2363 7639/6181/2364 7637/6179/2363
f 7642/6184/2365 7644/6186/2366 7643/6185/2366
f 7642/6184/2365 7643/6185/2366 7641/6183/2365
f 7646/6188/2367 7648/6190/2368 7647/6189/2368
f 7646/6188/2367 7647/6189/2368 7645/6187/2367
f 7650/6192/2369 7652/6194/2370 7651/6193/2370
f 7650/6192/2369 7651/6193/2370 7649/6191/2369
f 7654/6196/2371 7656/6198/2372 7655/6197/2372
f 7654/6196/2371 7655/6197/2372 7653/6195/2371
f 7658/6200/2373 7660/6202/2374 7659/6201/2374
f 7658/6200/2373 7659/6201/2374 7657/6199/2373
f 7662/6204/2375 7664/6206/2376 7663/6205/2376
f 7662/6204/2375 7663/6205/2376 7661/6203/2375
f 7666/6208/2377 7668/6210/2378 7667/6209/2378
f 7666/6208/2377 7667/6209/2378 7665/6207/2377
f 7670/6212/2379 7672/6214/2380 7671/6213/2380
f 7670/6212/2379 7671/6213/2380 7669/6211/2379
f 7674/6216/2381 7676/6218/2382 7675/6217/2382
f 7674/6216/2381 7675/6217/2382 7673/6215/2381
f 7678/6220/2383 7680/6222/2384 7679/6221/2384
f 7678/6220/2383 7679/6221/2384 7677/6219/2383
f 7682/6224/2385 7684/6226/2386 7683/6225/2386
f 7682/6224/2385 7683/6225/2386 7681/6223/2385
f 7686/6228/2387 7688/6230/2388 7687/6229/2388
f 7686/6228/2387 7687/6229/2388 7685/6227/2387
f 7690/6232/2389 7692/6234/2390 7691/6233/2390
f 7690/6232/2389 7691/6233/2390 7689/6231/2389
f 7694/6236/2391 7696/6238/2392 7695/6237/2392
f 7694/6236/2391 7695/6237/2392 7693/6235/2391
f 7698/6240/2393 7700/6242/2394 7699/6241/2394
f 7698/6240/2393 7699/6241/2394 7697/6239/2393
f 7702/6244/2395 7704/6246/2396 7703/6245/2396
f 7702/6244/2395 7703/6245/2396 7701/6243/2395
f 7706/6248/2397 7708/6250/2398 7707/6249/2398
f 7706/6248/2397 7707/6249/2398 7705/6247/2397
f 7710/6252/2399 7712/6254/2400 7711/6253/2400
f 7710/6252/2399 7711/6253/2400 7709/6251/2399
f 7714/6256/2401 7716/6258/2402 7715/6257/2402
f 7714/6256/2401 7715/6257/2402 7713/6255/2401
f 7718/6260/2403 7720/6262/2404 7719/6261/2404
f 7718/6260/2403 7719/6261/2404 7717/6259/2403
f 7722/6264/2405 7724/6266/2406 7723/6265/2406
f 7722/6264/2405 7723/6265/2406 7721/6263/2405
f 7726/6268/2407 7728/6270/2408 7727/6269/2408
f 7726/6268/2407 7727/6269/2408 7725/6267/2407
f 7730/6272/2409 7732/6274/2410 7731/6273/2410
f 7730/6272/2409 7731/6273/2410 7729/6271/2409
f 7734/6276/2411 7736/6278/2412 7735/6277/2412
f 7734/6276/2411 7735/6277/2412 7733/6275/2411
f 7738/6280/2413 7740/6282/2414 7739/6281/2414
f 7738/6280/2413 7739/6281/2414 7737/6279/2413
f 7742/6284/2415 7744/6286/2416 7743/6285/2416
f 7742/6284/2415 7743/6285/2416 7741/6283/2415
f 7746/6288/2417 7748/6290/2418 7747/6289/2418
f 7746/6288/2417 7747/6289/2418 7745/6287/2417
f 7750/6292/2419 7752/6294/2420 7751/6293/2420
f 7750/6292/2419 7751/6293/2420 7749/6291/2419
f 7754/6296/2421 7756/6298/2422 7755/6297/2422
f 7754/6296/2421 7755/6297/2422 7753/6295/2421
f 7758/6300/2423 7760/6302/2424 7759/6301/2424
f 7758/6300/2423 7759/6301/2424 7757/6299/2423
f 7762/6304/2425 7764/6306/2426 7763/6305/2426
f 7762/6304/2425 7763/6305/2426 7761/6303/2425
f 7766/6308/2427 7768/6310/2428 7767/6309/2428
f 7766/6308/2427 7767/6309/2428 7765/6307/2427
f 7770/6312/2429 7772/6314/2430 7771/6313/2430
f 7770/6312/2429 7771/6313/2430 7769/6311/2429
f 7774/6316/2431 7776/6318/2432 7775/6317/2432
f 7774/6316/2431 7775/6317/2432 7773/6315/2431
f 7778/6320/2433 7780/6322/2434 7779/6321/2434
f 7778/6320/2433 7779/6321/2434 7777/6319/2433
f 7782/6324/2435 7784/6326/2436 7783/6325/2436
f 7782/6324/2435 7783/6325/2436 7781/6323/2435
f 7786/6328/2437 7788/6330/2438 7787/6329/2438
f 7786/6328/2437 7787/6329/2438 7785/6327/2437
f 7790/6332/2439 7792/6334/2440 7791/6333/2440
f 7790/6332/2439 7791/6333/2440 7789/6331/2439
f 7794/6336/2441 7796/6338/2442 7795/6337/2442
f 7794/6336/2441 7795/6337/2442 7793/6335/2441
f 7798/6340/2443 7800/6342/2444 7799/6341/2444
f 7798/6340/2443 7799/6341/2444 7797/6339/2443
f 7802/6344/2445 7804/6346/2446 7803/6345/2446
f 7802/6344/2445 7803/6345/2446 7801/6343/2445
f 7806/6348/2447 7808/6350/2448 7807/6349/2448
f 7806/6348/2447 7807/6349/2448 7805/6347/2447
f 7810/6352/2449 7812/6354/2450 7811/6353/2450
f 7810/6352/2449 7811/6353/2450 7809/6351/2449
f 7814/6356/2451 7816/6358/2452 7815/6357/2452
f 7814/6356/2451 7815/6357/2452 7813/6355/2451
f 7818/6360/2453 7820/6362/2454 7819/6361/2454
f 7818/6360/2453 7819/6361/2454 7817/6359/2453
f 7822/6364/2455 7824/6366/2456 7823/6365/2456
f 7822/6364/2455 7823/6365/2456 7821/6363/2455
f 7826/6368/2457 7828/6370/2458 7827/6369/2458
f 7826/6368/2457 7827/6369/2458 7825/6367/2457
f 7830/6372/2459 7832/6374/2460 7831/6373/2460
f 7830/6372/2459 7831/6373/2460 7829/6371/2459
f 7834/6376/2461 7836/6378/2462 7835/6377/2462
f 7834/6376/2461 7835/6377/2462 7833/6375/2461
f 7838/6380/2463 7840/6382/2464 7839/6381/2464
f 7838/6380/2463 7839/6381/2464 7837/6379/2463
f 7842/6384/2465 7844/6386/2466 7843/6385/2466
f 7842/6384/2465 7843/6385/2466 7841/6383/2465
f 7846/6388/2467 7848/6390/2468 7847/6389/2468
f 7846/6388/2467 7847/6389/2468 7845/6387/2467
f 7850/6392/2469 7852/6394/2470 7851/6393/2470
f 7850/6392/2469 7851/6393/2470 7849/6391/2469
f 7854/6396/2471 7856/6398/2472 7855/6397/2472
f 7854/6396/2471 7855/6397/2472 7853/6395/2471
f 7858/6400/2473 7860/6402/2474 7859/6401/2474
f 7858/6400/2473 7859/6401/2474 7857/6399/2473
f 7862/6404/2475 7864/6406/2476 7863/6405/2476
f 7862/6404/2475 7863/6405/2476 7861/6403/2475
f 7866/6408/2477 7868/6410/2478 7867/6409/2478
f 7866/6408/2477 7867/6409/2478 7865/6407/2477
f 7870/6412/2479 7872/6414/2480 7871/6413/2480
f 7870/6412/2479 7871/6413/2480 7869/6411/2479
f 7874/6416/2481 7876/6418/2482 7875/6417/2482
f 7874/6416/2481 7875/6417/2482 7873/6415/2481
f 7878/6420/2483 7880/6422/2484 7879/6421/2484
f 7878/6420/2483 7879/6421/2484 7877/6419/2483
f 7882/6424/2485 7884/6426/2486 7883/6425/2486
f 7882/6424/2485 7883/6425/2486 7881/6423/2485
f 7886/6428/2487 7888/6430/2488 7887/6429/2488
f 7886/6428/2487 7887/6429/2488 7885/6427/2487
f 7890/6432/2489 7892/6434/2490 7891/6433/2490
f 7890/6432/2489 7891/6433/2490 7889/6431/2489
f 7894/6436/2491 7896/6438/2492 7895/6437/2492
f 7894/6436/2491 7895/6437/2492 7893/6435/2491
f 7898/6440/2493 7900/6442/2494 7899/6441/2494
f 7898/6440/2493 7899/6441/2494 7897/6439/2493
f 7902/6444/2495 7904/6446/2496 7903/6445/2496
f 7902/6444/2495 7903/6445/2496 7901/6443/2495
f 7906/6448/2497 7908/6450/2498 7907/6449/2498
f 7906/6448/2497 7907/6449/2498 7905/6447/2497
f 7910/6452/2499 7912/6454/2500 7911/6453/2500
f 7910/6452/2499 7911/6453/2500 7909/6451/2499
f 7914/6456/2501 7916/6458/2502 7915/6457/2502
f 7914/6456/2501 7915/6457/2502 7913/6455/2501
f 7918/6460/2503 7920/6462/2504 7919/6461/2504
f 7918/6460/2503 7919/6461/2504 7917/6459/2503
f 7922/6464/2505 7924/6466/2506 7923/6465/2506
f 7922/6464/2505 7923/6465/2506 7921/6463/2505
f 7926/6468/2507 7928/6470/2508 7927/6469/2508
f 7926/6468/2507 7927/6469/2508 7925/6467/2507
f 7930/6472/2509 7932/6474/2510 7931/6473/2510
f 7930/6472/2509 7931/6473/2510 7929/6471/2509
f 7934/6476/2511 7936/6478/2512 7935/6477/2512
f 7934/6476/2511 7935/6477/2512 7933/6475/2511
f 7938/6480/2513 7940/6482/2514 7939/6481/2514
f 7938/6480/2513 7939/6481/2514 7937/6479/2513
f 7942/6484/2515 7944/6486/2516 7943/6485/2516
f 7942/6484/2515 7943/6485/2516 7941/6483/2515
f 7946/6488/2517 7948/6490/2518 7947/6489/2518
f 7946/6488/2517 7947/6489/2518 7945/6487/2517
f 7950/6492/2519 7952/6494/2520 7951/6493/2520
f 7950/6492/2519 7951/6493/2520 7949/6491/2519
f 7954/6496/2521 7956/6498/2522 7955/6497/2522
f 7954/6496/2521 7955/6497/2522 7953/6495/2521
f 7958/6500/2523 7960/6502/2524 7959/6501/2524
f 7958/6500/2523 7959/6501/2524 7957/6499/2523
f 7962/6504/2525 7964/6506/2526 7963/6505/2526
f 7962/6504/2525 7963/6505/2526 7961/6503/2525
f 7966/6508/2527 7968/6510/2528 7967/6509/2528
f 7966/6508/2527 7967/6509/2528 7965/6507/2527
f 7970/6512/2529 7972/6514/2530 7971/6513/2530
f 7970/6512/2529 7971/6513/2530 7969/6511/2529
f 7974/6516/2531 7976/6518/2532 7975/6517/2532
f 7974/6516/2531 7975/6517/2532 7973/6515/2531
f 7978/6520/2533 7980/6522/2534 7979/6521/2534
f 7978/6520/2533 7979/6521/2534 7977/6519/2533
f 7982/6524/2535 7984/6526/2536 7983/6525/2536
f 7982/6524/2535 7983/6525/2536 7981/6523/2535
f 7986/6528/2537 7988/6530/2538 7987/6529/2538
f 7986/6528/2537 7987/6529/2538 7985/6527/2537
f 7990/6532/2539 7992/6534/2540 7991/6533/2540
f 7990/6532/2539 7991/6533/2540 7989/6531/2539
f 7994/6536/2541 7996/6538/2542 7995/6537/2542
f 7994/6536/2541 7995/6537/2542 7993/6535/2541
f 7998/6540/2543 8000/6542/2544 7999/6541/2544
f 7998/6540/2543 7999/6541/2544 7997/6539/2543
f 8002/6544/2545 8004/6546/2546 8003/6545/2546
f 8002/6544/2545 8003/6545/2546 8001/6543/2545
f 8006/6548/2547 8008/6550/2548 8007/6549/2548
f 8006/6548/2547 8007/6549/2548 8005/6547/2547
f 8010/6552/2549 8012/6554/2550 8011/6553/2550
f 8010/6552/2549 8011/6553/2550 8009/6551/2549
f 8014/6556/2551 8016/6558/2552 8015/6557/2552
f 8014/6556/2551 8015/6557/2552 8013/6555/2551
f 8018/6560/2553 8020/6562/2554 8019/6561/2554
f 8018/6560/2553 8019/6561/2554 8017/6559/2553
f 8022/6564/2555 8024/6566/2556 8023/6565/2556
f 8022/6564/2555 8023/6565/2556 8021/6563/2555
f 8026/6568/2557 8028/6570/2558 8027/6569/2558
f 8026/6568/2557 8027/6569/2558 8025/6567/2557
f 8030/6572/2559 8032/6574/2560 8031/6573/2560
f 8030/6572/2559 8031/6573/2560 8029/6571/2559
f 8034/6576/2561 8036/6578/2562 8035/6577/2562
f 8034/6576/2561 8035/6577/2562 8033/6575/2561
f 8038/6580/2563 8040/6582/2564 8039/6581/2564
f 8038/6580/2563 8039/6581/2564 8037/6579/2563
f 8042/6584/2565 8044/6586/2566 8043/6585/2566
f 8042/6584/2565 8043/6585/2566 8041/6583/2565
f 8046/6588/2567 8048/6590/2568 8047/6589/2568
f 8046/6588/2567 8047/6589/2568 8045/6587/2567
f 8050/6592/2569 8052/6594/2570 8051/6593/2570
f 8050/6592/2569 8051/6593/2570 8049/6591/2569
f 8054/6596/2571 8056/6598/2572 8055/6597/2572
f 8054/6596/2571 8055/6597/2572 8053/6595/2571
f 8058/6600/2573 8060/6602/2574 8059/6601/2574
f 8058/6600/2573 8059/6601/2574 8057/6599/2573
f 8062/6604/2575 8064/6606/2576 8063/6605/2576
f 8062/6604/2575 8063/6605/2576 8061/6603/2575
f 8066/6608/2577 8068/6610/2578 8067/6609/2578
f 8066/6608/2577 8067/6609/2578 8065/6607/2577
f 8070/6612/2579 8072/6614/2580 8071/6613/2580
f 8070/6612/2579 8071/6613/2580 8069/6611/2579
f 8074/6616/2581 8076/6618/2582 8075/6617/2582
f 8074/6616/2581 8075/6617/2582 8073/6615/2581
f 8078/6620/2583 8080/6622/2584 8079/6621/2584
f 8078/6620/2583 8079/6621/2584 8077/6619/2583
f 8082/6624/2585 8084/6626/2586 8083/6625/2586
f 8082/6624/2585 8083/6625/2586 8081/6623/2585
f 8086/6628/2587 8088/6630/2588 8087/6629/2588
f 8086/6628/2587 8087/6629/2588 8085/6627/2587
f 8090/6632/2589 8092/6634/2590 8091/6633/2590
f 8090/6632/2589 8091/6633/2590 8089/6631/2589
f 8094/6636/2591 8096/6638/2592 8095/6637/2592
f 8094/6636/2591 8095/6637/2592 8093/6635/2591
f 8098/6640/2593 8100/6642/2594 8099/6641/2594
f 8098/6640/2593 8099/6641/2594 8097/6639/2593
f 8102/6644/2595 8104/6646/2596 8103/6645/2596
f 8102/6644/2595 8103/6645/2596 8101/6643/2595
f 8106/6648/2597 8108/6650/2598 8107/6649/2598
f 8106/6648/2597 8107/6649/2598 8105/6647/2597
f 8110/6652/2599 8112/6654/2600 8111/6653/2600
f 8110/6652/2599 8111/6653/2600 8109/6651/2599
f 8114/6656/2601 8116/6658/2602 8115/6657/2602
f 8114/6656/2601 8115/6657/2602 8113/6655/2601
f 8118/6660/2603 8120/6662/2604 8119/6661/2604
f 8118/6660/2603 8119/6661/2604 8117/6659/2603
f 8122/6664/2605 8124/6666/2606 8123/6665/2606
f 8122/6664/2605 8123/6665/2606 8121/6663/2605
f 8126/6668/2607 8128/6670/2608 8127/6669/2608
f 8126/6668/2607 8127/6669/2608 8125/6667/2607
f 8130/6672/2609 8132/6674/2610 8131/6673/2610
f 8130/6672/2609 8131/6673/2610 8129/6671/2609
f 8134/6676/2611 8136/6678/2612 8135/6677/2612
f 8134/6676/2611 8135/6677/2612 8133/6675/2611
f 8138/6680/2613 8140/6682/2614 8139/6681/2614
f 8138/6680/2613 8139/6681/2614 8137/6679/2613
f 8142/6684/2615 8144/6686/2616 8143/6685/2616
f 8142/6684/2615 8143/6685/2616 8141/6683/2615
f 8146/6688/2617 8148/6690/2618 8147/6689/2618
f 8146/6688/2617 8147/6689/2618 8145/6687/2617
f 8150/6692/2619 8152/6694/2620 8151/6693/2620
f 8150/6692/2619 8151/6693/2620 8149/6691/2619
f 8154/6696/2621 8156/6698/2622 8155/6697/2622
f 8154/6696/2621 8155/6697/2622 8153/6695/2621
f 8158/6700/2623 8160/6702/2624 8159/6701/2624
f 8158/6700/2623 8159/6701/2624 8157/6699/2623
f 8162/6704/2625 8164/6706/2626 8163/6705/2626
f 8162/6704/2625 8163/6705/2626 8161/6703/2625
f 8166/6708/2627 8168/6710/2628 8167/6709/2628
f 8166/6708/2627 8167/6709/2628 8165/6707/2627
f 8170/6712/2629 8172/6714/2630 8171/6713/2630
f 8170/6712/2629 8171/6713/2630 8169/6711/2629
f 8174/6716/2631 8176/6718/2632 8175/6717/2632
f 8174/6716/2631 8175/6717/2632 8173/6715/2631
f 8178/6720/2633 8180/6722/2634 8179/6721/2634
f 8178/6720/2633 8179/6721/2634 8177/6719/2633
f 8182/6724/2635 8184/6726/2636 8183/6725/2636
f 8182/6724/2635 8183/6725/2636 8181/6723/2635
f 8186/6728/2637 8188/6730/2638 8187/6729/2638
f 8186/6728/2637 8187/6729/2638 8185/6727/2637
f 8190/6732/2639 8192/6734/2640 8191/6733/2640
f 8190/6732/2639 8191/6733/2640 8189/6731/2639
f 8194/6736/2641 8196/6738/2642 8195/6737/2642
f 8194/6736/2641 8195/6737/2642 8193/6735/2641
f 8198/6740/2643 8200/6742/2644 8199/6741/2644
f 8198/6740/2643 8199/6741/2644 8197/6739/2643
f 8202/6744/2645 8204/6746/2646 8203/6745/2646
f 8202/6744/2645 8203/6745/2646 8201/6743/2645
f 8206/6748/2647 8208/6750/2648 8207/6749/2648
f 8206/6748/2647 8207/6749/2648 8205/6747/2647
f 8210/6752/2649 8212/6754/2650 8211/6753/2650
f 8210/6752/2649 8211/6753/2650 8209/6751/2649
f 8214/6756/2651 8216/6758/2652 8215/6757/2652
f 8214/6756/2651 8215/6757/2652 8213/6755/2651
f 8218/6760/2653 8220/6762/2654 8219/6761/2654
f 8218/6760/2653 8219/6761/2654 8217/6759/2653
f 8222/6764/2655 8224/6766/2656 8223/6765/2656
f 8222/6764/2655 8223/6765/2656 8221/6763/2655
f 8226/6768/2657 8228/6770/2658 8227/6769/2658
f 8226/6768/2657 8227/6769/2658 8225/6767/2657
f 8230/6772/2659 8232/6774/2660 8231/6773/2660
f 8230/6772/2659 8231/6773/2660 8229/6771/2659
f 8234/6776/2661 8236/6778/2662 8235/6777/2662
f 8234/6776/2661 8235/6777/2662 8233/6775/2661
f 8238/6780/2663 8240/6782/2664 8239/6781/2664
f 8238/6780/2663 8239/6781/2664 8237/6779/2663
f 8242/6784/2665 8244/6786/2666 8243/6785/2666
f 8242/6784/2665 8243/6785/2666 8241/6783/2665
f 8246/6788/2667 8248/6790/2668 8247/6789/2668
f 8246/6788/2667 8247/6789/2668 8245/6787/2667
f 8250/6792/2669 8252/6794/2670 8251/6793/2670
f 8250/6792/2669 8251/6793/2670 8249/6791/2669
f 8254/6796/2671 8256/6798/2672 8255/6797/2672
f 8254/6796/2671 8255/6797/2672 8253/6795/2671
f 8258/6800/2673 8260/6802/2674 8259/6801/2674
f 8258/6800/2673 8259/6801/2674 8257/6799/2673
f 8262/6804/2675 8264/6806/2676 8263/6805/2676
f 8262/6804/2675 8263/6805/2676 8261/6803/2675
f 8266/6808/2677 8268/6810/2678 8267/6809/2678
f 8266/6808/2677 8267/6809/2678 8265/6807/2677
f 8270/6812/2679 8272/6814/2680 8271/6813/2680
f 8270/6812/2679 8271/6813/2680 8269/6811/2679
f 8274/6816/2681 8276/6818/2682 8275/6817/2682
f 8274/6816/2681 8275/6817/2682 8273/6815/2681
f 8278/6820/2683 8280/6822/2684 8279/6821/2684
f 8278/6820/2683 8279/6821/2684 8277/6819/2683
f 8282/6824/2685 8284/6826/2686 8283/6825/2686
f 8282/6824/2685 8283/6825/2686 8281/6823/2685
f 8286/6828/2687 8288/6830/2688 8287/6829/2688
f 8286/6828/2687 8287/6829/2688 8285/6827/2687
f 8290/6832/2689 8292/6834/2690 8291/6833/2690
f 8290/6832/2689 8291/6833/2690 8289/6831/2689
f 8294/6836/2691 8296/6838/2692 8295/6837/2692
f 8294/6836/2691 8295/6837/2692 8293/6835/2691
f 8298/6840/2693 8300/6842/2694 8299/6841/2694
f 8298/6840/2693 8299/6841/2694 8297/6839/2693
f 8302/6844/2695 8304/6846/2696 8303/6845/2696
f 8302/6844/2695 8303/6845/2696 8301/6843/2695
f 8306/6848/2697 8308/6850/2698 8307/6849/2698
f 8306/6848/2697 8307/6849/2698 8305/6847/2697
f 8310/6852/2699 8312/6854/2700 8311/6853/2700
f 8310/6852/2699 8311/6853/2700 8309/6851/2699
f 8314/6856/2701 8316/6858/2702 8315/6857/2702
f 8314/6856/2701 8315/6857/2702 8313/6855/2701
f 8318/6860/2703 8320/6862/2704 8319/6861/2704
f 8318/6860/2703 8319/6861/2704 8317/6859/2703
f 8322/6864/2705 8324/6866/2706 8323/6865/2706
f 8322/6864/2705 8323/6865/2706 8321/6863/2705
f 8326/6868/2707 8328/6870/2708 8327/6869/2708
f 8326/6868/2707 8327/6869/2708 8325/6867/2707
f 8330/6872/2709 8332/6874/2710 8331/6873/2710
f 8330/6872/2709 8331/6873/2710 8329/6871/2709
f 8334/6876/2711 8336/6878/2712 8335/6877/2712
f 8334/6876/2711 8335/6877/2712 8333/6875/2711
f 8338/6880/2713 8340/6882/2714 8339/6881/2714
f 8338/6880/2713 8339/6881/2714 8337/6879/2713
f 8342/6884/2715 8344/6886/2716 8343/6885/2716
f 8342/6884/2715 8343/6885/2716 8341/6883/2715
f 8346/6888/2717 8348/6890/2718 8347/6889/2718
f 8346/6888/2717 8347/6889/2718 8345/6887/2717
f 8350/6892/2719 8352/6894/2720 8351/6893/2720
f 8350/6892/2719 8351/6893/2720 8349/6891/2719
f 8354/6896/2721 8356/6898/2722 8355/6897/2722
f 8354/6896/2721 8355/6897/2722 8353/6895/2721
f 8358/6900/2723 8360/6902/2724 8359/6901/2724
f 8358/6900/2723 8359/6901/2724 8357/6899/2723
f 8362/6904/2725 8364/6906/2726 8363/6905/2726
f 8362/6904/2725 8363/6905/2726 8361/6903/2725
f 8366/6908/2727 8368/6910/2728 8367/6909/2728
f 8366/6908/2727 8367/6909/2728 8365/6907/2727
f 8370/6912/2729 8372/6914/2730 8371/6913/2730
f 8370/6912/2729 8371/6913/2730 8369/6911/2729
f 8374/6916/2731 8376/6918/2732 8375/6917/2732
f 8374/6916/2731 8375/6917/2732 8373/6915/2731
f 8378/6920/2733 8380/6922/2734 8379/6921/2734
f 8378/6920/2733 8379/6921/2734 8377/6919/2733
f 8382/6924/2735 8384/6926/2736 8383/6925/2736
f 8382/6924/2735 8383/6925/2736 8381/6923/2735
f 8386/6928/2737 8388/6930/2738 8387/6929/2738
f 8386/6928/2737 8387/6929/2738 8385/6927/2737
f 8390/6932/2739 8392/6934/2740 8391/6933/2740
f 8390/6932/2739 8391/6933/2740 8389/6931/2739
f 8394/6936/2741 8396/6938/2742 8395/6937/2742
f 8394/6936/2741 8395/6937/2742 8393/6935/2741
f 8398/6940/2743 8400/6942/2744 8399/6941/2744
f 8398/6940/2743 8399/6941/2744 8397/6939/2743
f 8402/6944/2745 8404/6946/2746 8403/6945/2746
f 8402/6944/2745 8403/6945/2746 8401/6943/2745
f 8406/6948/2747 8408/6950/2748 8407/6949/2748
f 8406/6948/2747 8407/6949/2748 8405/6947/2747
f 8410/6952/2749 8412/6954/2750 8411/6953/2750
f 8410/6952/2749 8411/6953/2750 8409/6951/2749
f 8414/6956/2751 8416/6958/2752 8415/6957/2752
f 8414/6956/2751 8415/6957/2752 8413/6955/2751
f 8418/6960/2753 8420/6962/2754 8419/6961/2754
f 8418/6960/2753 8419/6961/2754 8417/6959/2753
f 8422/6964/2755 8424/6966/2756 8423/6965/2756
f 8422/6964/2755 8423/6965/2756 8421/6963/2755
f 8426/6968/2757 8428/6970/2758 8427/6969/2758
f 8426/6968/2757 8427/6969/2758 8425/6967/2757
f 8430/6972/2759 8432/6974/2760 8431/6973/2760
f 8430/6972/2759 8431/6973/2760 8429/6971/2759
f 8434/6976/2761 8436/6978/2762 8435/6977/2762
f 8434/6976/2761 8435/6977/2762 8433/6975/2761
f 8438/6980/2763 8440/6982/2764 8439/6981/2764
f 8438/6980/2763 8439/6981/2764 8437/6979/2763
f 8442/6984/2765 8444/6986/2766 8443/6985/2766
f 8442/6984/2765 8443/6985/2766 8441/6983/2765
f 8446/6988/2767 8448/6990/2768 8447/6989/2768
f 8446/6988/2767 8447/6989/2768 8445/6987/2767
f 8450/6992/2769 8452/6994/2770 8451/6993/2770
f 8450/6992/2769 8451/6993/2770 8449/6991/2769
f 8454/6996/2771 8456/6998/2772 8455/6997/2772
f 8454/6996/2771 8455/6997/2772 8453/6995/2771
f 8458/7000/2773 8460/7002/2774 8459/7001/2774
f 8458/7000/2773 8459/7001/2774 8457/6999/2773
f 8462/7004/2775 8464/7006/2776 8463/7005/2776
f 8462/7004/2775 8463/7005/2776 8461/7003/2775
f 8466/7008/2777 8468/7010/2778 8467/7009/2778
f 8466/7008/2777 8467/7009/2778 8465/7007/2777
f 8470/7012/2779 8472/7014/2780 8471/7013/2780
f 8470/7012/2779 8471/7013/2780 8469/7011/2779
f 8474/7016/2781 8476/7018/2782 8475/7017/2782
f 8474/7016/2781 8475/7017/2782 8473/7015/2781
f 8478/7020/2783 8480/7022/2784 8479/7021/2784
f 8478/7020/2783 8479/7021/2784 8477/7019/2783
f 8482/7024/2785 8484/7026/2786 8483/7025/2786
f 8482/7024/2785 8483/7025/2786 8481/7023/2785
f 8486/7028/2787 8488/7030/2788 8487/7029/2788
f 8486/7028/2787 8487/7029/2788 8485/7027/2787
f 8490/7032/2789 8492/7034/2790 8491/7033/2790
f 8490/7032/2789 8491/7033/2790 8489/7031/2789
f 8494/7036/2791 8496/7038/2792 8495/7037/2792
f 8494/7036/2791 8495/7037/2792 8493/7035/2791
f 8498/7040/2793 8500/7042/2794 8499/7041/2794
f 8498/7040/2793 8499/7041/2794 8497/7039/2793
f 8502/7044/2795 8504/7046/2796 8503/7045/2796
f 8502/7044/2795 8503/7045/2796 8501/7043/2795
f 8506/7048/2797 8508/7050/2798 8507/7049/2798
f 8506/7048/2797 8507/7049/2798 8505/7047/2797
f 8510/7052/2799 8512/7054/2800 8511/7053/2800
f 8510/7052/2799 8511/7053/2800 8509/7051/2799
f 8514/7056/2801 8516/7058/2802 8515/7057/2802
f 8514/7056/2801 8515/7057/2802 8513/7055/2801
f 8518/7060/2803 8520/7062/2804 8519/7061/2804
f 8518/7060/2803 8519/7061/2804 8517/7059/2803
f 8522/7064/2805 8524/7066/2806 8523/7065/2806
f 8522/7064/2805 8523/7065/2806 8521/7063/2805
f 8526/7068/2807 8528/7070/2808 8527/7069/2808
f 8526/7068/2807 8527/7069/2808 8525/7067/2807
f 8530/7072/2809 8532/7074/2810 8531/7073/2810
f 8530/7072/2809 8531/7073/2810 8529/7071/2809
f 8534/7076/2811 8536/7078/2812 8535/7077/2812
f 8534/7076/2811 8535/7077/2812 8533/7075/2811
f 8538/7080/2813 8540/7082/2814 8539/7081/2814
f 8538/7080/2813 8539/7081/2814 8537/7079/2813
f 8542/7084/2815 8544/7086/2816 8543/7085/2816
f 8542/7084/2815 8543/7085/2816 8541/7083/2815
f 8546/7088/2817 8548/7090/2818 8547/7089/2818
f 8546/7088/2817 8547/7089/2818 8545/7087/2817
f 8550/7092/2819 8552/7094/2820 8551/7093/2820
f 8550/7092/2819 8551/7093/2820 8549/7091/2819
f 8554/7096/2821 8556/7098/2822 8555/7097/2822
f 8554/7096/2821 8555/7097/2822 8553/7095/2821
f 8558/7100/2823 8560/7102/2824 8559/7101/2824
f 8558/7100/2823 8559/7101/2824 8557/7099/2823
f 8562/7104/2825 8564/7106/2826 8563/7105/2826
f 8562/7104/2825 8563/7105/2826 8561/7103/2825
f 8566/7108/2827 8568/7110/2828 8567/7109/2828
f 8566/7108/2827 8567/7109/2828 8565/7107/2827
f 8570/7112/2829 8572/7114/2830 8571/7113/2830
f 8570/7112/2829 8571/7113/2830 8569/7111/2829
f 8574/7116/2831 8576/7118/2832 8575/7117/2832
f 8574/7116/2831 8575/7117/2832 8573/7115/2831
f 8578/7120/2833 8580/7122/2834 8579/7121/2834
f 8578/7120/2833 8579/7121/2834 8577/7119/2833
f 8582/7124/2835 8584/7126/2836 8583/7125/2836
f 8582/7124/2835 8583/7125/2836 8581/7123/2835
f 8586/7128/2837 8588/7130/2838 8587/7129/2838
f 8586/7128/2837 8587/7129/2838 8585/7127/2837
f 8590/7132/2839 8592/7134/2840 8591/7133/2840
f 8590/7132/2839 8591/7133/2840 8589/7131/2839
f 8594/7136/2841 8596/7138/2842 8595/7137/2842
f 8594/7136/2841 8595/7137/2842 8593/7135/2841
f 8598/7140/2843 8600/7142/2844 8599/7141/2844
f 8598/7140/2843 8599/7141/2844 8597/7139/2843
f 8602/7144/2845 8604/7146/2846 8603/7145/2846
f 8602/7144/2845 8603/7145/2846 8601/7143/2845
f 8606/7148/2847 8608/7150/2848 8607/7149/2848
f 8606/7148/2847 8607/7149/2848 8605/7147/2847
f 8610/7152/2849 8612/7154/2850 8611/7153/2850
f 8610/7152/2849 8611/7153/2850 8609/7151/2849
f 8614/7156/2851 8616/7158/2852 8615/7157/2852
f 8614/7156/2851 8615/7157/2852 8613/7155/2851
f 8618/7160/2853 8620/7162/2854 8619/7161/2854
f 8618/7160/2853 8619/7161/2854 8617/7159/2853
f 8622/7164/2855 8624/7166/2856 8623/7165/2856
f 8622/7164/2855 8623/7165/2856 8621/7163/2855
f 8626/7168/2857 8628/7170/2858 8627/7169/2858
f 8626/7168/2857 8627/7169/2858 8625/7167/2857
f 8630/7172/2859 8632/7174/2860 8631/7173/2860
f 8630/7172/2859 8631/7173/2860 8629/7171/2859
f 8634/7176/2861 8636/7178/2862 8635/7177/2862
f 8634/7176/2861 8635/7177/2862 8633/7175/2861
f 8638/7180/2863 8640/7182/2864 8639/7181/2864
f 8638/7180/2863 8639/7181/2864 8637/7179/2863
f 8642/7184/2865 8644/7186/2866 8643/7185/2866
f 8642/7184/2865 8643/7185/2866 8641/7183/2865
f 8646/7188/2867 8648/7190/2868 8647/7189/2868
f 8646/7188/2867 8647/7189/2868 8645/7187/2867
f 8650/7192/2869 8652/7194/2870 8651/7193/2870
f 8650/7192/2869 8651/7193/2870 8649/7191/2869
f 8654/7196/2871 8656/7198/2872 8655/7197/2872
f 8654/7196/2871 8655/7197/2872 8653/7195/2871
f 8658/7200/2873 8660/7202/2874 8659/7201/2874
f 8658/7200/2873 8659/7201/2874 8657/7199/2873
f 8662/7204/2875 8664/7206/2876 8663/7205/2876
f 8662/7204/2875 8663/7205/2876 8661/7203/2875
f 8666/7208/2877 8668/7210/2878 8667/7209/2878
f 8666/7208/2877 8667/7209/2878 8665/7207/2877
f 8670/7212/2879 8672/7214/2880 8671/7213/2880
f 8670/7212/2879 8671/7213/2880 8669/7211/2879
f 8674/7216/2881 8676/7218/2882 8675/7217/2882
f 8674/7216/2881 8675/7217/2882 8673/7215/2881
f 8678/7220/2883 8680/7222/2884 8679/7221/2884
f 8678/7220/2883 8679/7221/2884 8677/7219/2883
f 8682/7224/2885 8684/7226/2886 8683/7225/2886
f 8682/7224/2885 8683/7225/2886 8681/7223/2885
f 8686/7228/2887 8688/7230/2888 8687/7229/2888
f 8686/7228/2887 8687/7229/2888 8685/7227/2887
f 8690/7232/2889 8692/7234/2890 8691/7233/2890
f 8690/7232/2889 8691/7233/2890 8689/7231/2889
f 8694/7236/2891 8696/7238/2892 8695/7237/2892
f 8694/7236/2891 8695/7237/2892 8693/7235/2891
f 8698/7240/2893 8700/7242/2894 8699/7241/2894
f 8698/7240/2893 8699/7241/2894 8697/7239/2893
f 8702/7244/2895 8704/7246/2896 8703/7245/2896
f 8702/7244/2895 8703/7245/2896 8701/7243/2895
f 8706/7248/2897 8708/7250/2898 8707/7249/2898
f 8706/7248/2897 8707/7249/2898 8705/7247/2897
f 8710/7252/2899 8712/7254/2900 8711/7253/2900
f 8710/7252/2899 8711/7253/2900 8709/7251/2899
f 8714/7256/2901 8716/7258/2902 8715/7257/2902
f 8714/7256/2901 8715/7257/2902 8713/7255/2901
f 8718/7260/2903 8720/7262/2904 8719/7261/2904
f 8718/7260/2903 8719/7261/2904 8717/7259/2903
f 8722/7264/2905 8724/7266/2906 8723/7265/2906
f 8722/7264/2905 8723/7265/2906 8721/7263/2905
f 8726/7268/2907 8728/7270/2908 8727/7269/2908
f 8726/7268/2907 8727/7269/2908 8725/7267/2907
f 8730/7272/2909 8732/7274/2910 8731/7273/2910
f 8730/7272/2909 8731/7273/2910 8729/7271/2909
f 8734/7276/2911 8736/7278/2912 8735/7277/2912
f 8734/7276/2911 8735/7277/2912 8733/7275/2911
f 8738/7280/2913 8740/7282/2914 8739/7281/2914
f 8738/7280/2913 8739/7281/2914 8737/7279/2913
f 8742/7284/2915 8744/7286/2916 8743/7285/2916
f 8742/7284/2915 8743/7285/2916 8741/7283/2915
f 8746/7288/2917 8748/7290/2918 8747/7289/2918
f 8746/7288/2917 8747/7289/2918 8745/7287/2917
